tablename,classification_name,feature_type,model_type,metric_type,dataset_rows,dataset_columns,time_taken,imbalance_ratio,random_state,score,status
kr-vs-kp,OpenML-CC18,Categorical,rf,Accuracy,3196,36,0.5169,1.0932,0,0.990625,success
kr-vs-kp,OpenML-CC18,Categorical,rf,Accuracy,3196,36,0.6001,1.0932,1,0.99375,success
kr-vs-kp,OpenML-CC18,Categorical,rf,Accuracy,3196,36,0.5778,1.0932,2,0.99375,success
kr-vs-kp,OpenML-CC18,Categorical,rf,Accuracy,3196,36,0.5771,1.0932,3,0.990625,success
kr-vs-kp,OpenML-CC18,Categorical,rf,Accuracy,3196,36,0.5282,1.0932,4,0.990625,success
kr-vs-kp,OpenML-CC18,Categorical,et,Accuracy,3196,36,0.5863,1.0932,0,0.990625,success
kr-vs-kp,OpenML-CC18,Categorical,et,Accuracy,3196,36,0.5569,1.0932,1,0.99375,success
kr-vs-kp,OpenML-CC18,Categorical,et,Accuracy,3196,36,0.556,1.0932,2,0.99375,success
kr-vs-kp,OpenML-CC18,Categorical,et,Accuracy,3196,36,0.5887,1.0932,3,0.990625,success
kr-vs-kp,OpenML-CC18,Categorical,et,Accuracy,3196,36,0.6045,1.0932,4,0.990625,success
kr-vs-kp,OpenML-CC18,Categorical,rotf,Accuracy,3196,36,3.4029,1.0932,0,0.99375,success
kr-vs-kp,OpenML-CC18,Categorical,rotf,Accuracy,3196,36,3.4373,1.0932,1,0.99375,success
kr-vs-kp,OpenML-CC18,Categorical,rotf,Accuracy,3196,36,3.3702,1.0932,2,0.99375,success
kr-vs-kp,OpenML-CC18,Categorical,rotf,Accuracy,3196,36,3.3642,1.0932,3,0.99375,success
kr-vs-kp,OpenML-CC18,Categorical,rotf,Accuracy,3196,36,3.5268,1.0932,4,0.99375,success
balance-scale,OpenML-CC18,Continuous,rf,Accuracy,625,4,0.3177,5.8864,0,0.888889,success
balance-scale,OpenML-CC18,Continuous,rf,Accuracy,625,4,0.2691,5.8864,1,0.873016,success
balance-scale,OpenML-CC18,Continuous,rf,Accuracy,625,4,0.3162,5.8864,2,0.888889,success
balance-scale,OpenML-CC18,Continuous,rf,Accuracy,625,4,0.288,5.8864,3,0.888889,success
balance-scale,OpenML-CC18,Continuous,rf,Accuracy,625,4,0.2328,5.8864,4,0.873016,success
balance-scale,OpenML-CC18,Continuous,et,Accuracy,625,4,0.2404,5.8864,0,0.873016,success
balance-scale,OpenML-CC18,Continuous,et,Accuracy,625,4,0.2378,5.8864,1,0.873016,success
balance-scale,OpenML-CC18,Continuous,et,Accuracy,625,4,0.248,5.8864,2,0.873016,success
balance-scale,OpenML-CC18,Continuous,et,Accuracy,625,4,0.2363,5.8864,3,0.873016,success
balance-scale,OpenML-CC18,Continuous,et,Accuracy,625,4,0.2481,5.8864,4,0.873016,success
balance-scale,OpenML-CC18,Continuous,rotf,Accuracy,625,4,0.4162,5.8864,0,0.936508,success
balance-scale,OpenML-CC18,Continuous,rotf,Accuracy,625,4,0.342,5.8864,1,0.952381,success
balance-scale,OpenML-CC18,Continuous,rotf,Accuracy,625,4,0.4146,5.8864,2,0.936508,success
balance-scale,OpenML-CC18,Continuous,rotf,Accuracy,625,4,0.4296,5.8864,3,0.936508,success
balance-scale,OpenML-CC18,Continuous,rotf,Accuracy,625,4,0.2828,5.8864,4,0.952381,success
mfeat-factors,OpenML-CC18,Continuous,rf,Accuracy,2000,216,1.8548,1.0,0,0.975,success
mfeat-factors,OpenML-CC18,Continuous,rf,Accuracy,2000,216,1.923,1.0,1,0.965,success
mfeat-factors,OpenML-CC18,Continuous,rf,Accuracy,2000,216,2.0614,1.0,2,0.965,success
mfeat-factors,OpenML-CC18,Continuous,rf,Accuracy,2000,216,1.8029,1.0,3,0.975,success
mfeat-factors,OpenML-CC18,Continuous,rf,Accuracy,2000,216,1.9342,1.0,4,0.97,success
mfeat-factors,OpenML-CC18,Continuous,et,Accuracy,2000,216,0.5484,1.0,0,0.965,success
mfeat-factors,OpenML-CC18,Continuous,et,Accuracy,2000,216,0.5045,1.0,1,0.965,success
mfeat-factors,OpenML-CC18,Continuous,et,Accuracy,2000,216,0.6005,1.0,2,0.965,success
mfeat-factors,OpenML-CC18,Continuous,et,Accuracy,2000,216,0.8012,1.0,3,0.97,success
mfeat-factors,OpenML-CC18,Continuous,et,Accuracy,2000,216,0.8159,1.0,4,0.96,success
mfeat-factors,OpenML-CC18,Continuous,rotf,Accuracy,2000,216,61.3489,1.0,0,0.97,success
mfeat-factors,OpenML-CC18,Continuous,rotf,Accuracy,2000,216,62.7881,1.0,1,0.975,success
mfeat-factors,OpenML-CC18,Continuous,rotf,Accuracy,2000,216,61.0357,1.0,2,0.975,success
mfeat-factors,OpenML-CC18,Continuous,rotf,Accuracy,2000,216,61.2225,1.0,3,0.97,success
mfeat-factors,OpenML-CC18,Continuous,rotf,Accuracy,2000,216,61.1034,1.0,4,0.97,success
mfeat-fourier,OpenML-CC18,Continuous,rf,Accuracy,2000,76,1.5405,1.0,0,0.825,success
mfeat-fourier,OpenML-CC18,Continuous,rf,Accuracy,2000,76,2.6025,1.0,1,0.815,success
mfeat-fourier,OpenML-CC18,Continuous,rf,Accuracy,2000,76,2.4128,1.0,2,0.805,success
mfeat-fourier,OpenML-CC18,Continuous,rf,Accuracy,2000,76,1.5446,1.0,3,0.805,success
mfeat-fourier,OpenML-CC18,Continuous,rf,Accuracy,2000,76,2.1766,1.0,4,0.82,success
mfeat-fourier,OpenML-CC18,Continuous,et,Accuracy,2000,76,0.7785,1.0,0,0.83,success
mfeat-fourier,OpenML-CC18,Continuous,et,Accuracy,2000,76,0.7191,1.0,1,0.8,success
mfeat-fourier,OpenML-CC18,Continuous,et,Accuracy,2000,76,0.74,1.0,2,0.82,success
mfeat-fourier,OpenML-CC18,Continuous,et,Accuracy,2000,76,0.7837,1.0,3,0.81,success
mfeat-fourier,OpenML-CC18,Continuous,et,Accuracy,2000,76,0.7525,1.0,4,0.825,success
mfeat-fourier,OpenML-CC18,Continuous,rotf,Accuracy,2000,76,27.8332,1.0,0,0.815,success
mfeat-fourier,OpenML-CC18,Continuous,rotf,Accuracy,2000,76,27.7272,1.0,1,0.845,success
mfeat-fourier,OpenML-CC18,Continuous,rotf,Accuracy,2000,76,27.2922,1.0,2,0.845,success
mfeat-fourier,OpenML-CC18,Continuous,rotf,Accuracy,2000,76,27.8585,1.0,3,0.835,success
mfeat-fourier,OpenML-CC18,Continuous,rotf,Accuracy,2000,76,27.7625,1.0,4,0.815,success
breast-w,OpenML-CC18,Continuous,rf,Accuracy,699,9,0.2128,1.8986,0,0.971429,success
breast-w,OpenML-CC18,Continuous,rf,Accuracy,699,9,0.2198,1.8986,1,0.971429,success
breast-w,OpenML-CC18,Continuous,rf,Accuracy,699,9,0.2137,1.8986,2,0.971429,success
breast-w,OpenML-CC18,Continuous,rf,Accuracy,699,9,0.1774,1.8986,3,0.971429,success
breast-w,OpenML-CC18,Continuous,rf,Accuracy,699,9,0.2376,1.8986,4,0.971429,success
breast-w,OpenML-CC18,Continuous,et,Accuracy,699,9,0.1253,1.8986,0,0.971429,success
breast-w,OpenML-CC18,Continuous,et,Accuracy,699,9,0.1274,1.8986,1,0.957143,success
breast-w,OpenML-CC18,Continuous,et,Accuracy,699,9,0.1462,1.8986,2,0.957143,success
breast-w,OpenML-CC18,Continuous,et,Accuracy,699,9,0.1259,1.8986,3,0.971429,success
breast-w,OpenML-CC18,Continuous,et,Accuracy,699,9,0.1263,1.8986,4,0.971429,success
breast-w,OpenML-CC18,Continuous,rotf,Accuracy,699,9,0.3846,1.8986,0,0.971429,success
breast-w,OpenML-CC18,Continuous,rotf,Accuracy,699,9,0.3914,1.8986,1,0.971429,success
breast-w,OpenML-CC18,Continuous,rotf,Accuracy,699,9,0.4137,1.8986,2,0.971429,success
breast-w,OpenML-CC18,Continuous,rotf,Accuracy,699,9,0.4253,1.8986,3,0.971429,success
breast-w,OpenML-CC18,Continuous,rotf,Accuracy,699,9,0.4691,1.8986,4,0.957143,success
mfeat-karhunen,OpenML-CC18,Continuous,rf,Accuracy,2000,64,2.1635,1.0,0,0.96,success
mfeat-karhunen,OpenML-CC18,Continuous,rf,Accuracy,2000,64,2.1926,1.0,1,0.965,success
mfeat-karhunen,OpenML-CC18,Continuous,rf,Accuracy,2000,64,2.1518,1.0,2,0.965,success
mfeat-karhunen,OpenML-CC18,Continuous,rf,Accuracy,2000,64,2.27,1.0,3,0.965,success
mfeat-karhunen,OpenML-CC18,Continuous,rf,Accuracy,2000,64,2.2999,1.0,4,0.96,success
mfeat-karhunen,OpenML-CC18,Continuous,et,Accuracy,2000,64,0.6956,1.0,0,0.965,success
mfeat-karhunen,OpenML-CC18,Continuous,et,Accuracy,2000,64,0.6952,1.0,1,0.965,success
mfeat-karhunen,OpenML-CC18,Continuous,et,Accuracy,2000,64,0.6774,1.0,2,0.965,success
mfeat-karhunen,OpenML-CC18,Continuous,et,Accuracy,2000,64,0.7014,1.0,3,0.97,success
mfeat-karhunen,OpenML-CC18,Continuous,et,Accuracy,2000,64,0.6912,1.0,4,0.96,success
mfeat-karhunen,OpenML-CC18,Continuous,rotf,Accuracy,2000,64,22.5321,1.0,0,0.95,success
mfeat-karhunen,OpenML-CC18,Continuous,rotf,Accuracy,2000,64,23.0401,1.0,1,0.955,success
mfeat-karhunen,OpenML-CC18,Continuous,rotf,Accuracy,2000,64,22.5538,1.0,2,0.965,success
mfeat-karhunen,OpenML-CC18,Continuous,rotf,Accuracy,2000,64,22.8575,1.0,3,0.955,success
mfeat-karhunen,OpenML-CC18,Continuous,rotf,Accuracy,2000,64,22.6781,1.0,4,0.955,success
mfeat-morphological,OpenML-CC18,Continuous,rf,Accuracy,2000,6,0.6525,1.0,0,0.67,success
mfeat-morphological,OpenML-CC18,Continuous,rf,Accuracy,2000,6,0.6501,1.0,1,0.66,success
mfeat-morphological,OpenML-CC18,Continuous,rf,Accuracy,2000,6,0.6448,1.0,2,0.66,success
mfeat-morphological,OpenML-CC18,Continuous,rf,Accuracy,2000,6,0.6613,1.0,3,0.655,success
mfeat-morphological,OpenML-CC18,Continuous,rf,Accuracy,2000,6,0.6755,1.0,4,0.67,success
mfeat-morphological,OpenML-CC18,Continuous,et,Accuracy,2000,6,0.4141,1.0,0,0.655,success
mfeat-morphological,OpenML-CC18,Continuous,et,Accuracy,2000,6,0.4249,1.0,1,0.675,success
mfeat-morphological,OpenML-CC18,Continuous,et,Accuracy,2000,6,0.4604,1.0,2,0.66,success
mfeat-morphological,OpenML-CC18,Continuous,et,Accuracy,2000,6,0.41,1.0,3,0.675,success
mfeat-morphological,OpenML-CC18,Continuous,et,Accuracy,2000,6,0.4188,1.0,4,0.665,success
mfeat-morphological,OpenML-CC18,Continuous,rotf,Accuracy,2000,6,2.2666,1.0,0,0.68,success
mfeat-morphological,OpenML-CC18,Continuous,rotf,Accuracy,2000,6,2.3021,1.0,1,0.685,success
mfeat-morphological,OpenML-CC18,Continuous,rotf,Accuracy,2000,6,2.3368,1.0,2,0.69,success
mfeat-morphological,OpenML-CC18,Continuous,rotf,Accuracy,2000,6,2.2604,1.0,3,0.685,success
mfeat-morphological,OpenML-CC18,Continuous,rotf,Accuracy,2000,6,2.2515,1.0,4,0.675,success
mfeat-zernike,OpenML-CC18,Continuous,rf,Accuracy,2000,47,1.9449,1.0,0,0.765,success
mfeat-zernike,OpenML-CC18,Continuous,rf,Accuracy,2000,47,2.0467,1.0,1,0.76,success
mfeat-zernike,OpenML-CC18,Continuous,rf,Accuracy,2000,47,1.9778,1.0,2,0.785,success
mfeat-zernike,OpenML-CC18,Continuous,rf,Accuracy,2000,47,1.9938,1.0,3,0.765,success
mfeat-zernike,OpenML-CC18,Continuous,rf,Accuracy,2000,47,1.912,1.0,4,0.775,success
mfeat-zernike,OpenML-CC18,Continuous,et,Accuracy,2000,47,0.6399,1.0,0,0.76,success
mfeat-zernike,OpenML-CC18,Continuous,et,Accuracy,2000,47,0.6544,1.0,1,0.77,success
mfeat-zernike,OpenML-CC18,Continuous,et,Accuracy,2000,47,0.6368,1.0,2,0.775,success
mfeat-zernike,OpenML-CC18,Continuous,et,Accuracy,2000,47,0.68,1.0,3,0.74,success
mfeat-zernike,OpenML-CC18,Continuous,et,Accuracy,2000,47,0.6207,1.0,4,0.78,success
mfeat-zernike,OpenML-CC18,Continuous,rotf,Accuracy,2000,47,19.1437,1.0,0,0.775,success
mfeat-zernike,OpenML-CC18,Continuous,rotf,Accuracy,2000,47,19.0689,1.0,1,0.79,success
mfeat-zernike,OpenML-CC18,Continuous,rotf,Accuracy,2000,47,19.4352,1.0,2,0.795,success
mfeat-zernike,OpenML-CC18,Continuous,rotf,Accuracy,2000,47,19.0726,1.0,3,0.785,success
mfeat-zernike,OpenML-CC18,Continuous,rotf,Accuracy,2000,47,19.1902,1.0,4,0.79,success
cmc,OpenML-CC18,Mixed,rf,Accuracy,1473,9,0.4816,1.893,0,0.547297,success
cmc,OpenML-CC18,Mixed,rf,Accuracy,1473,9,0.4743,1.893,1,0.527027,success
cmc,OpenML-CC18,Mixed,rf,Accuracy,1473,9,0.4861,1.893,2,0.527027,success
cmc,OpenML-CC18,Mixed,rf,Accuracy,1473,9,0.474,1.893,3,0.540541,success
cmc,OpenML-CC18,Mixed,rf,Accuracy,1473,9,0.488,1.893,4,0.540541,success
cmc,OpenML-CC18,Mixed,et,Accuracy,1473,9,0.4713,1.893,0,0.486486,success
cmc,OpenML-CC18,Mixed,et,Accuracy,1473,9,0.5144,1.893,1,0.5,success
cmc,OpenML-CC18,Mixed,et,Accuracy,1473,9,0.4498,1.893,2,0.506757,success
cmc,OpenML-CC18,Mixed,et,Accuracy,1473,9,0.4597,1.893,3,0.493243,success
cmc,OpenML-CC18,Mixed,et,Accuracy,1473,9,0.4728,1.893,4,0.506757,success
cmc,OpenML-CC18,Mixed,rotf,Accuracy,1473,9,1.745,1.893,0,0.513514,success
cmc,OpenML-CC18,Mixed,rotf,Accuracy,1473,9,1.7891,1.893,1,0.506757,success
cmc,OpenML-CC18,Mixed,rotf,Accuracy,1473,9,1.8161,1.893,2,0.513514,success
cmc,OpenML-CC18,Mixed,rotf,Accuracy,1473,9,1.9748,1.893,3,0.506757,success
cmc,OpenML-CC18,Mixed,rotf,Accuracy,1473,9,1.8475,1.893,4,0.52027,success
optdigits,OpenML-CC18,Continuous,rf,Accuracy,5620,64,1.4658,1.0301,0,0.978648,success
optdigits,OpenML-CC18,Continuous,rf,Accuracy,5620,64,1.436,1.0301,1,0.983986,success
optdigits,OpenML-CC18,Continuous,rf,Accuracy,5620,64,1.4995,1.0301,2,0.982206,success
optdigits,OpenML-CC18,Continuous,rf,Accuracy,5620,64,1.4875,1.0301,3,0.982206,success
optdigits,OpenML-CC18,Continuous,rf,Accuracy,5620,64,1.472,1.0301,4,0.985765,success
optdigits,OpenML-CC18,Continuous,et,Accuracy,5620,64,1.1052,1.0301,0,0.987544,success
optdigits,OpenML-CC18,Continuous,et,Accuracy,5620,64,1.0892,1.0301,1,0.989324,success
optdigits,OpenML-CC18,Continuous,et,Accuracy,5620,64,1.1218,1.0301,2,0.983986,success
optdigits,OpenML-CC18,Continuous,et,Accuracy,5620,64,1.0913,1.0301,3,0.991103,success
optdigits,OpenML-CC18,Continuous,et,Accuracy,5620,64,1.0887,1.0301,4,0.987544,success
optdigits,OpenML-CC18,Continuous,rotf,Accuracy,5620,64,24.6026,1.0301,0,0.985765,success
optdigits,OpenML-CC18,Continuous,rotf,Accuracy,5620,64,24.704,1.0301,1,0.983986,success
optdigits,OpenML-CC18,Continuous,rotf,Accuracy,5620,64,24.1043,1.0301,2,0.987544,success
optdigits,OpenML-CC18,Continuous,rotf,Accuracy,5620,64,24.3666,1.0301,3,0.982206,success
optdigits,OpenML-CC18,Continuous,rotf,Accuracy,5620,64,24.1113,1.0301,4,0.985765,success
credit-approval,OpenML-CC18,Mixed,rf,Accuracy,690,15,0.3643,1.2419,0,0.913043,success
credit-approval,OpenML-CC18,Mixed,rf,Accuracy,690,15,0.3566,1.2419,1,0.869565,success
credit-approval,OpenML-CC18,Mixed,rf,Accuracy,690,15,0.356,1.2419,2,0.913043,success
credit-approval,OpenML-CC18,Mixed,rf,Accuracy,690,15,0.4225,1.2419,3,0.898551,success
credit-approval,OpenML-CC18,Mixed,rf,Accuracy,690,15,0.37,1.2419,4,0.884058,success
credit-approval,OpenML-CC18,Mixed,et,Accuracy,690,15,0.305,1.2419,0,0.855072,success
credit-approval,OpenML-CC18,Mixed,et,Accuracy,690,15,0.2857,1.2419,1,0.869565,success
credit-approval,OpenML-CC18,Mixed,et,Accuracy,690,15,0.3045,1.2419,2,0.869565,success
credit-approval,OpenML-CC18,Mixed,et,Accuracy,690,15,0.3016,1.2419,3,0.869565,success
credit-approval,OpenML-CC18,Mixed,et,Accuracy,690,15,0.2861,1.2419,4,0.855072,success
credit-approval,OpenML-CC18,Mixed,rotf,Accuracy,690,15,1.9418,1.2419,0,0.869565,success
credit-approval,OpenML-CC18,Mixed,rotf,Accuracy,690,15,2.1655,1.2419,1,0.855072,success
credit-approval,OpenML-CC18,Mixed,rotf,Accuracy,690,15,1.9695,1.2419,2,0.884058,success
credit-approval,OpenML-CC18,Mixed,rotf,Accuracy,690,15,2.0138,1.2419,3,0.84058,success
credit-approval,OpenML-CC18,Mixed,rotf,Accuracy,690,15,1.8999,1.2419,4,0.869565,success
credit-g,OpenML-CC18,Mixed,rf,Accuracy,1000,20,0.4342,2.3333,0,0.82,success
credit-g,OpenML-CC18,Mixed,rf,Accuracy,1000,20,0.4454,2.3333,1,0.81,success
credit-g,OpenML-CC18,Mixed,rf,Accuracy,1000,20,0.4311,2.3333,2,0.77,success
credit-g,OpenML-CC18,Mixed,rf,Accuracy,1000,20,0.425,2.3333,3,0.79,success
credit-g,OpenML-CC18,Mixed,rf,Accuracy,1000,20,0.4449,2.3333,4,0.8,success
credit-g,OpenML-CC18,Mixed,et,Accuracy,1000,20,0.4019,2.3333,0,0.82,success
credit-g,OpenML-CC18,Mixed,et,Accuracy,1000,20,0.391,2.3333,1,0.82,success
credit-g,OpenML-CC18,Mixed,et,Accuracy,1000,20,0.3036,2.3333,2,0.8,success
credit-g,OpenML-CC18,Mixed,et,Accuracy,1000,20,0.3738,2.3333,3,0.81,success
credit-g,OpenML-CC18,Mixed,et,Accuracy,1000,20,0.3843,2.3333,4,0.79,success
credit-g,OpenML-CC18,Mixed,rotf,Accuracy,1000,20,3.1033,2.3333,0,0.77,success
credit-g,OpenML-CC18,Mixed,rotf,Accuracy,1000,20,3.086,2.3333,1,0.79,success
credit-g,OpenML-CC18,Mixed,rotf,Accuracy,1000,20,3.0366,2.3333,2,0.81,success
credit-g,OpenML-CC18,Mixed,rotf,Accuracy,1000,20,3.0705,2.3333,3,0.77,success
credit-g,OpenML-CC18,Mixed,rotf,Accuracy,1000,20,3.2055,2.3333,4,0.8,success
pendigits,OpenML-CC18,Continuous,rf,Accuracy,10992,16,2.2466,1.0854,0,0.994545,success
pendigits,OpenML-CC18,Continuous,rf,Accuracy,10992,16,2.2672,1.0854,1,0.993636,success
pendigits,OpenML-CC18,Continuous,rf,Accuracy,10992,16,2.6254,1.0854,2,0.991818,success
pendigits,OpenML-CC18,Continuous,rf,Accuracy,10992,16,2.3355,1.0854,3,0.991818,success
pendigits,OpenML-CC18,Continuous,rf,Accuracy,10992,16,2.261,1.0854,4,0.994545,success
pendigits,OpenML-CC18,Continuous,et,Accuracy,10992,16,1.0475,1.0854,0,0.994545,success
pendigits,OpenML-CC18,Continuous,et,Accuracy,10992,16,1.1074,1.0854,1,0.994545,success
pendigits,OpenML-CC18,Continuous,et,Accuracy,10992,16,1.1229,1.0854,2,0.993636,success
pendigits,OpenML-CC18,Continuous,et,Accuracy,10992,16,1.091,1.0854,3,0.995455,success
pendigits,OpenML-CC18,Continuous,et,Accuracy,10992,16,1.1734,1.0854,4,0.995455,success
pendigits,OpenML-CC18,Continuous,rotf,Accuracy,10992,16,29.82,1.0854,0,0.995455,success
pendigits,OpenML-CC18,Continuous,rotf,Accuracy,10992,16,30.4262,1.0854,1,0.996364,success
pendigits,OpenML-CC18,Continuous,rotf,Accuracy,10992,16,30.0554,1.0854,2,0.995455,success
pendigits,OpenML-CC18,Continuous,rotf,Accuracy,10992,16,31.1863,1.0854,3,0.994545,success
pendigits,OpenML-CC18,Continuous,rotf,Accuracy,10992,16,30.2237,1.0854,4,0.995455,success
diabetes,OpenML-CC18,Continuous,rf,Accuracy,768,8,0.3773,1.8672,0,0.831169,success
diabetes,OpenML-CC18,Continuous,rf,Accuracy,768,8,0.3631,1.8672,1,0.779221,success
diabetes,OpenML-CC18,Continuous,rf,Accuracy,768,8,0.3778,1.8672,2,0.844156,success
diabetes,OpenML-CC18,Continuous,rf,Accuracy,768,8,0.4917,1.8672,3,0.818182,success
diabetes,OpenML-CC18,Continuous,rf,Accuracy,768,8,0.3746,1.8672,4,0.844156,success
diabetes,OpenML-CC18,Continuous,et,Accuracy,768,8,0.3442,1.8672,0,0.766234,success
diabetes,OpenML-CC18,Continuous,et,Accuracy,768,8,0.2703,1.8672,1,0.753247,success
diabetes,OpenML-CC18,Continuous,et,Accuracy,768,8,0.2796,1.8672,2,0.844156,success
diabetes,OpenML-CC18,Continuous,et,Accuracy,768,8,0.2654,1.8672,3,0.805195,success
diabetes,OpenML-CC18,Continuous,et,Accuracy,768,8,0.2722,1.8672,4,0.805195,success
diabetes,OpenML-CC18,Continuous,rotf,Accuracy,768,8,1.0043,1.8672,0,0.818182,success
diabetes,OpenML-CC18,Continuous,rotf,Accuracy,768,8,1.0421,1.8672,1,0.831169,success
diabetes,OpenML-CC18,Continuous,rotf,Accuracy,768,8,1.0335,1.8672,2,0.844156,success
diabetes,OpenML-CC18,Continuous,rotf,Accuracy,768,8,1.1294,1.8672,3,0.857143,success
diabetes,OpenML-CC18,Continuous,rotf,Accuracy,768,8,1.0684,1.8672,4,0.805195,success
spambase,OpenML-CC18,Continuous,rf,Accuracy,4601,57,1.3256,1.5383,0,0.921909,success
spambase,OpenML-CC18,Continuous,rf,Accuracy,4601,57,1.3571,1.5383,1,0.937093,success
spambase,OpenML-CC18,Continuous,rf,Accuracy,4601,57,1.2574,1.5383,2,0.928416,success
spambase,OpenML-CC18,Continuous,rf,Accuracy,4601,57,1.4827,1.5383,3,0.932755,success
spambase,OpenML-CC18,Continuous,rf,Accuracy,4601,57,1.3058,1.5383,4,0.926247,success
spambase,OpenML-CC18,Continuous,et,Accuracy,4601,57,0.9381,1.5383,0,0.947939,success
spambase,OpenML-CC18,Continuous,et,Accuracy,4601,57,0.9306,1.5383,1,0.941432,success
spambase,OpenML-CC18,Continuous,et,Accuracy,4601,57,0.9855,1.5383,2,0.952278,success
spambase,OpenML-CC18,Continuous,et,Accuracy,4601,57,0.9373,1.5383,3,0.94577,success
spambase,OpenML-CC18,Continuous,et,Accuracy,4601,57,0.9898,1.5383,4,0.943601,success
spambase,OpenML-CC18,Continuous,rotf,Accuracy,4601,57,12.8925,1.5383,0,0.937093,success
spambase,OpenML-CC18,Continuous,rotf,Accuracy,4601,57,12.5681,1.5383,1,0.934924,success
spambase,OpenML-CC18,Continuous,rotf,Accuracy,4601,57,12.6865,1.5383,2,0.928416,success
spambase,OpenML-CC18,Continuous,rotf,Accuracy,4601,57,12.6199,1.5383,3,0.932755,success
spambase,OpenML-CC18,Continuous,rotf,Accuracy,4601,57,12.8817,1.5383,4,0.932755,success
splice,OpenML-CC18,Categorical,rf,Accuracy,3190,60,1.1042,2.1594,0,0.962382,success
splice,OpenML-CC18,Categorical,rf,Accuracy,3190,60,1.0305,2.1594,1,0.971787,success
splice,OpenML-CC18,Categorical,rf,Accuracy,3190,60,1.0595,2.1594,2,0.968652,success
splice,OpenML-CC18,Categorical,rf,Accuracy,3190,60,1.0279,2.1594,3,0.968652,success
splice,OpenML-CC18,Categorical,rf,Accuracy,3190,60,1.023,2.1594,4,0.965517,success
splice,OpenML-CC18,Categorical,et,Accuracy,3190,60,1.1714,2.1594,0,0.965517,success
splice,OpenML-CC18,Categorical,et,Accuracy,3190,60,1.3022,2.1594,1,0.971787,success
splice,OpenML-CC18,Categorical,et,Accuracy,3190,60,1.1714,2.1594,2,0.971787,success
splice,OpenML-CC18,Categorical,et,Accuracy,3190,60,1.2737,2.1594,3,0.974922,success
splice,OpenML-CC18,Categorical,et,Accuracy,3190,60,1.2258,2.1594,4,0.968652,success
splice,OpenML-CC18,Categorical,rotf,Accuracy,3190,60,16.1051,2.1594,0,0.943574,success
splice,OpenML-CC18,Categorical,rotf,Accuracy,3190,60,15.8945,2.1594,1,0.943574,success
splice,OpenML-CC18,Categorical,rotf,Accuracy,3190,60,16.1742,2.1594,2,0.937304,success
splice,OpenML-CC18,Categorical,rotf,Accuracy,3190,60,15.6276,2.1594,3,0.943574,success
splice,OpenML-CC18,Categorical,rotf,Accuracy,3190,60,16.3263,2.1594,4,0.946708,success
tic-tac-toe,OpenML-CC18,Categorical,rf,Accuracy,958,9,0.3425,1.8829,0,0.979167,success
tic-tac-toe,OpenML-CC18,Categorical,rf,Accuracy,958,9,0.3526,1.8829,1,0.979167,success
tic-tac-toe,OpenML-CC18,Categorical,rf,Accuracy,958,9,0.3352,1.8829,2,0.979167,success
tic-tac-toe,OpenML-CC18,Categorical,rf,Accuracy,958,9,0.3323,1.8829,3,0.979167,success
tic-tac-toe,OpenML-CC18,Categorical,rf,Accuracy,958,9,0.368,1.8829,4,0.979167,success
tic-tac-toe,OpenML-CC18,Categorical,et,Accuracy,958,9,0.322,1.8829,0,0.979167,success
tic-tac-toe,OpenML-CC18,Categorical,et,Accuracy,958,9,0.2762,1.8829,1,0.979167,success
tic-tac-toe,OpenML-CC18,Categorical,et,Accuracy,958,9,0.2753,1.8829,2,0.979167,success
tic-tac-toe,OpenML-CC18,Categorical,et,Accuracy,958,9,0.2709,1.8829,3,0.979167,success
tic-tac-toe,OpenML-CC18,Categorical,et,Accuracy,958,9,0.269,1.8829,4,0.979167,success
tic-tac-toe,OpenML-CC18,Categorical,rotf,Accuracy,958,9,1.1569,1.8829,0,0.979167,success
tic-tac-toe,OpenML-CC18,Categorical,rotf,Accuracy,958,9,1.0284,1.8829,1,0.979167,success
tic-tac-toe,OpenML-CC18,Categorical,rotf,Accuracy,958,9,1.2852,1.8829,2,0.979167,success
tic-tac-toe,OpenML-CC18,Categorical,rotf,Accuracy,958,9,1.0385,1.8829,3,0.979167,success
tic-tac-toe,OpenML-CC18,Categorical,rotf,Accuracy,958,9,1.1063,1.8829,4,0.979167,success
vehicle,OpenML-CC18,Continuous,rf,Accuracy,846,18,0.4385,1.095,0,0.752941,success
vehicle,OpenML-CC18,Continuous,rf,Accuracy,846,18,0.4567,1.095,1,0.764706,success
vehicle,OpenML-CC18,Continuous,rf,Accuracy,846,18,0.4367,1.095,2,0.741176,success
vehicle,OpenML-CC18,Continuous,rf,Accuracy,846,18,0.4403,1.095,3,0.729412,success
vehicle,OpenML-CC18,Continuous,rf,Accuracy,846,18,0.444,1.095,4,0.741176,success
vehicle,OpenML-CC18,Continuous,et,Accuracy,846,18,0.3104,1.095,0,0.764706,success
vehicle,OpenML-CC18,Continuous,et,Accuracy,846,18,0.2974,1.095,1,0.752941,success
vehicle,OpenML-CC18,Continuous,et,Accuracy,846,18,0.301,1.095,2,0.752941,success
vehicle,OpenML-CC18,Continuous,et,Accuracy,846,18,0.3171,1.095,3,0.752941,success
vehicle,OpenML-CC18,Continuous,et,Accuracy,846,18,0.3238,1.095,4,0.752941,success
vehicle,OpenML-CC18,Continuous,rotf,Accuracy,846,18,2.2495,1.095,0,0.811765,success
vehicle,OpenML-CC18,Continuous,rotf,Accuracy,846,18,2.2056,1.095,1,0.811765,success
vehicle,OpenML-CC18,Continuous,rotf,Accuracy,846,18,2.2374,1.095,2,0.823529,success
vehicle,OpenML-CC18,Continuous,rotf,Accuracy,846,18,2.407,1.095,3,0.8,success
vehicle,OpenML-CC18,Continuous,rotf,Accuracy,846,18,2.2187,1.095,4,0.823529,success
satimage,OpenML-CC18,Continuous,rf,Accuracy,6430,36,2.0619,2.452,0,0.909798,success
satimage,OpenML-CC18,Continuous,rf,Accuracy,6430,36,2.0233,2.452,1,0.916019,success
satimage,OpenML-CC18,Continuous,rf,Accuracy,6430,36,2.0862,2.452,2,0.919129,success
satimage,OpenML-CC18,Continuous,rf,Accuracy,6430,36,2.1137,2.452,3,0.905132,success
satimage,OpenML-CC18,Continuous,rf,Accuracy,6430,36,2.1942,2.452,4,0.912908,success
satimage,OpenML-CC18,Continuous,et,Accuracy,6430,36,1.1949,2.452,0,0.914463,success
satimage,OpenML-CC18,Continuous,et,Accuracy,6430,36,1.0735,2.452,1,0.917574,success
satimage,OpenML-CC18,Continuous,et,Accuracy,6430,36,1.0626,2.452,2,0.919129,success
satimage,OpenML-CC18,Continuous,et,Accuracy,6430,36,1.1627,2.452,3,0.920684,success
satimage,OpenML-CC18,Continuous,et,Accuracy,6430,36,1.0974,2.452,4,0.919129,success
satimage,OpenML-CC18,Continuous,rotf,Accuracy,6430,36,25.756,2.452,0,0.917574,success
satimage,OpenML-CC18,Continuous,rotf,Accuracy,6430,36,25.4192,2.452,1,0.919129,success
satimage,OpenML-CC18,Continuous,rotf,Accuracy,6430,36,25.7251,2.452,2,0.911353,success
satimage,OpenML-CC18,Continuous,rotf,Accuracy,6430,36,25.2996,2.452,3,0.912908,success
satimage,OpenML-CC18,Continuous,rotf,Accuracy,6430,36,25.2294,2.452,4,0.916019,success
eucalyptus,OpenML-CC18,Mixed,rf,Accuracy,736,19,0.4321,2.0532,0,0.689189,success
eucalyptus,OpenML-CC18,Mixed,rf,Accuracy,736,19,0.3943,2.0532,1,0.662162,success
eucalyptus,OpenML-CC18,Mixed,rf,Accuracy,736,19,0.4162,2.0532,2,0.702703,success
eucalyptus,OpenML-CC18,Mixed,rf,Accuracy,736,19,0.4019,2.0532,3,0.635135,success
eucalyptus,OpenML-CC18,Mixed,rf,Accuracy,736,19,0.4327,2.0532,4,0.675676,success
eucalyptus,OpenML-CC18,Mixed,et,Accuracy,736,19,0.3475,2.0532,0,0.608108,success
eucalyptus,OpenML-CC18,Mixed,et,Accuracy,736,19,0.3454,2.0532,1,0.608108,success
eucalyptus,OpenML-CC18,Mixed,et,Accuracy,736,19,0.3652,2.0532,2,0.621622,success
eucalyptus,OpenML-CC18,Mixed,et,Accuracy,736,19,0.3549,2.0532,3,0.608108,success
eucalyptus,OpenML-CC18,Mixed,et,Accuracy,736,19,0.3607,2.0532,4,0.594595,success
eucalyptus,OpenML-CC18,Mixed,rotf,Accuracy,736,19,3.9974,2.0532,0,0.675676,success
eucalyptus,OpenML-CC18,Mixed,rotf,Accuracy,736,19,3.999,2.0532,1,0.662162,success
eucalyptus,OpenML-CC18,Mixed,rotf,Accuracy,736,19,3.6942,2.0532,2,0.621622,success
eucalyptus,OpenML-CC18,Mixed,rotf,Accuracy,736,19,4.2296,2.0532,3,0.635135,success
eucalyptus,OpenML-CC18,Mixed,rotf,Accuracy,736,19,3.7233,2.0532,4,0.635135,success
sick,OpenML-CC18,Mixed,rf,Accuracy,3772,29,0.5839,15.3173,0,0.992063,success
sick,OpenML-CC18,Mixed,rf,Accuracy,3772,29,0.5791,15.3173,1,0.992063,success
sick,OpenML-CC18,Mixed,rf,Accuracy,3772,29,0.6046,15.3173,2,0.989418,success
sick,OpenML-CC18,Mixed,rf,Accuracy,3772,29,0.5936,15.3173,3,0.986772,success
sick,OpenML-CC18,Mixed,rf,Accuracy,3772,29,0.592,15.3173,4,0.989418,success
sick,OpenML-CC18,Mixed,et,Accuracy,3772,29,0.6492,15.3173,0,0.981481,success
sick,OpenML-CC18,Mixed,et,Accuracy,3772,29,0.6083,15.3173,1,0.973545,success
sick,OpenML-CC18,Mixed,et,Accuracy,3772,29,0.5889,15.3173,2,0.981481,success
sick,OpenML-CC18,Mixed,et,Accuracy,3772,29,0.6327,15.3173,3,0.984127,success
sick,OpenML-CC18,Mixed,et,Accuracy,3772,29,0.5987,15.3173,4,0.978836,success
sick,OpenML-CC18,Mixed,rotf,Accuracy,3772,29,3.1335,15.3173,0,0.994709,success
sick,OpenML-CC18,Mixed,rotf,Accuracy,3772,29,3.3095,15.3173,1,0.994709,success
sick,OpenML-CC18,Mixed,rotf,Accuracy,3772,29,3.159,15.3173,2,0.992063,success
sick,OpenML-CC18,Mixed,rotf,Accuracy,3772,29,3.1677,15.3173,3,0.994709,success
sick,OpenML-CC18,Mixed,rotf,Accuracy,3772,29,3.1882,15.3173,4,0.994709,success
vowel,OpenML-CC18,Mixed,rf,Accuracy,990,12,0.566,1.0,0,0.979798,success
vowel,OpenML-CC18,Mixed,rf,Accuracy,990,12,0.5668,1.0,1,0.949495,success
vowel,OpenML-CC18,Mixed,rf,Accuracy,990,12,0.5645,1.0,2,0.959596,success
vowel,OpenML-CC18,Mixed,rf,Accuracy,990,12,0.5682,1.0,3,0.969697,success
vowel,OpenML-CC18,Mixed,rf,Accuracy,990,12,0.5316,1.0,4,0.979798,success
vowel,OpenML-CC18,Mixed,et,Accuracy,990,12,0.3798,1.0,0,1.0,success
vowel,OpenML-CC18,Mixed,et,Accuracy,990,12,0.3647,1.0,1,0.969697,success
vowel,OpenML-CC18,Mixed,et,Accuracy,990,12,0.3817,1.0,2,0.989899,success
vowel,OpenML-CC18,Mixed,et,Accuracy,990,12,0.3802,1.0,3,0.989899,success
vowel,OpenML-CC18,Mixed,et,Accuracy,990,12,0.3542,1.0,4,0.979798,success
vowel,OpenML-CC18,Mixed,rotf,Accuracy,990,12,3.7687,1.0,0,0.979798,success
vowel,OpenML-CC18,Mixed,rotf,Accuracy,990,12,4.0352,1.0,1,0.979798,success
vowel,OpenML-CC18,Mixed,rotf,Accuracy,990,12,3.7955,1.0,2,0.989899,success
vowel,OpenML-CC18,Mixed,rotf,Accuracy,990,12,3.8468,1.0,3,0.979798,success
vowel,OpenML-CC18,Mixed,rotf,Accuracy,990,12,4.0508,1.0,4,0.979798,success
isolet,OpenML-CC18,Continuous,rf,Accuracy,7797,617,27.1435,1.0075,0,0.930769,success
isolet,OpenML-CC18,Continuous,rf,Accuracy,7797,617,28.4718,1.0075,1,0.934615,success
isolet,OpenML-CC18,Continuous,rf,Accuracy,7797,617,27.9919,1.0075,2,0.933333,success
isolet,OpenML-CC18,Continuous,rf,Accuracy,7797,617,27.6263,1.0075,3,0.932051,success
isolet,OpenML-CC18,Continuous,rf,Accuracy,7797,617,28.1987,1.0075,4,0.925641,success
isolet,OpenML-CC18,Continuous,et,Accuracy,7797,617,6.5489,1.0075,0,0.94359,success
isolet,OpenML-CC18,Continuous,et,Accuracy,7797,617,6.3217,1.0075,1,0.941026,success
isolet,OpenML-CC18,Continuous,et,Accuracy,7797,617,6.7593,1.0075,2,0.941026,success
isolet,OpenML-CC18,Continuous,et,Accuracy,7797,617,6.4083,1.0075,3,0.946154,success
isolet,OpenML-CC18,Continuous,et,Accuracy,7797,617,6.4809,1.0075,4,0.948718,success
isolet,OpenML-CC18,Continuous,rotf,Accuracy,7797,617,1527.7319,1.0075,0,0.938462,success
isolet,OpenML-CC18,Continuous,rotf,Accuracy,7797,617,1526.4365,1.0075,1,0.938462,success
isolet,OpenML-CC18,Continuous,rotf,Accuracy,7797,617,1523.0959,1.0075,2,0.942308,success
isolet,OpenML-CC18,Continuous,rotf,Accuracy,7797,617,1525.5256,1.0075,3,0.944872,success
isolet,OpenML-CC18,Continuous,rotf,Accuracy,7797,617,1525.5385,1.0075,4,0.938462,success
analcatdata_authorship,OpenML-CC18,Continuous,rf,Accuracy,841,70,0.4954,5.8163,0,0.976471,success
analcatdata_authorship,OpenML-CC18,Continuous,rf,Accuracy,841,70,0.5065,5.8163,1,0.976471,success
analcatdata_authorship,OpenML-CC18,Continuous,rf,Accuracy,841,70,0.4811,5.8163,2,0.964706,success
analcatdata_authorship,OpenML-CC18,Continuous,rf,Accuracy,841,70,0.4383,5.8163,3,0.964706,success
analcatdata_authorship,OpenML-CC18,Continuous,rf,Accuracy,841,70,0.4387,5.8163,4,0.976471,success
analcatdata_authorship,OpenML-CC18,Continuous,et,Accuracy,841,70,0.2988,5.8163,0,0.976471,success
analcatdata_authorship,OpenML-CC18,Continuous,et,Accuracy,841,70,0.3019,5.8163,1,0.976471,success
analcatdata_authorship,OpenML-CC18,Continuous,et,Accuracy,841,70,0.3379,5.8163,2,0.976471,success
analcatdata_authorship,OpenML-CC18,Continuous,et,Accuracy,841,70,0.2904,5.8163,3,0.988235,success
analcatdata_authorship,OpenML-CC18,Continuous,et,Accuracy,841,70,0.3117,5.8163,4,0.976471,success
analcatdata_authorship,OpenML-CC18,Continuous,rotf,Accuracy,841,70,5.6385,5.8163,0,0.964706,success
analcatdata_authorship,OpenML-CC18,Continuous,rotf,Accuracy,841,70,5.8039,5.8163,1,1.0,success
analcatdata_authorship,OpenML-CC18,Continuous,rotf,Accuracy,841,70,5.5156,5.8163,2,0.952941,success
analcatdata_authorship,OpenML-CC18,Continuous,rotf,Accuracy,841,70,6.1648,5.8163,3,0.976471,success
analcatdata_authorship,OpenML-CC18,Continuous,rotf,Accuracy,841,70,5.5026,5.8163,4,0.976471,success
analcatdata_dmft,OpenML-CC18,Categorical,rf,Accuracy,797,4,0.3552,1.2523,0,0.3,success
analcatdata_dmft,OpenML-CC18,Categorical,rf,Accuracy,797,4,0.3543,1.2523,1,0.3125,success
analcatdata_dmft,OpenML-CC18,Categorical,rf,Accuracy,797,4,0.3451,1.2523,2,0.2875,success
analcatdata_dmft,OpenML-CC18,Categorical,rf,Accuracy,797,4,0.3616,1.2523,3,0.275,success
analcatdata_dmft,OpenML-CC18,Categorical,rf,Accuracy,797,4,0.3611,1.2523,4,0.25,success
analcatdata_dmft,OpenML-CC18,Categorical,et,Accuracy,797,4,0.2926,1.2523,0,0.225,success
analcatdata_dmft,OpenML-CC18,Categorical,et,Accuracy,797,4,0.2786,1.2523,1,0.225,success
analcatdata_dmft,OpenML-CC18,Categorical,et,Accuracy,797,4,0.2933,1.2523,2,0.225,success
analcatdata_dmft,OpenML-CC18,Categorical,et,Accuracy,797,4,0.2784,1.2523,3,0.225,success
analcatdata_dmft,OpenML-CC18,Categorical,et,Accuracy,797,4,0.2934,1.2523,4,0.225,success
analcatdata_dmft,OpenML-CC18,Categorical,rotf,Accuracy,797,4,0.8724,1.2523,0,0.25,success
analcatdata_dmft,OpenML-CC18,Categorical,rotf,Accuracy,797,4,0.8906,1.2523,1,0.2375,success
analcatdata_dmft,OpenML-CC18,Categorical,rotf,Accuracy,797,4,0.9295,1.2523,2,0.2625,success
analcatdata_dmft,OpenML-CC18,Categorical,rotf,Accuracy,797,4,0.8784,1.2523,3,0.2375,success
analcatdata_dmft,OpenML-CC18,Categorical,rotf,Accuracy,797,4,0.8812,1.2523,4,0.2375,success
pc4,OpenML-CC18,Continuous,rf,Accuracy,1458,37,0.5695,7.2,0,0.917808,success
pc4,OpenML-CC18,Continuous,rf,Accuracy,1458,37,0.5606,7.2,1,0.924658,success
pc4,OpenML-CC18,Continuous,rf,Accuracy,1458,37,0.5433,7.2,2,0.910959,success
pc4,OpenML-CC18,Continuous,rf,Accuracy,1458,37,0.5284,7.2,3,0.917808,success
pc4,OpenML-CC18,Continuous,rf,Accuracy,1458,37,0.5497,7.2,4,0.917808,success
pc4,OpenML-CC18,Continuous,et,Accuracy,1458,37,0.3341,7.2,0,0.917808,success
pc4,OpenML-CC18,Continuous,et,Accuracy,1458,37,0.3373,7.2,1,0.917808,success
pc4,OpenML-CC18,Continuous,et,Accuracy,1458,37,0.3324,7.2,2,0.931507,success
pc4,OpenML-CC18,Continuous,et,Accuracy,1458,37,0.3568,7.2,3,0.917808,success
pc4,OpenML-CC18,Continuous,et,Accuracy,1458,37,0.343,7.2,4,0.90411,success
pc4,OpenML-CC18,Continuous,rotf,Accuracy,1458,37,4.0251,7.2,0,0.931507,success
pc4,OpenML-CC18,Continuous,rotf,Accuracy,1458,37,4.0858,7.2,1,0.938356,success
pc4,OpenML-CC18,Continuous,rotf,Accuracy,1458,37,4.0824,7.2,2,0.924658,success
pc4,OpenML-CC18,Continuous,rotf,Accuracy,1458,37,4.0188,7.2,3,0.924658,success
pc4,OpenML-CC18,Continuous,rotf,Accuracy,1458,37,3.8739,7.2,4,0.938356,success
pc3,OpenML-CC18,Continuous,rf,Accuracy,1563,37,0.6623,8.7639,0,0.898089,success
pc3,OpenML-CC18,Continuous,rf,Accuracy,1563,37,0.6472,8.7639,1,0.88535,success
pc3,OpenML-CC18,Continuous,rf,Accuracy,1563,37,0.63,8.7639,2,0.88535,success
pc3,OpenML-CC18,Continuous,rf,Accuracy,1563,37,0.648,8.7639,3,0.88535,success
pc3,OpenML-CC18,Continuous,rf,Accuracy,1563,37,0.6573,8.7639,4,0.898089,success
pc3,OpenML-CC18,Continuous,et,Accuracy,1563,37,0.3574,8.7639,0,0.88535,success
pc3,OpenML-CC18,Continuous,et,Accuracy,1563,37,0.384,8.7639,1,0.88535,success
pc3,OpenML-CC18,Continuous,et,Accuracy,1563,37,0.3635,8.7639,2,0.89172,success
pc3,OpenML-CC18,Continuous,et,Accuracy,1563,37,0.3724,8.7639,3,0.898089,success
pc3,OpenML-CC18,Continuous,et,Accuracy,1563,37,0.3668,8.7639,4,0.88535,success
pc3,OpenML-CC18,Continuous,rotf,Accuracy,1563,37,5.2049,8.7639,0,0.872611,success
pc3,OpenML-CC18,Continuous,rotf,Accuracy,1563,37,5.1645,8.7639,1,0.866242,success
pc3,OpenML-CC18,Continuous,rotf,Accuracy,1563,37,5.2565,8.7639,2,0.878981,success
pc3,OpenML-CC18,Continuous,rotf,Accuracy,1563,37,5.1618,8.7639,3,0.878981,success
pc3,OpenML-CC18,Continuous,rotf,Accuracy,1563,37,5.773,8.7639,4,0.853503,success
jm1,OpenML-CC18,Continuous,rf,Accuracy,10885,21,3.6662,4.1694,0,0.826446,success
jm1,OpenML-CC18,Continuous,rf,Accuracy,10885,21,4.276,4.1694,1,0.810836,success
jm1,OpenML-CC18,Continuous,rf,Accuracy,10885,21,3.5594,4.1694,2,0.815427,success
jm1,OpenML-CC18,Continuous,rf,Accuracy,10885,21,3.6784,4.1694,3,0.822773,success
jm1,OpenML-CC18,Continuous,rf,Accuracy,10885,21,3.7158,4.1694,4,0.820937,success
jm1,OpenML-CC18,Continuous,et,Accuracy,10885,21,1.8564,4.1694,0,0.826446,success
jm1,OpenML-CC18,Continuous,et,Accuracy,10885,21,1.9453,4.1694,1,0.821855,success
jm1,OpenML-CC18,Continuous,et,Accuracy,10885,21,1.9362,4.1694,2,0.822773,success
jm1,OpenML-CC18,Continuous,et,Accuracy,10885,21,1.9209,4.1694,3,0.816345,success
jm1,OpenML-CC18,Continuous,et,Accuracy,10885,21,1.9177,4.1694,4,0.814509,success
jm1,OpenML-CC18,Continuous,rotf,Accuracy,10885,21,31.0171,4.1694,0,0.82461,success
jm1,OpenML-CC18,Continuous,rotf,Accuracy,10885,21,30.9576,4.1694,1,0.82461,success
jm1,OpenML-CC18,Continuous,rotf,Accuracy,10885,21,30.9179,4.1694,2,0.822773,success
jm1,OpenML-CC18,Continuous,rotf,Accuracy,10885,21,31.4313,4.1694,3,0.8191,success
jm1,OpenML-CC18,Continuous,rotf,Accuracy,10885,21,31.1822,4.1694,4,0.82461,success
kc2,OpenML-CC18,Continuous,rf,Accuracy,522,21,0.3276,3.8854,0,0.792453,success
kc2,OpenML-CC18,Continuous,rf,Accuracy,522,21,0.32,3.8854,1,0.773585,success
kc2,OpenML-CC18,Continuous,rf,Accuracy,522,21,0.3477,3.8854,2,0.773585,success
kc2,OpenML-CC18,Continuous,rf,Accuracy,522,21,0.3495,3.8854,3,0.773585,success
kc2,OpenML-CC18,Continuous,rf,Accuracy,522,21,0.3562,3.8854,4,0.773585,success
kc2,OpenML-CC18,Continuous,et,Accuracy,522,21,0.2237,3.8854,0,0.811321,success
kc2,OpenML-CC18,Continuous,et,Accuracy,522,21,0.2206,3.8854,1,0.830189,success
kc2,OpenML-CC18,Continuous,et,Accuracy,522,21,0.2409,3.8854,2,0.811321,success
kc2,OpenML-CC18,Continuous,et,Accuracy,522,21,0.2393,3.8854,3,0.792453,success
kc2,OpenML-CC18,Continuous,et,Accuracy,522,21,0.2381,3.8854,4,0.792453,success
kc2,OpenML-CC18,Continuous,rotf,Accuracy,522,21,1.2405,3.8854,0,0.792453,success
kc2,OpenML-CC18,Continuous,rotf,Accuracy,522,21,1.2331,3.8854,1,0.792453,success
kc2,OpenML-CC18,Continuous,rotf,Accuracy,522,21,1.218,3.8854,2,0.792453,success
kc2,OpenML-CC18,Continuous,rotf,Accuracy,522,21,1.1483,3.8854,3,0.773585,success
kc2,OpenML-CC18,Continuous,rotf,Accuracy,522,21,1.1474,3.8854,4,0.792453,success
kc1,OpenML-CC18,Continuous,rf,Accuracy,2109,21,0.6177,5.4558,0,0.872038,success
kc1,OpenML-CC18,Continuous,rf,Accuracy,2109,21,0.6382,5.4558,1,0.867299,success
kc1,OpenML-CC18,Continuous,rf,Accuracy,2109,21,0.6016,5.4558,2,0.872038,success
kc1,OpenML-CC18,Continuous,rf,Accuracy,2109,21,0.6353,5.4558,3,0.85782,success
kc1,OpenML-CC18,Continuous,rf,Accuracy,2109,21,0.6389,5.4558,4,0.876777,success
kc1,OpenML-CC18,Continuous,et,Accuracy,2109,21,0.4158,5.4558,0,0.881517,success
kc1,OpenML-CC18,Continuous,et,Accuracy,2109,21,0.4192,5.4558,1,0.876777,success
kc1,OpenML-CC18,Continuous,et,Accuracy,2109,21,0.4257,5.4558,2,0.876777,success
kc1,OpenML-CC18,Continuous,et,Accuracy,2109,21,0.4156,5.4558,3,0.876777,success
kc1,OpenML-CC18,Continuous,et,Accuracy,2109,21,0.4224,5.4558,4,0.881517,success
kc1,OpenML-CC18,Continuous,rotf,Accuracy,2109,21,3.7691,5.4558,0,0.876777,success
kc1,OpenML-CC18,Continuous,rotf,Accuracy,2109,21,3.6676,5.4558,1,0.881517,success
kc1,OpenML-CC18,Continuous,rotf,Accuracy,2109,21,3.6788,5.4558,2,0.876777,success
kc1,OpenML-CC18,Continuous,rotf,Accuracy,2109,21,3.8508,5.4558,3,0.886256,success
kc1,OpenML-CC18,Continuous,rotf,Accuracy,2109,21,3.819,5.4558,4,0.876777,success
cpu_act,OpenML-297,Continuous,rf,RMSE,8192,21,18.3815,N/A,0,2.281824,success
cpu_act,OpenML-297,Continuous,rf,RMSE,8192,21,18.484,N/A,1,2.277639,success
cpu_act,OpenML-297,Continuous,rf,RMSE,8192,21,18.6421,N/A,2,2.295175,success
cpu_act,OpenML-297,Continuous,rf,RMSE,8192,21,18.5848,N/A,3,2.291553,success
cpu_act,OpenML-297,Continuous,rf,RMSE,8192,21,18.1789,N/A,4,2.279942,success
cpu_act,OpenML-297,Continuous,et,RMSE,8192,21,6.0835,N/A,0,2.159251,success
cpu_act,OpenML-297,Continuous,et,RMSE,8192,21,6.2008,N/A,1,2.183245,success
cpu_act,OpenML-297,Continuous,et,RMSE,8192,21,6.1955,N/A,2,2.17723,success
cpu_act,OpenML-297,Continuous,et,RMSE,8192,21,6.1296,N/A,3,2.174295,success
cpu_act,OpenML-297,Continuous,et,RMSE,8192,21,6.1348,N/A,4,2.181513,success
cpu_act,OpenML-297,Continuous,rotf,RMSE,8192,21,23.0158,N/A,0,2.144246,success
cpu_act,OpenML-297,Continuous,rotf,RMSE,8192,21,22.2655,N/A,1,2.155473,success
cpu_act,OpenML-297,Continuous,rotf,RMSE,8192,21,22.1089,N/A,2,2.143775,success
cpu_act,OpenML-297,Continuous,rotf,RMSE,8192,21,22.6602,N/A,3,2.140627,success
cpu_act,OpenML-297,Continuous,rotf,RMSE,8192,21,22.4166,N/A,4,2.18536,success
pol,OpenML-297,Continuous,rf,RMSE,15000,26,7.738,N/A,0,4.317969,success
pol,OpenML-297,Continuous,rf,RMSE,15000,26,7.6896,N/A,1,4.350363,success
pol,OpenML-297,Continuous,rf,RMSE,15000,26,7.9361,N/A,2,4.354637,success
pol,OpenML-297,Continuous,rf,RMSE,15000,26,7.8017,N/A,3,4.207187,success
pol,OpenML-297,Continuous,rf,RMSE,15000,26,8.3701,N/A,4,4.364032,success
pol,OpenML-297,Continuous,et,RMSE,15000,26,4.4134,N/A,0,4.025225,success
pol,OpenML-297,Continuous,et,RMSE,15000,26,4.4878,N/A,1,3.944118,success
pol,OpenML-297,Continuous,et,RMSE,15000,26,4.4929,N/A,2,4.04855,success
pol,OpenML-297,Continuous,et,RMSE,15000,26,4.4873,N/A,3,3.880925,success
pol,OpenML-297,Continuous,et,RMSE,15000,26,4.6181,N/A,4,4.019808,success
pol,OpenML-297,Continuous,rotf,RMSE,15000,26,18.52,N/A,0,3.8884,success
pol,OpenML-297,Continuous,rotf,RMSE,15000,26,18.3702,N/A,1,3.797094,success
pol,OpenML-297,Continuous,rotf,RMSE,15000,26,18.3521,N/A,2,3.833922,success
pol,OpenML-297,Continuous,rotf,RMSE,15000,26,18.8604,N/A,3,3.868802,success
pol,OpenML-297,Continuous,rotf,RMSE,15000,26,18.3398,N/A,4,3.964664,success
isolet,OpenML-297,Continuous,rf,RMSE,7797,613,640.3829,N/A,0,3.567216,success
isolet,OpenML-297,Continuous,rf,RMSE,7797,613,642.9707,N/A,1,3.523785,success
isolet,OpenML-297,Continuous,rf,RMSE,7797,613,641.8863,N/A,2,3.48415,success
isolet,OpenML-297,Continuous,rf,RMSE,7797,613,637.8362,N/A,3,3.49815,success
isolet,OpenML-297,Continuous,rf,RMSE,7797,613,647.5431,N/A,4,3.533644,success
isolet,OpenML-297,Continuous,et,RMSE,7797,613,107.3118,N/A,0,2.969502,success
isolet,OpenML-297,Continuous,et,RMSE,7797,613,114.5298,N/A,1,2.946869,success
isolet,OpenML-297,Continuous,et,RMSE,7797,613,110.4874,N/A,2,2.942913,success
isolet,OpenML-297,Continuous,et,RMSE,7797,613,115.7772,N/A,3,2.967817,success
isolet,OpenML-297,Continuous,et,RMSE,7797,613,119.146,N/A,4,2.939631,success
isolet,OpenML-297,Continuous,rotf,RMSE,7797,613,973.8523,N/A,0,3.034166,success
isolet,OpenML-297,Continuous,rotf,RMSE,7797,613,1034.1879,N/A,1,3.040315,success
isolet,OpenML-297,Continuous,rotf,RMSE,7797,613,979.4666,N/A,2,2.980241,success
isolet,OpenML-297,Continuous,rotf,RMSE,7797,613,963.001,N/A,3,3.039687,success
isolet,OpenML-297,Continuous,rotf,RMSE,7797,613,1027.4612,N/A,4,3.033864,success
wine_quality,OpenML-297,Continuous,rf,RMSE,6497,11,6.0758,N/A,0,0.596848,success
wine_quality,OpenML-297,Continuous,rf,RMSE,6497,11,6.0804,N/A,1,0.594903,success
wine_quality,OpenML-297,Continuous,rf,RMSE,6497,11,6.0327,N/A,2,0.601848,success
wine_quality,OpenML-297,Continuous,rf,RMSE,6497,11,6.1008,N/A,3,0.592356,success
wine_quality,OpenML-297,Continuous,rf,RMSE,6497,11,6.1226,N/A,4,0.590197,success
wine_quality,OpenML-297,Continuous,et,RMSE,6497,11,2.255,N/A,0,0.570481,success
wine_quality,OpenML-297,Continuous,et,RMSE,6497,11,2.2399,N/A,1,0.571898,success
wine_quality,OpenML-297,Continuous,et,RMSE,6497,11,2.1829,N/A,2,0.577107,success
wine_quality,OpenML-297,Continuous,et,RMSE,6497,11,2.2956,N/A,3,0.573138,success
wine_quality,OpenML-297,Continuous,et,RMSE,6497,11,2.3459,N/A,4,0.57527,success
wine_quality,OpenML-297,Continuous,rotf,RMSE,6497,11,9.42,N/A,0,0.575324,success
wine_quality,OpenML-297,Continuous,rotf,RMSE,6497,11,8.9927,N/A,1,0.580876,success
wine_quality,OpenML-297,Continuous,rotf,RMSE,6497,11,9.294,N/A,2,0.569629,success
wine_quality,OpenML-297,Continuous,rotf,RMSE,6497,11,9.3897,N/A,3,0.572182,success
wine_quality,OpenML-297,Continuous,rotf,RMSE,6497,11,9.5357,N/A,4,0.571724,success
Ailerons,OpenML-297,Continuous,rf,RMSE,13750,33,25.4806,N/A,0,0.000163,success
Ailerons,OpenML-297,Continuous,rf,RMSE,13750,33,25.5507,N/A,1,0.000162,success
Ailerons,OpenML-297,Continuous,rf,RMSE,13750,33,25.7438,N/A,2,0.000162,success
Ailerons,OpenML-297,Continuous,rf,RMSE,13750,33,24.3537,N/A,3,0.000163,success
Ailerons,OpenML-297,Continuous,rf,RMSE,13750,33,25.3018,N/A,4,0.000162,success
Ailerons,OpenML-297,Continuous,et,RMSE,13750,33,15.2957,N/A,0,0.000166,success
Ailerons,OpenML-297,Continuous,et,RMSE,13750,33,14.3259,N/A,1,0.000165,success
Ailerons,OpenML-297,Continuous,et,RMSE,13750,33,14.89,N/A,2,0.000165,success
Ailerons,OpenML-297,Continuous,et,RMSE,13750,33,14.9017,N/A,3,0.000166,success
Ailerons,OpenML-297,Continuous,et,RMSE,13750,33,15.0614,N/A,4,0.000166,success
Ailerons,OpenML-297,Continuous,rotf,RMSE,13750,33,42.8425,N/A,0,0.000163,success
Ailerons,OpenML-297,Continuous,rotf,RMSE,13750,33,42.7381,N/A,1,0.000163,success
Ailerons,OpenML-297,Continuous,rotf,RMSE,13750,33,41.6974,N/A,2,0.000162,success
Ailerons,OpenML-297,Continuous,rotf,RMSE,13750,33,42.0513,N/A,3,0.000163,success
Ailerons,OpenML-297,Continuous,rotf,RMSE,13750,33,43.1159,N/A,4,0.000162,success
Brazilian_houses,OpenML-297,Continuous,rf,RMSE,10692,8,6.8992,N/A,0,0.140978,success
Brazilian_houses,OpenML-297,Continuous,rf,RMSE,10692,8,6.9384,N/A,1,0.141573,success
Brazilian_houses,OpenML-297,Continuous,rf,RMSE,10692,8,6.641,N/A,2,0.14184,success
Brazilian_houses,OpenML-297,Continuous,rf,RMSE,10692,8,6.9263,N/A,3,0.141599,success
Brazilian_houses,OpenML-297,Continuous,rf,RMSE,10692,8,6.7683,N/A,4,0.141537,success
Brazilian_houses,OpenML-297,Continuous,et,RMSE,10692,8,4.3485,N/A,0,0.122005,success
Brazilian_houses,OpenML-297,Continuous,et,RMSE,10692,8,4.3724,N/A,1,0.127139,success
Brazilian_houses,OpenML-297,Continuous,et,RMSE,10692,8,4.3713,N/A,2,0.126508,success
Brazilian_houses,OpenML-297,Continuous,et,RMSE,10692,8,4.3501,N/A,3,0.123749,success
Brazilian_houses,OpenML-297,Continuous,et,RMSE,10692,8,4.4337,N/A,4,0.128461,success
Brazilian_houses,OpenML-297,Continuous,rotf,RMSE,10692,8,11.3593,N/A,0,0.111887,success
Brazilian_houses,OpenML-297,Continuous,rotf,RMSE,10692,8,11.4677,N/A,1,0.113278,success
Brazilian_houses,OpenML-297,Continuous,rotf,RMSE,10692,8,11.2305,N/A,2,0.115633,success
Brazilian_houses,OpenML-297,Continuous,rotf,RMSE,10692,8,11.2585,N/A,3,0.105389,success
Brazilian_houses,OpenML-297,Continuous,rotf,RMSE,10692,8,11.4062,N/A,4,0.111533,success
sulfur,OpenML-297,Continuous,rf,RMSE,10081,6,13.1257,N/A,0,0.030564,success
sulfur,OpenML-297,Continuous,rf,RMSE,10081,6,13.1487,N/A,1,0.031475,success
sulfur,OpenML-297,Continuous,rf,RMSE,10081,6,13.4541,N/A,2,0.031265,success
sulfur,OpenML-297,Continuous,rf,RMSE,10081,6,13.246,N/A,3,0.031625,success
sulfur,OpenML-297,Continuous,rf,RMSE,10081,6,12.731,N/A,4,0.02997,success
sulfur,OpenML-297,Continuous,et,RMSE,10081,6,4.0662,N/A,0,0.020989,success
sulfur,OpenML-297,Continuous,et,RMSE,10081,6,4.0176,N/A,1,0.020636,success
sulfur,OpenML-297,Continuous,et,RMSE,10081,6,3.9374,N/A,2,0.020054,success
sulfur,OpenML-297,Continuous,et,RMSE,10081,6,4.0213,N/A,3,0.020476,success
sulfur,OpenML-297,Continuous,et,RMSE,10081,6,4.1342,N/A,4,0.02059,success
sulfur,OpenML-297,Continuous,rotf,RMSE,10081,6,10.4774,N/A,0,0.032525,success
sulfur,OpenML-297,Continuous,rotf,RMSE,10081,6,10.6066,N/A,1,0.030448,success
sulfur,OpenML-297,Continuous,rotf,RMSE,10081,6,11.0805,N/A,2,0.031795,success
sulfur,OpenML-297,Continuous,rotf,RMSE,10081,6,10.6384,N/A,3,0.031578,success
sulfur,OpenML-297,Continuous,rotf,RMSE,10081,6,10.164,N/A,4,0.032509,success
MiamiHousing2016,OpenML-297,Continuous,rf,RMSE,13932,13,30.9062,N/A,0,0.157382,success
MiamiHousing2016,OpenML-297,Continuous,rf,RMSE,13932,13,30.8795,N/A,1,0.157969,success
MiamiHousing2016,OpenML-297,Continuous,rf,RMSE,13932,13,30.6489,N/A,2,0.15729,success
MiamiHousing2016,OpenML-297,Continuous,rf,RMSE,13932,13,31.0037,N/A,3,0.157656,success
MiamiHousing2016,OpenML-297,Continuous,rf,RMSE,13932,13,30.7512,N/A,4,0.158298,success
MiamiHousing2016,OpenML-297,Continuous,et,RMSE,13932,13,9.5722,N/A,0,0.151628,success
MiamiHousing2016,OpenML-297,Continuous,et,RMSE,13932,13,9.4783,N/A,1,0.151038,success
MiamiHousing2016,OpenML-297,Continuous,et,RMSE,13932,13,9.2066,N/A,2,0.151149,success
MiamiHousing2016,OpenML-297,Continuous,et,RMSE,13932,13,9.5049,N/A,3,0.15222,success
MiamiHousing2016,OpenML-297,Continuous,et,RMSE,13932,13,9.5899,N/A,4,0.151769,success
MiamiHousing2016,OpenML-297,Continuous,rotf,RMSE,13932,13,32.3676,N/A,0,0.150335,success
MiamiHousing2016,OpenML-297,Continuous,rotf,RMSE,13932,13,33.5248,N/A,1,0.150174,success
MiamiHousing2016,OpenML-297,Continuous,rotf,RMSE,13932,13,33.0262,N/A,2,0.149506,success
MiamiHousing2016,OpenML-297,Continuous,rotf,RMSE,13932,13,33.1963,N/A,3,0.14915,success
MiamiHousing2016,OpenML-297,Continuous,rotf,RMSE,13932,13,33.0037,N/A,4,0.149646,success
ACSF1,AEON-TSC,Continuous,rf,Accuracy,200,1460,0.5153,1.0,0,0.75,success
ACSF1,AEON-TSC,Continuous,rf,Accuracy,200,1460,0.5555,1.0,1,0.78,success
ACSF1,AEON-TSC,Continuous,rf,Accuracy,200,1460,0.5586,1.0,2,0.78,success
ACSF1,AEON-TSC,Continuous,rf,Accuracy,200,1460,0.5184,1.0,3,0.75,success
ACSF1,AEON-TSC,Continuous,rf,Accuracy,200,1460,0.569,1.0,4,0.81,success
ACSF1,AEON-TSC,Continuous,et,Accuracy,200,1460,0.2778,1.0,0,0.81,success
ACSF1,AEON-TSC,Continuous,et,Accuracy,200,1460,0.2898,1.0,1,0.78,success
ACSF1,AEON-TSC,Continuous,et,Accuracy,200,1460,0.285,1.0,2,0.81,success
ACSF1,AEON-TSC,Continuous,et,Accuracy,200,1460,0.2929,1.0,3,0.8,success
ACSF1,AEON-TSC,Continuous,et,Accuracy,200,1460,0.28,1.0,4,0.8,success
ACSF1,AEON-TSC,Continuous,rotf,Accuracy,200,1460,47.0139,1.0,0,0.8,success
ACSF1,AEON-TSC,Continuous,rotf,Accuracy,200,1460,45.0883,1.0,1,0.8,success
ACSF1,AEON-TSC,Continuous,rotf,Accuracy,200,1460,45.5451,1.0,2,0.82,success
ACSF1,AEON-TSC,Continuous,rotf,Accuracy,200,1460,43.9533,1.0,3,0.84,success
ACSF1,AEON-TSC,Continuous,rotf,Accuracy,200,1460,44.806,1.0,4,0.88,success
Adiac,AEON-TSC,Continuous,rf,Accuracy,781,176,1.0747,3.75,0,0.647059,success
Adiac,AEON-TSC,Continuous,rf,Accuracy,781,176,1.1066,3.75,1,0.634271,success
Adiac,AEON-TSC,Continuous,rf,Accuracy,781,176,1.1498,3.75,2,0.647059,success
Adiac,AEON-TSC,Continuous,rf,Accuracy,781,176,1.1914,3.75,3,0.608696,success
Adiac,AEON-TSC,Continuous,rf,Accuracy,781,176,1.0939,3.75,4,0.644501,success
Adiac,AEON-TSC,Continuous,et,Accuracy,781,176,0.4153,3.75,0,0.644501,success
Adiac,AEON-TSC,Continuous,et,Accuracy,781,176,0.4167,3.75,1,0.629156,success
Adiac,AEON-TSC,Continuous,et,Accuracy,781,176,0.3966,3.75,2,0.654731,success
Adiac,AEON-TSC,Continuous,et,Accuracy,781,176,0.4074,3.75,3,0.641944,success
Adiac,AEON-TSC,Continuous,et,Accuracy,781,176,0.4135,3.75,4,0.654731,success
Adiac,AEON-TSC,Continuous,rotf,Accuracy,781,176,21.8351,3.75,0,0.769821,success
Adiac,AEON-TSC,Continuous,rotf,Accuracy,781,176,22.8843,3.75,1,0.790281,success
Adiac,AEON-TSC,Continuous,rotf,Accuracy,781,176,22.6001,3.75,2,0.774936,success
Adiac,AEON-TSC,Continuous,rotf,Accuracy,781,176,21.568,3.75,3,0.792839,success
Adiac,AEON-TSC,Continuous,rotf,Accuracy,781,176,21.9111,3.75,4,0.772379,success
ArrowHead,AEON-TSC,Continuous,rf,Accuracy,211,251,0.2582,1.0,0,0.697143,success
ArrowHead,AEON-TSC,Continuous,rf,Accuracy,211,251,0.2721,1.0,1,0.662857,success
ArrowHead,AEON-TSC,Continuous,rf,Accuracy,211,251,0.2709,1.0,2,0.714286,success
ArrowHead,AEON-TSC,Continuous,rf,Accuracy,211,251,0.2913,1.0,3,0.725714,success
ArrowHead,AEON-TSC,Continuous,rf,Accuracy,211,251,0.2783,1.0,4,0.737143,success
ArrowHead,AEON-TSC,Continuous,et,Accuracy,211,251,0.179,1.0,0,0.725714,success
ArrowHead,AEON-TSC,Continuous,et,Accuracy,211,251,0.2138,1.0,1,0.731429,success
ArrowHead,AEON-TSC,Continuous,et,Accuracy,211,251,0.2347,1.0,2,0.725714,success
ArrowHead,AEON-TSC,Continuous,et,Accuracy,211,251,0.199,1.0,3,0.725714,success
ArrowHead,AEON-TSC,Continuous,et,Accuracy,211,251,0.1996,1.0,4,0.714286,success
ArrowHead,AEON-TSC,Continuous,rotf,Accuracy,211,251,5.5972,1.0,0,0.754286,success
ArrowHead,AEON-TSC,Continuous,rotf,Accuracy,211,251,5.682,1.0,1,0.748571,success
ArrowHead,AEON-TSC,Continuous,rotf,Accuracy,211,251,5.5911,1.0,2,0.737143,success
ArrowHead,AEON-TSC,Continuous,rotf,Accuracy,211,251,5.766,1.0,3,0.748571,success
ArrowHead,AEON-TSC,Continuous,rotf,Accuracy,211,251,5.5654,1.0,4,0.742857,success
Beef,AEON-TSC,Continuous,rf,Accuracy,60,470,0.3436,1.0,0,0.766667,success
Beef,AEON-TSC,Continuous,rf,Accuracy,60,470,0.3191,1.0,1,0.7,success
Beef,AEON-TSC,Continuous,rf,Accuracy,60,470,0.3184,1.0,2,0.8,success
Beef,AEON-TSC,Continuous,rf,Accuracy,60,470,0.2809,1.0,3,0.766667,success
Beef,AEON-TSC,Continuous,rf,Accuracy,60,470,0.2875,1.0,4,0.733333,success
Beef,AEON-TSC,Continuous,et,Accuracy,60,470,0.2095,1.0,0,0.7,success
Beef,AEON-TSC,Continuous,et,Accuracy,60,470,0.1921,1.0,1,0.7,success
Beef,AEON-TSC,Continuous,et,Accuracy,60,470,0.2156,1.0,2,0.733333,success
Beef,AEON-TSC,Continuous,et,Accuracy,60,470,0.1951,1.0,3,0.733333,success
Beef,AEON-TSC,Continuous,et,Accuracy,60,470,0.1892,1.0,4,0.7,success
Beef,AEON-TSC,Continuous,rotf,Accuracy,60,470,10.2875,1.0,0,0.866667,success
Beef,AEON-TSC,Continuous,rotf,Accuracy,60,470,10.4231,1.0,1,0.866667,success
Beef,AEON-TSC,Continuous,rotf,Accuracy,60,470,12.377,1.0,2,0.833333,success
Beef,AEON-TSC,Continuous,rotf,Accuracy,60,470,10.697,1.0,3,0.833333,success
Beef,AEON-TSC,Continuous,rotf,Accuracy,60,470,12.4807,1.0,4,0.833333,success
BeetleFly,AEON-TSC,Continuous,rf,Accuracy,40,512,0.2792,1.0,0,0.85,success
BeetleFly,AEON-TSC,Continuous,rf,Accuracy,40,512,0.2763,1.0,1,0.85,success
BeetleFly,AEON-TSC,Continuous,rf,Accuracy,40,512,0.2556,1.0,2,0.8,success
BeetleFly,AEON-TSC,Continuous,rf,Accuracy,40,512,0.2652,1.0,3,0.85,success
BeetleFly,AEON-TSC,Continuous,rf,Accuracy,40,512,0.2625,1.0,4,0.95,success
BeetleFly,AEON-TSC,Continuous,et,Accuracy,40,512,0.1708,1.0,0,0.75,success
BeetleFly,AEON-TSC,Continuous,et,Accuracy,40,512,0.1883,1.0,1,0.8,success
BeetleFly,AEON-TSC,Continuous,et,Accuracy,40,512,0.194,1.0,2,0.8,success
BeetleFly,AEON-TSC,Continuous,et,Accuracy,40,512,0.1891,1.0,3,0.85,success
BeetleFly,AEON-TSC,Continuous,et,Accuracy,40,512,0.1701,1.0,4,0.75,success
BeetleFly,AEON-TSC,Continuous,rotf,Accuracy,40,512,11.5654,1.0,0,0.95,success
BeetleFly,AEON-TSC,Continuous,rotf,Accuracy,40,512,10.4946,1.0,1,0.85,success
BeetleFly,AEON-TSC,Continuous,rotf,Accuracy,40,512,10.4441,1.0,2,0.8,success
BeetleFly,AEON-TSC,Continuous,rotf,Accuracy,40,512,10.2425,1.0,3,0.9,success
BeetleFly,AEON-TSC,Continuous,rotf,Accuracy,40,512,10.6551,1.0,4,0.9,success
BirdChicken,AEON-TSC,Continuous,rf,Accuracy,40,512,0.2586,1.0,0,0.75,success
BirdChicken,AEON-TSC,Continuous,rf,Accuracy,40,512,0.2586,1.0,1,0.7,success
BirdChicken,AEON-TSC,Continuous,rf,Accuracy,40,512,0.2615,1.0,2,0.85,success
BirdChicken,AEON-TSC,Continuous,rf,Accuracy,40,512,0.2678,1.0,3,0.7,success
BirdChicken,AEON-TSC,Continuous,rf,Accuracy,40,512,0.2606,1.0,4,0.85,success
BirdChicken,AEON-TSC,Continuous,et,Accuracy,40,512,0.1795,1.0,0,0.65,success
BirdChicken,AEON-TSC,Continuous,et,Accuracy,40,512,0.1787,1.0,1,0.65,success
BirdChicken,AEON-TSC,Continuous,et,Accuracy,40,512,0.1779,1.0,2,0.55,success
BirdChicken,AEON-TSC,Continuous,et,Accuracy,40,512,0.1798,1.0,3,0.6,success
BirdChicken,AEON-TSC,Continuous,et,Accuracy,40,512,0.1783,1.0,4,0.65,success
BirdChicken,AEON-TSC,Continuous,rotf,Accuracy,40,512,10.8542,1.0,0,0.85,success
BirdChicken,AEON-TSC,Continuous,rotf,Accuracy,40,512,10.5543,1.0,1,0.85,success
BirdChicken,AEON-TSC,Continuous,rotf,Accuracy,40,512,10.6352,1.0,2,0.95,success
BirdChicken,AEON-TSC,Continuous,rotf,Accuracy,40,512,11.0141,1.0,3,0.85,success
BirdChicken,AEON-TSC,Continuous,rotf,Accuracy,40,512,13.0344,1.0,4,0.85,success
BME,AEON-TSC,Continuous,rf,Accuracy,180,128,0.2802,1.0,0,0.973333,success
BME,AEON-TSC,Continuous,rf,Accuracy,180,128,0.2796,1.0,1,0.973333,success
BME,AEON-TSC,Continuous,rf,Accuracy,180,128,0.2824,1.0,2,0.986667,success
BME,AEON-TSC,Continuous,rf,Accuracy,180,128,0.2785,1.0,3,0.986667,success
BME,AEON-TSC,Continuous,rf,Accuracy,180,128,0.2807,1.0,4,0.98,success
BME,AEON-TSC,Continuous,et,Accuracy,180,128,0.2063,1.0,0,0.96,success
BME,AEON-TSC,Continuous,et,Accuracy,180,128,0.1702,1.0,1,0.946667,success
BME,AEON-TSC,Continuous,et,Accuracy,180,128,0.2018,1.0,2,0.953333,success
BME,AEON-TSC,Continuous,et,Accuracy,180,128,0.2046,1.0,3,0.96,success
BME,AEON-TSC,Continuous,et,Accuracy,180,128,0.1987,1.0,4,0.96,success
BME,AEON-TSC,Continuous,rotf,Accuracy,180,128,3.4722,1.0,0,0.993333,success
BME,AEON-TSC,Continuous,rotf,Accuracy,180,128,3.0968,1.0,1,1.0,success
BME,AEON-TSC,Continuous,rotf,Accuracy,180,128,2.7993,1.0,2,1.0,success
BME,AEON-TSC,Continuous,rotf,Accuracy,180,128,2.8773,1.0,3,0.98,success
BME,AEON-TSC,Continuous,rotf,Accuracy,180,128,2.8404,1.0,4,0.993333,success
Car,AEON-TSC,Continuous,rf,Accuracy,120,577,0.3241,1.5455,0,0.666667,success
Car,AEON-TSC,Continuous,rf,Accuracy,120,577,0.3265,1.5455,1,0.666667,success
Car,AEON-TSC,Continuous,rf,Accuracy,120,577,0.3211,1.5455,2,0.666667,success
Car,AEON-TSC,Continuous,rf,Accuracy,120,577,0.3333,1.5455,3,0.666667,success
Car,AEON-TSC,Continuous,rf,Accuracy,120,577,0.3296,1.5455,4,0.7,success
Car,AEON-TSC,Continuous,et,Accuracy,120,577,0.2091,1.5455,0,0.7,success
Car,AEON-TSC,Continuous,et,Accuracy,120,577,0.2111,1.5455,1,0.733333,success
Car,AEON-TSC,Continuous,et,Accuracy,120,577,0.2296,1.5455,2,0.683333,success
Car,AEON-TSC,Continuous,et,Accuracy,120,577,0.2138,1.5455,3,0.7,success
Car,AEON-TSC,Continuous,et,Accuracy,120,577,0.2293,1.5455,4,0.75,success
Car,AEON-TSC,Continuous,rotf,Accuracy,120,577,13.7239,1.5455,0,0.8,success
Car,AEON-TSC,Continuous,rotf,Accuracy,120,577,14.8347,1.5455,1,0.8,success
Car,AEON-TSC,Continuous,rotf,Accuracy,120,577,14.6464,1.5455,2,0.816667,success
Car,AEON-TSC,Continuous,rotf,Accuracy,120,577,14.3235,1.5455,3,0.833333,success
Car,AEON-TSC,Continuous,rotf,Accuracy,120,577,14.7473,1.5455,4,0.783333,success
CBF,AEON-TSC,Continuous,rf,Accuracy,930,128,0.2637,1.5,0,0.89,success
CBF,AEON-TSC,Continuous,rf,Accuracy,930,128,0.2635,1.5,1,0.891111,success
CBF,AEON-TSC,Continuous,rf,Accuracy,930,128,0.2608,1.5,2,0.888889,success
CBF,AEON-TSC,Continuous,rf,Accuracy,930,128,0.2629,1.5,3,0.888889,success
CBF,AEON-TSC,Continuous,rf,Accuracy,930,128,0.2672,1.5,4,0.863333,success
CBF,AEON-TSC,Continuous,et,Accuracy,930,128,0.1802,1.5,0,0.918889,success
CBF,AEON-TSC,Continuous,et,Accuracy,930,128,0.1851,1.5,1,0.928889,success
CBF,AEON-TSC,Continuous,et,Accuracy,930,128,0.1811,1.5,2,0.923333,success
CBF,AEON-TSC,Continuous,et,Accuracy,930,128,0.192,1.5,3,0.914444,success
CBF,AEON-TSC,Continuous,et,Accuracy,930,128,0.1847,1.5,4,0.936667,success
CBF,AEON-TSC,Continuous,rotf,Accuracy,930,128,3.3437,1.5,0,0.942222,success
CBF,AEON-TSC,Continuous,rotf,Accuracy,930,128,3.1248,1.5,1,0.911111,success
CBF,AEON-TSC,Continuous,rotf,Accuracy,930,128,3.263,1.5,2,0.937778,success
CBF,AEON-TSC,Continuous,rotf,Accuracy,930,128,3.3639,1.5,3,0.933333,success
CBF,AEON-TSC,Continuous,rotf,Accuracy,930,128,3.37,1.5,4,0.925556,success
Chinatown,AEON-TSC,Continuous,rf,Accuracy,363,24,0.2547,1.0,0,0.976676,success
Chinatown,AEON-TSC,Continuous,rf,Accuracy,363,24,0.2447,1.0,1,0.982507,success
Chinatown,AEON-TSC,Continuous,rf,Accuracy,363,24,0.2542,1.0,2,0.982507,success
Chinatown,AEON-TSC,Continuous,rf,Accuracy,363,24,0.2403,1.0,3,0.979592,success
Chinatown,AEON-TSC,Continuous,rf,Accuracy,363,24,0.2577,1.0,4,0.982507,success
Chinatown,AEON-TSC,Continuous,et,Accuracy,363,24,0.191,1.0,0,0.979592,success
Chinatown,AEON-TSC,Continuous,et,Accuracy,363,24,0.1855,1.0,1,0.979592,success
Chinatown,AEON-TSC,Continuous,et,Accuracy,363,24,0.1634,1.0,2,0.973761,success
Chinatown,AEON-TSC,Continuous,et,Accuracy,363,24,0.1761,1.0,3,0.976676,success
Chinatown,AEON-TSC,Continuous,et,Accuracy,363,24,0.1764,1.0,4,0.976676,success
Chinatown,AEON-TSC,Continuous,rotf,Accuracy,363,24,0.7357,1.0,0,0.985423,success
Chinatown,AEON-TSC,Continuous,rotf,Accuracy,363,24,0.6784,1.0,1,0.985423,success
Chinatown,AEON-TSC,Continuous,rotf,Accuracy,363,24,0.8106,1.0,2,0.985423,success
Chinatown,AEON-TSC,Continuous,rotf,Accuracy,363,24,0.6305,1.0,3,0.985423,success
Chinatown,AEON-TSC,Continuous,rotf,Accuracy,363,24,0.6491,1.0,4,0.982507,success
ChlorineConcentration,AEON-TSC,Continuous,rf,Accuracy,4307,166,1.3142,2.8791,0,0.708073,success
ChlorineConcentration,AEON-TSC,Continuous,rf,Accuracy,4307,166,1.341,2.8791,1,0.708073,success
ChlorineConcentration,AEON-TSC,Continuous,rf,Accuracy,4307,166,1.3638,2.8791,2,0.713542,success
ChlorineConcentration,AEON-TSC,Continuous,rf,Accuracy,4307,166,1.3573,2.8791,3,0.7125,success
ChlorineConcentration,AEON-TSC,Continuous,rf,Accuracy,4307,166,1.3478,2.8791,4,0.713802,success
ChlorineConcentration,AEON-TSC,Continuous,et,Accuracy,4307,166,0.4349,2.8791,0,0.728646,success
ChlorineConcentration,AEON-TSC,Continuous,et,Accuracy,4307,166,0.4595,2.8791,1,0.729948,success
ChlorineConcentration,AEON-TSC,Continuous,et,Accuracy,4307,166,0.4539,2.8791,2,0.726562,success
ChlorineConcentration,AEON-TSC,Continuous,et,Accuracy,4307,166,0.4765,2.8791,3,0.730208,success
ChlorineConcentration,AEON-TSC,Continuous,et,Accuracy,4307,166,0.4551,2.8791,4,0.726302,success
ChlorineConcentration,AEON-TSC,Continuous,rotf,Accuracy,4307,166,15.7551,2.8791,0,0.889583,success
ChlorineConcentration,AEON-TSC,Continuous,rotf,Accuracy,4307,166,15.7296,2.8791,1,0.890365,success
ChlorineConcentration,AEON-TSC,Continuous,rotf,Accuracy,4307,166,15.8844,2.8791,2,0.89349,success
ChlorineConcentration,AEON-TSC,Continuous,rotf,Accuracy,4307,166,15.162,2.8791,3,0.882292,success
ChlorineConcentration,AEON-TSC,Continuous,rotf,Accuracy,4307,166,15.2459,2.8791,4,0.894271,success
CinCECGTorso,AEON-TSC,Continuous,rf,Accuracy,1420,1639,0.4612,2.6,0,0.721014,success
CinCECGTorso,AEON-TSC,Continuous,rf,Accuracy,1420,1639,0.4103,2.6,1,0.745652,success
CinCECGTorso,AEON-TSC,Continuous,rf,Accuracy,1420,1639,0.428,2.6,2,0.721014,success
CinCECGTorso,AEON-TSC,Continuous,rf,Accuracy,1420,1639,0.4465,2.6,3,0.731884,success
CinCECGTorso,AEON-TSC,Continuous,rf,Accuracy,1420,1639,0.3998,2.6,4,0.724638,success
CinCECGTorso,AEON-TSC,Continuous,et,Accuracy,1420,1639,0.2837,2.6,0,0.800725,success
CinCECGTorso,AEON-TSC,Continuous,et,Accuracy,1420,1639,0.3321,2.6,1,0.78913,success
CinCECGTorso,AEON-TSC,Continuous,et,Accuracy,1420,1639,0.2932,2.6,2,0.789855,success
CinCECGTorso,AEON-TSC,Continuous,et,Accuracy,1420,1639,0.3102,2.6,3,0.768116,success
CinCECGTorso,AEON-TSC,Continuous,et,Accuracy,1420,1639,0.3087,2.6,4,0.773188,success
CinCECGTorso,AEON-TSC,Continuous,rotf,Accuracy,1420,1639,41.7132,2.6,0,0.644928,success
CinCECGTorso,AEON-TSC,Continuous,rotf,Accuracy,1420,1639,44.3006,2.6,1,0.636957,success
CinCECGTorso,AEON-TSC,Continuous,rotf,Accuracy,1420,1639,42.6116,2.6,2,0.621739,success
CinCECGTorso,AEON-TSC,Continuous,rotf,Accuracy,1420,1639,44.7075,2.6,3,0.645652,success
CinCECGTorso,AEON-TSC,Continuous,rotf,Accuracy,1420,1639,46.1062,2.6,4,0.65,success
Coffee,AEON-TSC,Continuous,rf,Accuracy,56,286,0.3274,1.0,0,0.964286,success
Coffee,AEON-TSC,Continuous,rf,Accuracy,56,286,0.2607,1.0,1,1.0,success
Coffee,AEON-TSC,Continuous,rf,Accuracy,56,286,0.2791,1.0,2,1.0,success
Coffee,AEON-TSC,Continuous,rf,Accuracy,56,286,0.2556,1.0,3,0.964286,success
Coffee,AEON-TSC,Continuous,rf,Accuracy,56,286,0.2508,1.0,4,1.0,success
Coffee,AEON-TSC,Continuous,et,Accuracy,56,286,0.2168,1.0,0,1.0,success
Coffee,AEON-TSC,Continuous,et,Accuracy,56,286,0.1746,1.0,1,1.0,success
Coffee,AEON-TSC,Continuous,et,Accuracy,56,286,0.1777,1.0,2,1.0,success
Coffee,AEON-TSC,Continuous,et,Accuracy,56,286,0.1785,1.0,3,0.964286,success
Coffee,AEON-TSC,Continuous,et,Accuracy,56,286,0.1727,1.0,4,1.0,success
Coffee,AEON-TSC,Continuous,rotf,Accuracy,56,286,6.0816,1.0,0,1.0,success
Coffee,AEON-TSC,Continuous,rotf,Accuracy,56,286,5.7113,1.0,1,0.964286,success
Coffee,AEON-TSC,Continuous,rotf,Accuracy,56,286,6.4812,1.0,2,1.0,success
Coffee,AEON-TSC,Continuous,rotf,Accuracy,56,286,6.1153,1.0,3,1.0,success
Coffee,AEON-TSC,Continuous,rotf,Accuracy,56,286,6.0604,1.0,4,0.964286,success
Computers,AEON-TSC,Continuous,rf,Accuracy,500,720,0.9463,1.0,0,0.62,success
Computers,AEON-TSC,Continuous,rf,Accuracy,500,720,0.8862,1.0,1,0.624,success
Computers,AEON-TSC,Continuous,rf,Accuracy,500,720,0.8926,1.0,2,0.62,success
Computers,AEON-TSC,Continuous,rf,Accuracy,500,720,0.9316,1.0,3,0.608,success
Computers,AEON-TSC,Continuous,rf,Accuracy,500,720,0.9799,1.0,4,0.632,success
Computers,AEON-TSC,Continuous,et,Accuracy,500,720,0.4177,1.0,0,0.572,success
Computers,AEON-TSC,Continuous,et,Accuracy,500,720,0.4209,1.0,1,0.6,success
Computers,AEON-TSC,Continuous,et,Accuracy,500,720,0.3891,1.0,2,0.596,success
Computers,AEON-TSC,Continuous,et,Accuracy,500,720,0.4044,1.0,3,0.592,success
Computers,AEON-TSC,Continuous,et,Accuracy,500,720,0.3865,1.0,4,0.576,success
Computers,AEON-TSC,Continuous,rotf,Accuracy,500,720,30.3699,1.0,0,0.664,success
Computers,AEON-TSC,Continuous,rotf,Accuracy,500,720,30.9169,1.0,1,0.664,success
Computers,AEON-TSC,Continuous,rotf,Accuracy,500,720,30.3243,1.0,2,0.652,success
Computers,AEON-TSC,Continuous,rotf,Accuracy,500,720,30.6808,1.0,3,0.672,success
Computers,AEON-TSC,Continuous,rotf,Accuracy,500,720,30.167,1.0,4,0.66,success
CricketX,AEON-TSC,Continuous,rf,Accuracy,780,300,1.1126,1.56,0,0.548718,success
CricketX,AEON-TSC,Continuous,rf,Accuracy,780,300,1.1164,1.56,1,0.553846,success
CricketX,AEON-TSC,Continuous,rf,Accuracy,780,300,1.1276,1.56,2,0.553846,success
CricketX,AEON-TSC,Continuous,rf,Accuracy,780,300,1.1068,1.56,3,0.582051,success
CricketX,AEON-TSC,Continuous,rf,Accuracy,780,300,1.0857,1.56,4,0.576923,success
CricketX,AEON-TSC,Continuous,et,Accuracy,780,300,0.4705,1.56,0,0.605128,success
CricketX,AEON-TSC,Continuous,et,Accuracy,780,300,0.4429,1.56,1,0.594872,success
CricketX,AEON-TSC,Continuous,et,Accuracy,780,300,0.4801,1.56,2,0.605128,success
CricketX,AEON-TSC,Continuous,et,Accuracy,780,300,0.4462,1.56,3,0.64359,success
CricketX,AEON-TSC,Continuous,et,Accuracy,780,300,0.4752,1.56,4,0.615385,success
CricketX,AEON-TSC,Continuous,rotf,Accuracy,780,300,27.7226,1.56,0,0.620513,success
CricketX,AEON-TSC,Continuous,rotf,Accuracy,780,300,27.6421,1.56,1,0.587179,success
CricketX,AEON-TSC,Continuous,rotf,Accuracy,780,300,27.7761,1.56,2,0.592308,success
CricketX,AEON-TSC,Continuous,rotf,Accuracy,780,300,27.1354,1.56,3,0.594872,success
CricketX,AEON-TSC,Continuous,rotf,Accuracy,780,300,26.6827,1.56,4,0.589744,success
CricketY,AEON-TSC,Continuous,rf,Accuracy,780,300,1.0377,1.2857,0,0.6,success
CricketY,AEON-TSC,Continuous,rf,Accuracy,780,300,1.0563,1.2857,1,0.6,success
CricketY,AEON-TSC,Continuous,rf,Accuracy,780,300,1.0541,1.2857,2,0.55641,success
CricketY,AEON-TSC,Continuous,rf,Accuracy,780,300,1.0355,1.2857,3,0.623077,success
CricketY,AEON-TSC,Continuous,rf,Accuracy,780,300,1.0299,1.2857,4,0.605128,success
CricketY,AEON-TSC,Continuous,et,Accuracy,780,300,0.4449,1.2857,0,0.630769,success
CricketY,AEON-TSC,Continuous,et,Accuracy,780,300,0.4407,1.2857,1,0.615385,success
CricketY,AEON-TSC,Continuous,et,Accuracy,780,300,0.4379,1.2857,2,0.625641,success
CricketY,AEON-TSC,Continuous,et,Accuracy,780,300,0.438,1.2857,3,0.628205,success
CricketY,AEON-TSC,Continuous,et,Accuracy,780,300,0.4412,1.2857,4,0.6,success
CricketY,AEON-TSC,Continuous,rotf,Accuracy,780,300,26.9152,1.2857,0,0.607692,success
CricketY,AEON-TSC,Continuous,rotf,Accuracy,780,300,27.214,1.2857,1,0.617949,success
CricketY,AEON-TSC,Continuous,rotf,Accuracy,780,300,27.0741,1.2857,2,0.579487,success
CricketY,AEON-TSC,Continuous,rotf,Accuracy,780,300,27.3323,1.2857,3,0.607692,success
CricketY,AEON-TSC,Continuous,rotf,Accuracy,780,300,27.1275,1.2857,4,0.579487,success
CricketZ,AEON-TSC,Continuous,rf,Accuracy,780,300,1.1053,1.64,0,0.574359,success
CricketZ,AEON-TSC,Continuous,rf,Accuracy,780,300,1.1101,1.64,1,0.6,success
CricketZ,AEON-TSC,Continuous,rf,Accuracy,780,300,1.142,1.64,2,0.571795,success
CricketZ,AEON-TSC,Continuous,rf,Accuracy,780,300,1.134,1.64,3,0.574359,success
CricketZ,AEON-TSC,Continuous,rf,Accuracy,780,300,1.1238,1.64,4,0.553846,success
CricketZ,AEON-TSC,Continuous,et,Accuracy,780,300,0.4229,1.64,0,0.628205,success
CricketZ,AEON-TSC,Continuous,et,Accuracy,780,300,0.4492,1.64,1,0.638462,success
CricketZ,AEON-TSC,Continuous,et,Accuracy,780,300,0.4333,1.64,2,0.612821,success
CricketZ,AEON-TSC,Continuous,et,Accuracy,780,300,0.4633,1.64,3,0.633333,success
CricketZ,AEON-TSC,Continuous,et,Accuracy,780,300,0.4274,1.64,4,0.617949,success
CricketZ,AEON-TSC,Continuous,rotf,Accuracy,780,300,28.4568,1.64,0,0.617949,success
CricketZ,AEON-TSC,Continuous,rotf,Accuracy,780,300,28.9627,1.64,1,0.625641,success
CricketZ,AEON-TSC,Continuous,rotf,Accuracy,780,300,28.6709,1.64,2,0.605128,success
CricketZ,AEON-TSC,Continuous,rotf,Accuracy,780,300,27.2856,1.64,3,0.610256,success
CricketZ,AEON-TSC,Continuous,rotf,Accuracy,780,300,27.5287,1.64,4,0.605128,success
DiatomSizeReduction,AEON-TSC,Continuous,rf,Accuracy,322,345,0.2544,6.0,0,0.901961,success
DiatomSizeReduction,AEON-TSC,Continuous,rf,Accuracy,322,345,0.2743,6.0,1,0.898693,success
DiatomSizeReduction,AEON-TSC,Continuous,rf,Accuracy,322,345,0.2749,6.0,2,0.921569,success
DiatomSizeReduction,AEON-TSC,Continuous,rf,Accuracy,322,345,0.252,6.0,3,0.915033,success
DiatomSizeReduction,AEON-TSC,Continuous,rf,Accuracy,322,345,0.2809,6.0,4,0.885621,success
DiatomSizeReduction,AEON-TSC,Continuous,et,Accuracy,322,345,0.1954,6.0,0,0.934641,success
DiatomSizeReduction,AEON-TSC,Continuous,et,Accuracy,322,345,0.183,6.0,1,0.934641,success
DiatomSizeReduction,AEON-TSC,Continuous,et,Accuracy,322,345,0.1911,6.0,2,0.928105,success
DiatomSizeReduction,AEON-TSC,Continuous,et,Accuracy,322,345,0.2017,6.0,3,0.937908,success
DiatomSizeReduction,AEON-TSC,Continuous,et,Accuracy,322,345,0.1935,6.0,4,0.954248,success
DiatomSizeReduction,AEON-TSC,Continuous,rotf,Accuracy,322,345,8.3826,6.0,0,0.924837,success
DiatomSizeReduction,AEON-TSC,Continuous,rotf,Accuracy,322,345,7.1773,6.0,1,0.957516,success
DiatomSizeReduction,AEON-TSC,Continuous,rotf,Accuracy,322,345,7.7317,6.0,2,0.928105,success
DiatomSizeReduction,AEON-TSC,Continuous,rotf,Accuracy,322,345,7.7416,6.0,3,0.937908,success
DiatomSizeReduction,AEON-TSC,Continuous,rotf,Accuracy,322,345,8.1849,6.0,4,0.934641,success
DistalPhalanxOutlineCorrect,AEON-TSC,Continuous,rf,Accuracy,876,80,0.8171,1.7027,0,0.764493,success
DistalPhalanxOutlineCorrect,AEON-TSC,Continuous,rf,Accuracy,876,80,0.8192,1.7027,1,0.778986,success
DistalPhalanxOutlineCorrect,AEON-TSC,Continuous,rf,Accuracy,876,80,0.8385,1.7027,2,0.771739,success
DistalPhalanxOutlineCorrect,AEON-TSC,Continuous,rf,Accuracy,876,80,0.8146,1.7027,3,0.764493,success
DistalPhalanxOutlineCorrect,AEON-TSC,Continuous,rf,Accuracy,876,80,0.8176,1.7027,4,0.782609,success
DistalPhalanxOutlineCorrect,AEON-TSC,Continuous,et,Accuracy,876,80,0.3132,1.7027,0,0.771739,success
DistalPhalanxOutlineCorrect,AEON-TSC,Continuous,et,Accuracy,876,80,0.3229,1.7027,1,0.775362,success
DistalPhalanxOutlineCorrect,AEON-TSC,Continuous,et,Accuracy,876,80,0.3373,1.7027,2,0.793478,success
DistalPhalanxOutlineCorrect,AEON-TSC,Continuous,et,Accuracy,876,80,0.3511,1.7027,3,0.775362,success
DistalPhalanxOutlineCorrect,AEON-TSC,Continuous,et,Accuracy,876,80,0.3294,1.7027,4,0.775362,success
DistalPhalanxOutlineCorrect,AEON-TSC,Continuous,rotf,Accuracy,876,80,6.3973,1.7027,0,0.789855,success
DistalPhalanxOutlineCorrect,AEON-TSC,Continuous,rotf,Accuracy,876,80,6.4265,1.7027,1,0.797101,success
DistalPhalanxOutlineCorrect,AEON-TSC,Continuous,rotf,Accuracy,876,80,6.3833,1.7027,2,0.782609,success
DistalPhalanxOutlineCorrect,AEON-TSC,Continuous,rotf,Accuracy,876,80,6.2989,1.7027,3,0.786232,success
DistalPhalanxOutlineCorrect,AEON-TSC,Continuous,rotf,Accuracy,876,80,6.4652,1.7027,4,0.778986,success
DistalPhalanxOutlineAgeGroup,AEON-TSC,Continuous,rf,Accuracy,539,80,0.5485,8.5667,0,0.769784,success
DistalPhalanxOutlineAgeGroup,AEON-TSC,Continuous,rf,Accuracy,539,80,0.4762,8.5667,1,0.798561,success
DistalPhalanxOutlineAgeGroup,AEON-TSC,Continuous,rf,Accuracy,539,80,0.5424,8.5667,2,0.76259,success
DistalPhalanxOutlineAgeGroup,AEON-TSC,Continuous,rf,Accuracy,539,80,0.4762,8.5667,3,0.769784,success
DistalPhalanxOutlineAgeGroup,AEON-TSC,Continuous,rf,Accuracy,539,80,0.4808,8.5667,4,0.76259,success
DistalPhalanxOutlineAgeGroup,AEON-TSC,Continuous,et,Accuracy,539,80,0.2707,8.5667,0,0.76259,success
DistalPhalanxOutlineAgeGroup,AEON-TSC,Continuous,et,Accuracy,539,80,0.2394,8.5667,1,0.791367,success
DistalPhalanxOutlineAgeGroup,AEON-TSC,Continuous,et,Accuracy,539,80,0.234,8.5667,2,0.769784,success
DistalPhalanxOutlineAgeGroup,AEON-TSC,Continuous,et,Accuracy,539,80,0.2726,8.5667,3,0.755396,success
DistalPhalanxOutlineAgeGroup,AEON-TSC,Continuous,et,Accuracy,539,80,0.2796,8.5667,4,0.784173,success
DistalPhalanxOutlineAgeGroup,AEON-TSC,Continuous,rotf,Accuracy,539,80,3.9891,8.5667,0,0.748201,success
DistalPhalanxOutlineAgeGroup,AEON-TSC,Continuous,rotf,Accuracy,539,80,3.9777,8.5667,1,0.769784,success
DistalPhalanxOutlineAgeGroup,AEON-TSC,Continuous,rotf,Accuracy,539,80,3.8876,8.5667,2,0.776978,success
DistalPhalanxOutlineAgeGroup,AEON-TSC,Continuous,rotf,Accuracy,539,80,4.0954,8.5667,3,0.755396,success
DistalPhalanxOutlineAgeGroup,AEON-TSC,Continuous,rotf,Accuracy,539,80,4.1621,8.5667,4,0.726619,success
DistalPhalanxTW,AEON-TSC,Continuous,rf,Accuracy,539,80,0.587,11.8333,0,0.683453,success
DistalPhalanxTW,AEON-TSC,Continuous,rf,Accuracy,539,80,0.535,11.8333,1,0.683453,success
DistalPhalanxTW,AEON-TSC,Continuous,rf,Accuracy,539,80,0.5261,11.8333,2,0.697842,success
DistalPhalanxTW,AEON-TSC,Continuous,rf,Accuracy,539,80,0.512,11.8333,3,0.676259,success
DistalPhalanxTW,AEON-TSC,Continuous,rf,Accuracy,539,80,0.4986,11.8333,4,0.683453,success
DistalPhalanxTW,AEON-TSC,Continuous,et,Accuracy,539,80,0.2519,11.8333,0,0.683453,success
DistalPhalanxTW,AEON-TSC,Continuous,et,Accuracy,539,80,0.251,11.8333,1,0.705036,success
DistalPhalanxTW,AEON-TSC,Continuous,et,Accuracy,539,80,0.2642,11.8333,2,0.697842,success
DistalPhalanxTW,AEON-TSC,Continuous,et,Accuracy,539,80,0.2558,11.8333,3,0.705036,success
DistalPhalanxTW,AEON-TSC,Continuous,et,Accuracy,539,80,0.2459,11.8333,4,0.705036,success
DistalPhalanxTW,AEON-TSC,Continuous,rotf,Accuracy,539,80,4.3808,11.8333,0,0.683453,success
DistalPhalanxTW,AEON-TSC,Continuous,rotf,Accuracy,539,80,4.4257,11.8333,1,0.719424,success
DistalPhalanxTW,AEON-TSC,Continuous,rotf,Accuracy,539,80,4.4864,11.8333,2,0.690647,success
DistalPhalanxTW,AEON-TSC,Continuous,rotf,Accuracy,539,80,4.4314,11.8333,3,0.719424,success
DistalPhalanxTW,AEON-TSC,Continuous,rotf,Accuracy,539,80,4.3956,11.8333,4,0.705036,success
Earthquakes,AEON-TSC,Continuous,rf,Accuracy,461,512,0.9214,4.5517,0,0.748201,success
Earthquakes,AEON-TSC,Continuous,rf,Accuracy,461,512,0.8988,4.5517,1,0.748201,success
Earthquakes,AEON-TSC,Continuous,rf,Accuracy,461,512,0.8914,4.5517,2,0.748201,success
Earthquakes,AEON-TSC,Continuous,rf,Accuracy,461,512,0.9072,4.5517,3,0.748201,success
Earthquakes,AEON-TSC,Continuous,rf,Accuracy,461,512,0.895,4.5517,4,0.748201,success
Earthquakes,AEON-TSC,Continuous,et,Accuracy,461,512,0.3206,4.5517,0,0.748201,success
Earthquakes,AEON-TSC,Continuous,et,Accuracy,461,512,0.3236,4.5517,1,0.748201,success
Earthquakes,AEON-TSC,Continuous,et,Accuracy,461,512,0.3227,4.5517,2,0.748201,success
Earthquakes,AEON-TSC,Continuous,et,Accuracy,461,512,0.3156,4.5517,3,0.748201,success
Earthquakes,AEON-TSC,Continuous,et,Accuracy,461,512,0.3068,4.5517,4,0.748201,success
Earthquakes,AEON-TSC,Continuous,rotf,Accuracy,461,512,21.7701,4.5517,0,0.76259,success
Earthquakes,AEON-TSC,Continuous,rotf,Accuracy,461,512,22.3471,4.5517,1,0.748201,success
Earthquakes,AEON-TSC,Continuous,rotf,Accuracy,461,512,23.1183,4.5517,2,0.76259,success
Earthquakes,AEON-TSC,Continuous,rotf,Accuracy,461,512,21.7437,4.5517,3,0.755396,success
Earthquakes,AEON-TSC,Continuous,rotf,Accuracy,461,512,22.8214,4.5517,4,0.755396,success
ECG200,AEON-TSC,Continuous,rf,Accuracy,200,96,0.281,2.2258,0,0.83,success
ECG200,AEON-TSC,Continuous,rf,Accuracy,200,96,0.272,2.2258,1,0.8,success
ECG200,AEON-TSC,Continuous,rf,Accuracy,200,96,0.2715,2.2258,2,0.82,success
ECG200,AEON-TSC,Continuous,rf,Accuracy,200,96,0.2783,2.2258,3,0.81,success
ECG200,AEON-TSC,Continuous,rf,Accuracy,200,96,0.2827,2.2258,4,0.81,success
ECG200,AEON-TSC,Continuous,et,Accuracy,200,96,0.1815,2.2258,0,0.87,success
ECG200,AEON-TSC,Continuous,et,Accuracy,200,96,0.1837,2.2258,1,0.9,success
ECG200,AEON-TSC,Continuous,et,Accuracy,200,96,0.184,2.2258,2,0.89,success
ECG200,AEON-TSC,Continuous,et,Accuracy,200,96,0.1853,2.2258,3,0.89,success
ECG200,AEON-TSC,Continuous,et,Accuracy,200,96,0.1875,2.2258,4,0.87,success
ECG200,AEON-TSC,Continuous,rotf,Accuracy,200,96,2.3884,2.2258,0,0.84,success
ECG200,AEON-TSC,Continuous,rotf,Accuracy,200,96,2.518,2.2258,1,0.85,success
ECG200,AEON-TSC,Continuous,rotf,Accuracy,200,96,2.6208,2.2258,2,0.87,success
ECG200,AEON-TSC,Continuous,rotf,Accuracy,200,96,2.6116,2.2258,3,0.86,success
ECG200,AEON-TSC,Continuous,rotf,Accuracy,200,96,2.4968,2.2258,4,0.87,success
ECG5000,AEON-TSC,Continuous,rf,Accuracy,5000,140,0.7309,146.0,0,0.935778,success
ECG5000,AEON-TSC,Continuous,rf,Accuracy,5000,140,0.7403,146.0,1,0.935556,success
ECG5000,AEON-TSC,Continuous,rf,Accuracy,5000,140,0.7237,146.0,2,0.937111,success
ECG5000,AEON-TSC,Continuous,rf,Accuracy,5000,140,0.7358,146.0,3,0.937111,success
ECG5000,AEON-TSC,Continuous,rf,Accuracy,5000,140,0.7038,146.0,4,0.937111,success
ECG5000,AEON-TSC,Continuous,et,Accuracy,5000,140,0.2909,146.0,0,0.936889,success
ECG5000,AEON-TSC,Continuous,et,Accuracy,5000,140,0.2976,146.0,1,0.936889,success
ECG5000,AEON-TSC,Continuous,et,Accuracy,5000,140,0.2943,146.0,2,0.937111,success
ECG5000,AEON-TSC,Continuous,et,Accuracy,5000,140,0.381,146.0,3,0.938444,success
ECG5000,AEON-TSC,Continuous,et,Accuracy,5000,140,0.299,146.0,4,0.936667,success
ECG5000,AEON-TSC,Continuous,rotf,Accuracy,5000,140,9.257,146.0,0,0.939111,success
ECG5000,AEON-TSC,Continuous,rotf,Accuracy,5000,140,9.4511,146.0,1,0.940667,success
ECG5000,AEON-TSC,Continuous,rotf,Accuracy,5000,140,9.26,146.0,2,0.938667,success
ECG5000,AEON-TSC,Continuous,rotf,Accuracy,5000,140,9.2902,146.0,3,0.938667,success
ECG5000,AEON-TSC,Continuous,rotf,Accuracy,5000,140,9.2874,146.0,4,0.94,success
ECGFiveDays,AEON-TSC,Continuous,rf,Accuracy,884,136,0.2653,1.5556,0,0.799071,success
ECGFiveDays,AEON-TSC,Continuous,rf,Accuracy,884,136,0.268,1.5556,1,0.8223,success
ECGFiveDays,AEON-TSC,Continuous,rf,Accuracy,884,136,0.2673,1.5556,2,0.816492,success
ECGFiveDays,AEON-TSC,Continuous,rf,Accuracy,884,136,0.2634,1.5556,3,0.782811,success
ECGFiveDays,AEON-TSC,Continuous,rf,Accuracy,884,136,0.25,1.5556,4,0.806039,success
ECGFiveDays,AEON-TSC,Continuous,et,Accuracy,884,136,0.2144,1.5556,0,0.782811,success
ECGFiveDays,AEON-TSC,Continuous,et,Accuracy,884,136,0.1812,1.5556,1,0.768873,success
ECGFiveDays,AEON-TSC,Continuous,et,Accuracy,884,136,0.1965,1.5556,2,0.799071,success
ECGFiveDays,AEON-TSC,Continuous,et,Accuracy,884,136,0.182,1.5556,3,0.774681,success
ECGFiveDays,AEON-TSC,Continuous,et,Accuracy,884,136,0.1883,1.5556,4,0.807201,success
ECGFiveDays,AEON-TSC,Continuous,rotf,Accuracy,884,136,3.4451,1.5556,0,0.912892,success
ECGFiveDays,AEON-TSC,Continuous,rotf,Accuracy,884,136,3.031,1.5556,1,0.896632,success
ECGFiveDays,AEON-TSC,Continuous,rotf,Accuracy,884,136,3.8924,1.5556,2,0.908246,success
ECGFiveDays,AEON-TSC,Continuous,rotf,Accuracy,884,136,3.4063,1.5556,3,0.914053,success
ECGFiveDays,AEON-TSC,Continuous,rotf,Accuracy,884,136,3.329,1.5556,4,0.885017,success
EOGHorizontalSignal,AEON-TSC,Continuous,rf,Accuracy,724,1250,1.6389,1.0333,0,0.444751,success
EOGHorizontalSignal,AEON-TSC,Continuous,rf,Accuracy,724,1250,1.5844,1.0333,1,0.480663,success
EOGHorizontalSignal,AEON-TSC,Continuous,rf,Accuracy,724,1250,1.6224,1.0333,2,0.469613,success
EOGHorizontalSignal,AEON-TSC,Continuous,rf,Accuracy,724,1250,1.5817,1.0333,3,0.475138,success
EOGHorizontalSignal,AEON-TSC,Continuous,rf,Accuracy,724,1250,1.5958,1.0333,4,0.48895,success
EOGHorizontalSignal,AEON-TSC,Continuous,et,Accuracy,724,1250,0.6248,1.0333,0,0.494475,success
EOGHorizontalSignal,AEON-TSC,Continuous,et,Accuracy,724,1250,0.6066,1.0333,1,0.513812,success
EOGHorizontalSignal,AEON-TSC,Continuous,et,Accuracy,724,1250,0.66,1.0333,2,0.505525,success
EOGHorizontalSignal,AEON-TSC,Continuous,et,Accuracy,724,1250,0.632,1.0333,3,0.505525,success
EOGHorizontalSignal,AEON-TSC,Continuous,et,Accuracy,724,1250,0.6297,1.0333,4,0.505525,success
EOGHorizontalSignal,AEON-TSC,Continuous,rotf,Accuracy,724,1250,88.1548,1.0333,0,0.477901,success
EOGHorizontalSignal,AEON-TSC,Continuous,rotf,Accuracy,724,1250,86.8674,1.0333,1,0.469613,success
EOGHorizontalSignal,AEON-TSC,Continuous,rotf,Accuracy,724,1250,86.7221,1.0333,2,0.461326,success
EOGHorizontalSignal,AEON-TSC,Continuous,rotf,Accuracy,724,1250,86.3666,1.0333,3,0.458564,success
EOGHorizontalSignal,AEON-TSC,Continuous,rotf,Accuracy,724,1250,91.4675,1.0333,4,0.439227,success
EOGVerticalSignal,AEON-TSC,Continuous,rf,Accuracy,724,1250,1.7093,1.0333,0,0.417127,success
EOGVerticalSignal,AEON-TSC,Continuous,rf,Accuracy,724,1250,1.706,1.0333,1,0.400552,success
EOGVerticalSignal,AEON-TSC,Continuous,rf,Accuracy,724,1250,1.705,1.0333,2,0.392265,success
EOGVerticalSignal,AEON-TSC,Continuous,rf,Accuracy,724,1250,1.7119,1.0333,3,0.381215,success
EOGVerticalSignal,AEON-TSC,Continuous,rf,Accuracy,724,1250,1.6729,1.0333,4,0.389503,success
EOGVerticalSignal,AEON-TSC,Continuous,et,Accuracy,724,1250,0.6649,1.0333,0,0.447514,success
EOGVerticalSignal,AEON-TSC,Continuous,et,Accuracy,724,1250,0.6726,1.0333,1,0.444751,success
EOGVerticalSignal,AEON-TSC,Continuous,et,Accuracy,724,1250,0.6404,1.0333,2,0.433702,success
EOGVerticalSignal,AEON-TSC,Continuous,et,Accuracy,724,1250,0.6698,1.0333,3,0.444751,success
EOGVerticalSignal,AEON-TSC,Continuous,et,Accuracy,724,1250,0.6712,1.0333,4,0.436464,success
EOGVerticalSignal,AEON-TSC,Continuous,rotf,Accuracy,724,1250,94.4604,1.0333,0,0.406077,success
EOGVerticalSignal,AEON-TSC,Continuous,rotf,Accuracy,724,1250,93.1856,1.0333,1,0.417127,success
EOGVerticalSignal,AEON-TSC,Continuous,rotf,Accuracy,724,1250,95.3833,1.0333,2,0.406077,success
EOGVerticalSignal,AEON-TSC,Continuous,rotf,Accuracy,724,1250,93.9949,1.0333,3,0.41989,success
EOGVerticalSignal,AEON-TSC,Continuous,rotf,Accuracy,724,1250,94.715,1.0333,4,0.425414,success
EthanolLevel,AEON-TSC,Continuous,rf,Accuracy,1004,1751,2.6917,1.0,0,0.474,success
EthanolLevel,AEON-TSC,Continuous,rf,Accuracy,1004,1751,2.6544,1.0,1,0.496,success
EthanolLevel,AEON-TSC,Continuous,rf,Accuracy,1004,1751,2.6482,1.0,2,0.478,success
EthanolLevel,AEON-TSC,Continuous,rf,Accuracy,1004,1751,2.7515,1.0,3,0.478,success
EthanolLevel,AEON-TSC,Continuous,rf,Accuracy,1004,1751,2.795,1.0,4,0.486,success
EthanolLevel,AEON-TSC,Continuous,et,Accuracy,1004,1751,0.9478,1.0,0,0.48,success
EthanolLevel,AEON-TSC,Continuous,et,Accuracy,1004,1751,0.973,1.0,1,0.476,success
EthanolLevel,AEON-TSC,Continuous,et,Accuracy,1004,1751,0.9893,1.0,2,0.48,success
EthanolLevel,AEON-TSC,Continuous,et,Accuracy,1004,1751,0.995,1.0,3,0.496,success
EthanolLevel,AEON-TSC,Continuous,et,Accuracy,1004,1751,1.069,1.0,4,0.5,success
EthanolLevel,AEON-TSC,Continuous,rotf,Accuracy,1004,1751,122.5965,1.0,0,0.718,success
EthanolLevel,AEON-TSC,Continuous,rotf,Accuracy,1004,1751,125.7875,1.0,1,0.73,success
EthanolLevel,AEON-TSC,Continuous,rotf,Accuracy,1004,1751,120.1721,1.0,2,0.708,success
EthanolLevel,AEON-TSC,Continuous,rotf,Accuracy,1004,1751,120.3175,1.0,3,0.724,success
EthanolLevel,AEON-TSC,Continuous,rotf,Accuracy,1004,1751,125.3649,1.0,4,0.724,success
FaceAll,AEON-TSC,Continuous,rf,Accuracy,2250,131,1.0551,1.0,0,0.788757,success
FaceAll,AEON-TSC,Continuous,rf,Accuracy,2250,131,1.0602,1.0,1,0.829586,success
FaceAll,AEON-TSC,Continuous,rf,Accuracy,2250,131,1.0901,1.0,2,0.77574,success
FaceAll,AEON-TSC,Continuous,rf,Accuracy,2250,131,1.0841,1.0,3,0.804142,success
FaceAll,AEON-TSC,Continuous,rf,Accuracy,2250,131,1.1087,1.0,4,0.84142,success
FaceAll,AEON-TSC,Continuous,et,Accuracy,2250,131,0.4748,1.0,0,0.754438,success
FaceAll,AEON-TSC,Continuous,et,Accuracy,2250,131,0.4472,1.0,1,0.751479,success
FaceAll,AEON-TSC,Continuous,et,Accuracy,2250,131,0.4214,1.0,2,0.75503,success
FaceAll,AEON-TSC,Continuous,et,Accuracy,2250,131,0.4157,1.0,3,0.766864,success
FaceAll,AEON-TSC,Continuous,et,Accuracy,2250,131,0.4266,1.0,4,0.743787,success
FaceAll,AEON-TSC,Continuous,rotf,Accuracy,2250,131,17.264,1.0,0,0.833136,success
FaceAll,AEON-TSC,Continuous,rotf,Accuracy,2250,131,16.8656,1.0,1,0.81716,success
FaceAll,AEON-TSC,Continuous,rotf,Accuracy,2250,131,17.5519,1.0,2,0.821302,success
FaceAll,AEON-TSC,Continuous,rotf,Accuracy,2250,131,17.3307,1.0,3,0.805917,success
FaceAll,AEON-TSC,Continuous,rotf,Accuracy,2250,131,17.9687,1.0,4,0.810059,success
FaceFour,AEON-TSC,Continuous,rf,Accuracy,112,350,0.273,2.6667,0,0.75,success
FaceFour,AEON-TSC,Continuous,rf,Accuracy,112,350,0.2948,2.6667,1,0.875,success
FaceFour,AEON-TSC,Continuous,rf,Accuracy,112,350,0.2641,2.6667,2,0.840909,success
FaceFour,AEON-TSC,Continuous,rf,Accuracy,112,350,0.2714,2.6667,3,0.795455,success
FaceFour,AEON-TSC,Continuous,rf,Accuracy,112,350,0.3162,2.6667,4,0.840909,success
FaceFour,AEON-TSC,Continuous,et,Accuracy,112,350,0.1757,2.6667,0,0.886364,success
FaceFour,AEON-TSC,Continuous,et,Accuracy,112,350,0.18,2.6667,1,0.875,success
FaceFour,AEON-TSC,Continuous,et,Accuracy,112,350,0.1991,2.6667,2,0.829545,success
FaceFour,AEON-TSC,Continuous,et,Accuracy,112,350,0.177,2.6667,3,0.852273,success
FaceFour,AEON-TSC,Continuous,et,Accuracy,112,350,0.201,2.6667,4,0.829545,success
FaceFour,AEON-TSC,Continuous,rotf,Accuracy,112,350,7.7722,2.6667,0,0.943182,success
FaceFour,AEON-TSC,Continuous,rotf,Accuracy,112,350,7.926,2.6667,1,0.909091,success
FaceFour,AEON-TSC,Continuous,rotf,Accuracy,112,350,7.7286,2.6667,2,0.875,success
FaceFour,AEON-TSC,Continuous,rotf,Accuracy,112,350,7.5667,2.6667,3,0.931818,success
FaceFour,AEON-TSC,Continuous,rotf,Accuracy,112,350,7.9889,2.6667,4,0.829545,success
AppliancesEnergy,AEON-TSER,Continuous,rf,RMSE,137,3456,24.7037,N/A,0,3.36499,success
AppliancesEnergy,AEON-TSER,Continuous,rf,RMSE,137,3456,24.502,N/A,1,3.373827,success
AppliancesEnergy,AEON-TSER,Continuous,rf,RMSE,137,3456,24.9999,N/A,2,3.445769,success
AppliancesEnergy,AEON-TSER,Continuous,rf,RMSE,137,3456,24.854,N/A,3,3.390516,success
AppliancesEnergy,AEON-TSER,Continuous,rf,RMSE,137,3456,25.1252,N/A,4,3.417502,success
AppliancesEnergy,AEON-TSER,Continuous,et,RMSE,137,3456,12.4344,N/A,0,3.706228,success
AppliancesEnergy,AEON-TSER,Continuous,et,RMSE,137,3456,12.151,N/A,1,3.700754,success
AppliancesEnergy,AEON-TSER,Continuous,et,RMSE,137,3456,12.4676,N/A,2,3.639745,success
AppliancesEnergy,AEON-TSER,Continuous,et,RMSE,137,3456,12.149,N/A,3,3.592814,success
AppliancesEnergy,AEON-TSER,Continuous,et,RMSE,137,3456,12.4391,N/A,4,3.733995,success
AppliancesEnergy,AEON-TSER,Continuous,rotf,RMSE,137,1152,34.3265,N/A,0,2.28865,success
AppliancesEnergy,AEON-TSER,Continuous,rotf,RMSE,137,1152,33.0019,N/A,1,2.420866,success
AppliancesEnergy,AEON-TSER,Continuous,rotf,RMSE,137,1152,32.9003,N/A,2,2.376662,success
AppliancesEnergy,AEON-TSER,Continuous,rotf,RMSE,137,1152,33.0412,N/A,3,2.485989,success
AppliancesEnergy,AEON-TSER,Continuous,rotf,RMSE,137,1152,35.4975,N/A,4,2.334008,success
HouseholdPowerConsumption1,AEON-TSER,Continuous,rf,RMSE,1431,7200,313.1705,N/A,0,248.871246,success
HouseholdPowerConsumption1,AEON-TSER,Continuous,rf,RMSE,1431,7200,311.2389,N/A,1,247.993913,success
HouseholdPowerConsumption1,AEON-TSER,Continuous,rf,RMSE,1431,7200,315.3571,N/A,2,248.482235,success
HouseholdPowerConsumption1,AEON-TSER,Continuous,rf,RMSE,1431,7200,316.7508,N/A,3,250.838989,success
HouseholdPowerConsumption1,AEON-TSER,Continuous,rf,RMSE,1431,7200,317.1298,N/A,4,251.555054,success
HouseholdPowerConsumption1,AEON-TSER,Continuous,et,RMSE,1431,7200,187.9832,N/A,0,241.474511,success
HouseholdPowerConsumption1,AEON-TSER,Continuous,et,RMSE,1431,7200,190.1398,N/A,1,241.093916,success
HouseholdPowerConsumption1,AEON-TSER,Continuous,et,RMSE,1431,7200,198.9857,N/A,2,240.624427,success
HouseholdPowerConsumption1,AEON-TSER,Continuous,et,RMSE,1431,7200,200.2657,N/A,3,238.446223,success
HouseholdPowerConsumption1,AEON-TSER,Continuous,et,RMSE,1431,7200,192.1407,N/A,4,239.585847,success
HouseholdPowerConsumption1,AEON-TSER,Continuous,rotf,RMSE,1431,1028,146.2258,N/A,0,215.61283,success
HouseholdPowerConsumption1,AEON-TSER,Continuous,rotf,RMSE,1431,1028,133.1743,N/A,1,218.482873,success
HouseholdPowerConsumption1,AEON-TSER,Continuous,rotf,RMSE,1431,1028,128.2422,N/A,2,217.375661,success
HouseholdPowerConsumption1,AEON-TSER,Continuous,rotf,RMSE,1431,1028,127.3476,N/A,3,219.239251,success
HouseholdPowerConsumption1,AEON-TSER,Continuous,rotf,RMSE,1431,1028,139.3615,N/A,4,215.116783,success
HouseholdPowerConsumption2,AEON-TSER,Continuous,rf,RMSE,1431,7200,335.9963,N/A,0,46.938592,success
HouseholdPowerConsumption2,AEON-TSER,Continuous,rf,RMSE,1431,7200,340.6172,N/A,1,47.169969,success
HouseholdPowerConsumption2,AEON-TSER,Continuous,rf,RMSE,1431,7200,341.2021,N/A,2,46.794128,success
HouseholdPowerConsumption2,AEON-TSER,Continuous,rf,RMSE,1431,7200,334.086,N/A,3,46.985485,success
HouseholdPowerConsumption2,AEON-TSER,Continuous,rf,RMSE,1431,7200,341.6898,N/A,4,46.649607,success
HouseholdPowerConsumption2,AEON-TSER,Continuous,et,RMSE,1431,7200,209.1726,N/A,0,46.303137,success
HouseholdPowerConsumption2,AEON-TSER,Continuous,et,RMSE,1431,7200,200.8958,N/A,1,46.337791,success
HouseholdPowerConsumption2,AEON-TSER,Continuous,et,RMSE,1431,7200,214.2936,N/A,2,46.281242,success
HouseholdPowerConsumption2,AEON-TSER,Continuous,et,RMSE,1431,7200,222.2966,N/A,3,46.512492,success
HouseholdPowerConsumption2,AEON-TSER,Continuous,et,RMSE,1431,7200,211.4642,N/A,4,46.096113,success
HouseholdPowerConsumption2,AEON-TSER,Continuous,rotf,RMSE,1431,1028,146.108,N/A,0,44.741704,success
HouseholdPowerConsumption2,AEON-TSER,Continuous,rotf,RMSE,1431,1028,149.0392,N/A,1,44.794811,success
HouseholdPowerConsumption2,AEON-TSER,Continuous,rotf,RMSE,1431,1028,145.9002,N/A,2,44.866516,success
HouseholdPowerConsumption2,AEON-TSER,Continuous,rotf,RMSE,1431,1028,147.03,N/A,3,45.060876,success
HouseholdPowerConsumption2,AEON-TSER,Continuous,rotf,RMSE,1431,1028,152.0752,N/A,4,44.97321,success
BenzeneConcentration,AEON-TSER,Continuous,rf,RMSE,8512,1920,855.1317,N/A,0,0.861521,success
BenzeneConcentration,AEON-TSER,Continuous,rf,RMSE,8512,1920,845.318,N/A,1,0.853817,success
BenzeneConcentration,AEON-TSER,Continuous,rf,RMSE,8512,1920,835.9263,N/A,2,0.874332,success
BenzeneConcentration,AEON-TSER,Continuous,rf,RMSE,8512,1920,842.0264,N/A,3,0.844692,success
BenzeneConcentration,AEON-TSER,Continuous,rf,RMSE,8512,1920,834.4405,N/A,4,0.86257,success
BenzeneConcentration,AEON-TSER,Continuous,et,RMSE,8512,1920,282.3304,N/A,0,0.991002,success
BenzeneConcentration,AEON-TSER,Continuous,et,RMSE,8512,1920,275.5398,N/A,1,1.048101,success
BenzeneConcentration,AEON-TSER,Continuous,et,RMSE,8512,1920,287.9215,N/A,2,0.934182,success
BenzeneConcentration,AEON-TSER,Continuous,et,RMSE,8512,1920,276.6955,N/A,3,0.942488,success
BenzeneConcentration,AEON-TSER,Continuous,et,RMSE,8512,1920,281.5311,N/A,4,0.998977,success
BenzeneConcentration,AEON-TSER,Continuous,rotf,RMSE,8512,1920,2743.7391,N/A,0,1.975474,success
BenzeneConcentration,AEON-TSER,Continuous,rotf,RMSE,8512,1920,2449.195,N/A,1,1.866253,success
BenzeneConcentration,AEON-TSER,Continuous,rotf,RMSE,8512,1920,2388.523,N/A,2,1.871623,success
BenzeneConcentration,AEON-TSER,Continuous,rotf,RMSE,8512,1920,2487.3111,N/A,3,1.814025,success
BenzeneConcentration,AEON-TSER,Continuous,rotf,RMSE,8512,1920,2668.2589,N/A,4,1.897287,success
LiveFuelMoistureContent,AEON-TSER,Continuous,rf,RMSE,5003,2555,2015.5875,N/A,0,44.608264,success
LiveFuelMoistureContent,AEON-TSER,Continuous,rf,RMSE,5003,2555,1959.6909,N/A,1,44.617675,success
LiveFuelMoistureContent,AEON-TSER,Continuous,rf,RMSE,5003,2555,2002.0209,N/A,2,44.521278,success
LiveFuelMoistureContent,AEON-TSER,Continuous,rf,RMSE,5003,2555,2017.5259,N/A,3,44.69497,success
LiveFuelMoistureContent,AEON-TSER,Continuous,rf,RMSE,5003,2555,2014.6643,N/A,4,44.703637,success
LiveFuelMoistureContent,AEON-TSER,Continuous,et,RMSE,5003,2555,545.299,N/A,0,45.411941,success
LiveFuelMoistureContent,AEON-TSER,Continuous,et,RMSE,5003,2555,535.0562,N/A,1,45.337085,success
LiveFuelMoistureContent,AEON-TSER,Continuous,et,RMSE,5003,2555,554.9084,N/A,2,45.221628,success
LiveFuelMoistureContent,AEON-TSER,Continuous,et,RMSE,5003,2555,532.0137,N/A,3,45.372643,success
LiveFuelMoistureContent,AEON-TSER,Continuous,et,RMSE,5003,2555,574.8502,N/A,4,45.307344,success
LiveFuelMoistureContent,AEON-TSER,Continuous,rotf,RMSE,5003,1277,1736.2919,N/A,0,45.232032,success
LiveFuelMoistureContent,AEON-TSER,Continuous,rotf,RMSE,5003,1277,1668.1159,N/A,1,44.990619,success
LiveFuelMoistureContent,AEON-TSER,Continuous,rotf,RMSE,5003,1277,1739.35,N/A,2,45.084115,success
LiveFuelMoistureContent,AEON-TSER,Continuous,rotf,RMSE,5003,1277,1702.6322,N/A,3,45.163367,success
LiveFuelMoistureContent,AEON-TSER,Continuous,rotf,RMSE,5003,1277,1743.0414,N/A,4,45.08782,success
FloodModeling1,AEON-TSER,Continuous,rf,RMSE,673,266,11.1758,N/A,0,0.01593,success
FloodModeling1,AEON-TSER,Continuous,rf,RMSE,673,266,11.2491,N/A,1,0.015938,success
FloodModeling1,AEON-TSER,Continuous,rf,RMSE,673,266,11.5643,N/A,2,0.015824,success
FloodModeling1,AEON-TSER,Continuous,rf,RMSE,673,266,11.7283,N/A,3,0.01573,success
FloodModeling1,AEON-TSER,Continuous,rf,RMSE,673,266,11.3412,N/A,4,0.015854,success
FloodModeling1,AEON-TSER,Continuous,et,RMSE,673,266,7.8733,N/A,0,0.013678,success
FloodModeling1,AEON-TSER,Continuous,et,RMSE,673,266,5.8437,N/A,1,0.013553,success
FloodModeling1,AEON-TSER,Continuous,et,RMSE,673,266,5.9505,N/A,2,0.013367,success
FloodModeling1,AEON-TSER,Continuous,et,RMSE,673,266,5.9226,N/A,3,0.013648,success
FloodModeling1,AEON-TSER,Continuous,et,RMSE,673,266,5.882,N/A,4,0.013655,success
FloodModeling1,AEON-TSER,Continuous,rotf,RMSE,673,266,27.0304,N/A,0,0.014514,success
FloodModeling1,AEON-TSER,Continuous,rotf,RMSE,673,266,27.7827,N/A,1,0.014953,success
FloodModeling1,AEON-TSER,Continuous,rotf,RMSE,673,266,26.6482,N/A,2,0.01479,success
FloodModeling1,AEON-TSER,Continuous,rotf,RMSE,673,266,26.9342,N/A,3,0.014954,success
FloodModeling1,AEON-TSER,Continuous,rotf,RMSE,673,266,26.7959,N/A,4,0.014762,success
FloodModeling2,AEON-TSER,Continuous,rf,RMSE,667,266,12.0318,N/A,0,0.014078,success
FloodModeling2,AEON-TSER,Continuous,rf,RMSE,667,266,12.4102,N/A,1,0.013889,success
FloodModeling2,AEON-TSER,Continuous,rf,RMSE,667,266,12.0935,N/A,2,0.014178,success
FloodModeling2,AEON-TSER,Continuous,rf,RMSE,667,266,12.277,N/A,3,0.013862,success
FloodModeling2,AEON-TSER,Continuous,rf,RMSE,667,266,12.4796,N/A,4,0.014616,success
FloodModeling2,AEON-TSER,Continuous,et,RMSE,667,266,3.219,N/A,0,0.018547,success
FloodModeling2,AEON-TSER,Continuous,et,RMSE,667,266,3.1847,N/A,1,0.018604,success
FloodModeling2,AEON-TSER,Continuous,et,RMSE,667,266,3.1295,N/A,2,0.018596,success
FloodModeling2,AEON-TSER,Continuous,et,RMSE,667,266,3.0649,N/A,3,0.018609,success
FloodModeling2,AEON-TSER,Continuous,et,RMSE,667,266,3.1291,N/A,4,0.018586,success
FloodModeling2,AEON-TSER,Continuous,rotf,RMSE,667,266,30.2841,N/A,0,0.015559,success
FloodModeling2,AEON-TSER,Continuous,rotf,RMSE,667,266,30.0727,N/A,1,0.012593,success
FloodModeling2,AEON-TSER,Continuous,rotf,RMSE,667,266,30.5218,N/A,2,0.01312,success
FloodModeling2,AEON-TSER,Continuous,rotf,RMSE,667,266,30.6636,N/A,3,0.012223,success
FloodModeling2,AEON-TSER,Continuous,rotf,RMSE,667,266,31.9528,N/A,4,0.012892,success
FloodModeling3,AEON-TSER,Continuous,rf,RMSE,613,266,9.9948,N/A,0,0.020435,success
FloodModeling3,AEON-TSER,Continuous,rf,RMSE,613,266,10.0192,N/A,1,0.020475,success
FloodModeling3,AEON-TSER,Continuous,rf,RMSE,613,266,10.2415,N/A,2,0.020357,success
FloodModeling3,AEON-TSER,Continuous,rf,RMSE,613,266,10.0829,N/A,3,0.020584,success
FloodModeling3,AEON-TSER,Continuous,rf,RMSE,613,266,10.1602,N/A,4,0.020291,success
FloodModeling3,AEON-TSER,Continuous,et,RMSE,613,266,4.8431,N/A,0,0.018424,success
FloodModeling3,AEON-TSER,Continuous,et,RMSE,613,266,4.7986,N/A,1,0.018496,success
FloodModeling3,AEON-TSER,Continuous,et,RMSE,613,266,4.8656,N/A,2,0.0186,success
FloodModeling3,AEON-TSER,Continuous,et,RMSE,613,266,4.7754,N/A,3,0.018515,success
FloodModeling3,AEON-TSER,Continuous,et,RMSE,613,266,4.7849,N/A,4,0.01844,success
FloodModeling3,AEON-TSER,Continuous,rotf,RMSE,613,266,22.732,N/A,0,0.019272,success
FloodModeling3,AEON-TSER,Continuous,rotf,RMSE,613,266,22.9642,N/A,1,0.019295,success
FloodModeling3,AEON-TSER,Continuous,rotf,RMSE,613,266,21.999,N/A,2,0.019523,success
FloodModeling3,AEON-TSER,Continuous,rotf,RMSE,613,266,23.0479,N/A,3,0.01939,success
FloodModeling3,AEON-TSER,Continuous,rotf,RMSE,613,266,24.1045,N/A,4,0.019421,success
IEEEPPG,AEON-TSER,Continuous,rf,RMSE,3096,5000,1098.4786,N/A,0,31.99831,success
IEEEPPG,AEON-TSER,Continuous,rf,RMSE,3096,5000,1117.9244,N/A,1,32.061606,success
IEEEPPG,AEON-TSER,Continuous,rf,RMSE,3096,5000,1118.9336,N/A,2,32.225489,success
IEEEPPG,AEON-TSER,Continuous,rf,RMSE,3096,5000,1110.0671,N/A,3,31.844211,success
IEEEPPG,AEON-TSER,Continuous,rf,RMSE,3096,5000,1104.4865,N/A,4,32.257113,success
IEEEPPG,AEON-TSER,Continuous,et,RMSE,3096,5000,437.6587,N/A,0,32.115492,success
IEEEPPG,AEON-TSER,Continuous,et,RMSE,3096,5000,416.1155,N/A,1,31.870493,success
IEEEPPG,AEON-TSER,Continuous,et,RMSE,3096,5000,448.9199,N/A,2,32.268177,success
IEEEPPG,AEON-TSER,Continuous,et,RMSE,3096,5000,424.359,N/A,3,32.140833,success
IEEEPPG,AEON-TSER,Continuous,et,RMSE,3096,5000,431.8145,N/A,4,32.379041,success
IEEEPPG,AEON-TSER,Continuous,rotf,RMSE,3096,1000,486.9026,N/A,0,33.731895,success
IEEEPPG,AEON-TSER,Continuous,rotf,RMSE,3096,1000,474.1261,N/A,1,34.194781,success
IEEEPPG,AEON-TSER,Continuous,rotf,RMSE,3096,1000,503.6462,N/A,2,33.296462,success
IEEEPPG,AEON-TSER,Continuous,rotf,RMSE,3096,1000,475.2933,N/A,3,33.588431,success
IEEEPPG,AEON-TSER,Continuous,rotf,RMSE,3096,1000,499.0031,N/A,4,33.437013,success
BIDMC32RR,AEON-TSER,Continuous,rf,RMSE,7870,8000,7153.6009,N/A,0,4.349716,success
BIDMC32RR,AEON-TSER,Continuous,rf,RMSE,7870,8000,7176.7434,N/A,1,4.347109,success
BIDMC32RR,AEON-TSER,Continuous,rf,RMSE,7870,8000,7140.3002,N/A,2,4.356386,success
BIDMC32RR,AEON-TSER,Continuous,rf,RMSE,7870,8000,7128.7826,N/A,3,4.352046,success
BIDMC32RR,AEON-TSER,Continuous,rf,RMSE,7870,8000,7023.4183,N/A,4,4.368632,success
BIDMC32RR,AEON-TSER,Continuous,et,RMSE,7870,8000,2795.7823,N/A,0,4.385608,success
BIDMC32RR,AEON-TSER,Continuous,et,RMSE,7870,8000,2688.1736,N/A,1,4.401075,success
BIDMC32RR,AEON-TSER,Continuous,et,RMSE,7870,8000,2795.2106,N/A,2,4.409678,success
BIDMC32RR,AEON-TSER,Continuous,et,RMSE,7870,8000,2721.2313,N/A,3,4.397731,success
BIDMC32RR,AEON-TSER,Continuous,et,RMSE,7870,8000,2730.2119,N/A,4,4.393502,success
BIDMC32RR,AEON-TSER,Continuous,rotf,RMSE,7870,1000,1891.4661,N/A,0,4.449202,success
BIDMC32RR,AEON-TSER,Continuous,rotf,RMSE,7870,1000,1939.6365,N/A,1,4.420911,success
BIDMC32RR,AEON-TSER,Continuous,rotf,RMSE,7870,1000,1897.6497,N/A,2,4.434451,success
BIDMC32RR,AEON-TSER,Continuous,rotf,RMSE,7870,1000,1894.1401,N/A,3,4.458541,success
BIDMC32RR,AEON-TSER,Continuous,rotf,RMSE,7870,1000,1931.7166,N/A,4,4.441713,success
BIDMC32HR,AEON-TSER,Continuous,rf,RMSE,7949,8000,6523.552,N/A,0,15.012689,success
BIDMC32HR,AEON-TSER,Continuous,rf,RMSE,7949,8000,6735.6,N/A,1,15.033518,success
BIDMC32HR,AEON-TSER,Continuous,rf,RMSE,7949,8000,6567.1003,N/A,2,14.999683,success
BIDMC32HR,AEON-TSER,Continuous,rf,RMSE,7949,8000,6373.5946,N/A,3,15.034601,success
BIDMC32HR,AEON-TSER,Continuous,rf,RMSE,7949,8000,6983.5474,N/A,4,15.004309,success
BIDMC32HR,AEON-TSER,Continuous,et,RMSE,7949,8000,2547.285,N/A,0,15.121515,success
BIDMC32HR,AEON-TSER,Continuous,et,RMSE,7949,8000,2634.5333,N/A,1,15.001421,success
BIDMC32HR,AEON-TSER,Continuous,et,RMSE,7949,8000,2598.6675,N/A,2,15.109002,success
BIDMC32HR,AEON-TSER,Continuous,et,RMSE,7949,8000,2614.1861,N/A,3,15.178679,success
BIDMC32HR,AEON-TSER,Continuous,et,RMSE,7949,8000,2605.7938,N/A,4,15.036881,success
BIDMC32HR,AEON-TSER,Continuous,rotf,RMSE,7949,1000,1844.7941,N/A,0,14.282869,success
BIDMC32HR,AEON-TSER,Continuous,rotf,RMSE,7949,1000,1798.121,N/A,1,14.434693,success
BIDMC32HR,AEON-TSER,Continuous,rotf,RMSE,7949,1000,1904.5659,N/A,2,14.442996,success
BIDMC32HR,AEON-TSER,Continuous,rotf,RMSE,7949,1000,1750.6354,N/A,3,14.358813,success
BIDMC32HR,AEON-TSER,Continuous,rotf,RMSE,7949,1000,1827.9678,N/A,4,14.328263,success
BIDMC32SpO2,AEON-TSER,Continuous,rf,RMSE,7949,8000,6100.2801,N/A,0,4.572467,success
BIDMC32SpO2,AEON-TSER,Continuous,rf,RMSE,7949,8000,5902.4332,N/A,1,4.552555,success
BIDMC32SpO2,AEON-TSER,Continuous,rf,RMSE,7949,8000,5921.7851,N/A,2,4.549466,success
BIDMC32SpO2,AEON-TSER,Continuous,rf,RMSE,7949,8000,5836.2128,N/A,3,4.573714,success
BIDMC32SpO2,AEON-TSER,Continuous,rf,RMSE,7949,8000,5830.0948,N/A,4,4.562715,success
BIDMC32SpO2,AEON-TSER,Continuous,et,RMSE,7949,8000,2019.1011,N/A,0,4.561489,success
BIDMC32SpO2,AEON-TSER,Continuous,et,RMSE,7949,8000,2014.3504,N/A,1,4.572883,success
BIDMC32SpO2,AEON-TSER,Continuous,et,RMSE,7949,8000,2022.4766,N/A,2,4.561394,success
BIDMC32SpO2,AEON-TSER,Continuous,et,RMSE,7949,8000,1985.3563,N/A,3,4.56343,success
BIDMC32SpO2,AEON-TSER,Continuous,et,RMSE,7949,8000,1978.6952,N/A,4,4.584007,success
BIDMC32SpO2,AEON-TSER,Continuous,rotf,RMSE,7949,1000,1636.7702,N/A,0,4.540948,success
BIDMC32SpO2,AEON-TSER,Continuous,rotf,RMSE,7949,1000,1655.5995,N/A,1,4.550411,success
BIDMC32SpO2,AEON-TSER,Continuous,rotf,RMSE,7949,1000,1650.8285,N/A,2,4.550061,success
BIDMC32SpO2,AEON-TSER,Continuous,rotf,RMSE,7949,1000,1644.4675,N/A,3,4.546735,success
BIDMC32SpO2,AEON-TSER,Continuous,rotf,RMSE,7949,1000,1648.6234,N/A,4,4.539039,success
Covid3Month,AEON-TSER,Continuous,rf,RMSE,201,84,0.5173,N/A,0,0.042657,success
Covid3Month,AEON-TSER,Continuous,rf,RMSE,201,84,0.5175,N/A,1,0.042897,success
Covid3Month,AEON-TSER,Continuous,rf,RMSE,201,84,0.5158,N/A,2,0.040899,success
Covid3Month,AEON-TSER,Continuous,rf,RMSE,201,84,0.508,N/A,3,0.041505,success
Covid3Month,AEON-TSER,Continuous,rf,RMSE,201,84,0.5214,N/A,4,0.042311,success
Covid3Month,AEON-TSER,Continuous,et,RMSE,201,84,0.3924,N/A,0,0.043895,success
Covid3Month,AEON-TSER,Continuous,et,RMSE,201,84,0.3954,N/A,1,0.044297,success
Covid3Month,AEON-TSER,Continuous,et,RMSE,201,84,0.3916,N/A,2,0.045,success
Covid3Month,AEON-TSER,Continuous,et,RMSE,201,84,0.3968,N/A,3,0.044112,success
Covid3Month,AEON-TSER,Continuous,et,RMSE,201,84,0.3929,N/A,4,0.045229,success
Covid3Month,AEON-TSER,Continuous,rotf,RMSE,201,84,2.6085,N/A,0,0.043615,success
Covid3Month,AEON-TSER,Continuous,rotf,RMSE,201,84,2.6974,N/A,1,0.044264,success
Covid3Month,AEON-TSER,Continuous,rotf,RMSE,201,84,2.3931,N/A,2,0.043699,success
Covid3Month,AEON-TSER,Continuous,rotf,RMSE,201,84,2.2113,N/A,3,0.043147,success
Covid3Month,AEON-TSER,Continuous,rotf,RMSE,201,84,2.1792,N/A,4,0.044376,success
AluminiumConcentration,AEON-TSER,Continuous,rf,RMSE,629,2542,131.2466,N/A,0,300.368009,success
AluminiumConcentration,AEON-TSER,Continuous,rf,RMSE,629,2542,130.872,N/A,1,300.293395,success
AluminiumConcentration,AEON-TSER,Continuous,rf,RMSE,629,2542,132.7899,N/A,2,294.902547,success
AluminiumConcentration,AEON-TSER,Continuous,rf,RMSE,629,2542,131.1763,N/A,3,302.04952,success
AluminiumConcentration,AEON-TSER,Continuous,rf,RMSE,629,2542,133.1636,N/A,4,299.669868,success
AluminiumConcentration,AEON-TSER,Continuous,et,RMSE,629,2542,49.7482,N/A,0,299.056648,success
AluminiumConcentration,AEON-TSER,Continuous,et,RMSE,629,2542,47.4751,N/A,1,301.688977,success
AluminiumConcentration,AEON-TSER,Continuous,et,RMSE,629,2542,45.8808,N/A,2,299.685523,success
AluminiumConcentration,AEON-TSER,Continuous,et,RMSE,629,2542,47.8497,N/A,3,298.920279,success
AluminiumConcentration,AEON-TSER,Continuous,et,RMSE,629,2542,48.9916,N/A,4,300.607238,success
AluminiumConcentration,AEON-TSER,Continuous,rotf,RMSE,629,1271,136.9822,N/A,0,232.55071,success
AluminiumConcentration,AEON-TSER,Continuous,rotf,RMSE,629,1271,153.9204,N/A,1,237.248649,success
AluminiumConcentration,AEON-TSER,Continuous,rotf,RMSE,629,1271,144.6949,N/A,2,236.132457,success
AluminiumConcentration,AEON-TSER,Continuous,rotf,RMSE,629,1271,163.537,N/A,3,236.375235,success
AluminiumConcentration,AEON-TSER,Continuous,rotf,RMSE,629,1271,145.6048,N/A,4,228.443884,success
AppliancesEnergy,AEON-TSER,Continuous,rf,RMSE,137,3456,25.5066,N/A,0,3.36499,success
AppliancesEnergy,AEON-TSER,Continuous,rf,RMSE,137,3456,26.0442,N/A,1,3.373827,success
AppliancesEnergy,AEON-TSER,Continuous,rf,RMSE,137,3456,25.7182,N/A,2,3.445769,success
AppliancesEnergy,AEON-TSER,Continuous,rf,RMSE,137,3456,25.5869,N/A,3,3.390516,success
AppliancesEnergy,AEON-TSER,Continuous,rf,RMSE,137,3456,24.0532,N/A,4,3.417502,success
AppliancesEnergy,AEON-TSER,Continuous,et,RMSE,137,3456,12.9202,N/A,0,3.706228,success
AppliancesEnergy,AEON-TSER,Continuous,et,RMSE,137,3456,12.251,N/A,1,3.700754,success
AppliancesEnergy,AEON-TSER,Continuous,et,RMSE,137,3456,12.8903,N/A,2,3.639745,success
AppliancesEnergy,AEON-TSER,Continuous,et,RMSE,137,3456,11.9401,N/A,3,3.592814,success
AppliancesEnergy,AEON-TSER,Continuous,et,RMSE,137,3456,11.8772,N/A,4,3.733995,success
AppliancesEnergy,AEON-TSER,Continuous,rotf,RMSE,137,1152,42.5464,N/A,0,2.28865,success
AppliancesEnergy,AEON-TSER,Continuous,rotf,RMSE,137,1152,37.1486,N/A,1,2.420866,success
AppliancesEnergy,AEON-TSER,Continuous,rotf,RMSE,137,1152,38.9039,N/A,2,2.376662,success
AppliancesEnergy,AEON-TSER,Continuous,rotf,RMSE,137,1152,40.6894,N/A,3,2.485989,success
AppliancesEnergy,AEON-TSER,Continuous,rotf,RMSE,137,1152,38.189,N/A,4,2.334008,success
BarCrawl6min,AEON-TSER,Continuous,rf,RMSE,201,1080,6.3813,N/A,0,0.046975,success
BarCrawl6min,AEON-TSER,Continuous,rf,RMSE,201,1080,6.4359,N/A,1,0.047097,success
BarCrawl6min,AEON-TSER,Continuous,rf,RMSE,201,1080,6.4137,N/A,2,0.04633,success
BarCrawl6min,AEON-TSER,Continuous,rf,RMSE,201,1080,6.4767,N/A,3,0.047051,success
BarCrawl6min,AEON-TSER,Continuous,rf,RMSE,201,1080,6.0306,N/A,4,0.047477,success
BarCrawl6min,AEON-TSER,Continuous,et,RMSE,201,1080,4.3192,N/A,0,0.046942,success
BarCrawl6min,AEON-TSER,Continuous,et,RMSE,201,1080,4.3369,N/A,1,0.047805,success
BarCrawl6min,AEON-TSER,Continuous,et,RMSE,201,1080,4.3264,N/A,2,0.04806,success
BarCrawl6min,AEON-TSER,Continuous,et,RMSE,201,1080,4.3442,N/A,3,0.046418,success
BarCrawl6min,AEON-TSER,Continuous,et,RMSE,201,1080,4.2125,N/A,4,0.047182,success
BarCrawl6min,AEON-TSER,Continuous,rotf,RMSE,201,1080,49.6976,N/A,0,0.04718,success
BarCrawl6min,AEON-TSER,Continuous,rotf,RMSE,201,1080,44.1459,N/A,1,0.045931,success
BarCrawl6min,AEON-TSER,Continuous,rotf,RMSE,201,1080,48.9621,N/A,2,0.047606,success
BarCrawl6min,AEON-TSER,Continuous,rotf,RMSE,201,1080,49.3638,N/A,3,0.045761,success
BarCrawl6min,AEON-TSER,Continuous,rotf,RMSE,201,1080,48.9676,N/A,4,0.04815,success
BeijingIntAirportPM25Quality,AEON-TSER,Continuous,rf,RMSE,1571,144,9.0027,N/A,0,48.806167,success
BeijingIntAirportPM25Quality,AEON-TSER,Continuous,rf,RMSE,1571,144,9.2748,N/A,1,49.314397,success
BeijingIntAirportPM25Quality,AEON-TSER,Continuous,rf,RMSE,1571,144,9.1109,N/A,2,49.671431,success
BeijingIntAirportPM25Quality,AEON-TSER,Continuous,rf,RMSE,1571,144,9.8132,N/A,3,48.835917,success
BeijingIntAirportPM25Quality,AEON-TSER,Continuous,rf,RMSE,1571,144,9.303,N/A,4,48.888274,success
BeijingIntAirportPM25Quality,AEON-TSER,Continuous,et,RMSE,1571,144,5.3252,N/A,0,50.057358,success
BeijingIntAirportPM25Quality,AEON-TSER,Continuous,et,RMSE,1571,144,5.273,N/A,1,50.697446,success
BeijingIntAirportPM25Quality,AEON-TSER,Continuous,et,RMSE,1571,144,5.0259,N/A,2,50.221026,success
BeijingIntAirportPM25Quality,AEON-TSER,Continuous,et,RMSE,1571,144,5.2374,N/A,3,50.748434,success
BeijingIntAirportPM25Quality,AEON-TSER,Continuous,et,RMSE,1571,144,5.0353,N/A,4,50.894381,success
BeijingIntAirportPM25Quality,AEON-TSER,Continuous,rotf,RMSE,1571,144,20.2015,N/A,0,48.133393,success
BeijingIntAirportPM25Quality,AEON-TSER,Continuous,rotf,RMSE,1571,144,20.7983,N/A,1,48.359029,success
BeijingIntAirportPM25Quality,AEON-TSER,Continuous,rotf,RMSE,1571,144,20.0735,N/A,2,47.330091,success
BeijingIntAirportPM25Quality,AEON-TSER,Continuous,rotf,RMSE,1571,144,20.5485,N/A,3,48.117994,success
BeijingIntAirportPM25Quality,AEON-TSER,Continuous,rotf,RMSE,1571,144,20.3707,N/A,4,47.435062,success
BIDMC32HR,AEON-TSER,Continuous,rf,RMSE,7949,8000,5932.615,N/A,0,15.012689,success
BIDMC32HR,AEON-TSER,Continuous,rf,RMSE,7949,8000,5944.3575,N/A,1,15.033518,success
BIDMC32HR,AEON-TSER,Continuous,rf,RMSE,7949,8000,5991.3592,N/A,2,14.999683,success
BIDMC32HR,AEON-TSER,Continuous,rf,RMSE,7949,8000,5919.9459,N/A,3,15.034601,success
BIDMC32HR,AEON-TSER,Continuous,rf,RMSE,7949,8000,5900.5731,N/A,4,15.004309,success
BIDMC32HR,AEON-TSER,Continuous,et,RMSE,7949,8000,2480.3551,N/A,0,15.121515,success
BIDMC32HR,AEON-TSER,Continuous,et,RMSE,7949,8000,2472.1696,N/A,1,15.001421,success
BIDMC32HR,AEON-TSER,Continuous,et,RMSE,7949,8000,2488.7985,N/A,2,15.109002,success
BIDMC32HR,AEON-TSER,Continuous,et,RMSE,7949,8000,2515.9911,N/A,3,15.178679,success
BIDMC32HR,AEON-TSER,Continuous,et,RMSE,7949,8000,2470.8366,N/A,4,15.036881,success
BIDMC32HR,AEON-TSER,Continuous,rotf,RMSE,7949,1000,1767.9328,N/A,0,14.282869,success
BIDMC32HR,AEON-TSER,Continuous,rotf,RMSE,7949,1000,1748.6687,N/A,1,14.434693,success
BIDMC32HR,AEON-TSER,Continuous,rotf,RMSE,7949,1000,1694.5014,N/A,2,14.442996,success
BIDMC32HR,AEON-TSER,Continuous,rotf,RMSE,7949,1000,1799.8686,N/A,3,14.358813,success
BIDMC32HR,AEON-TSER,Continuous,rotf,RMSE,7949,1000,1693.7142,N/A,4,14.328263,success
BIDMC32RR,AEON-TSER,Continuous,rf,RMSE,7870,8000,6570.6631,N/A,0,4.349716,success
BIDMC32RR,AEON-TSER,Continuous,rf,RMSE,7870,8000,6385.7528,N/A,1,4.347109,success
BIDMC32RR,AEON-TSER,Continuous,rf,RMSE,7870,8000,6403.3132,N/A,2,4.356386,success
BIDMC32RR,AEON-TSER,Continuous,rf,RMSE,7870,8000,6394.3916,N/A,3,4.352046,success
BIDMC32RR,AEON-TSER,Continuous,rf,RMSE,7870,8000,6370.9276,N/A,4,4.368632,success
BIDMC32RR,AEON-TSER,Continuous,et,RMSE,7870,8000,2519.4213,N/A,0,4.385608,success
BIDMC32RR,AEON-TSER,Continuous,et,RMSE,7870,8000,2509.5817,N/A,1,4.401075,success
BIDMC32RR,AEON-TSER,Continuous,et,RMSE,7870,8000,2443.7884,N/A,2,4.409678,success
BIDMC32RR,AEON-TSER,Continuous,et,RMSE,7870,8000,2476.6894,N/A,3,4.397731,success
BIDMC32RR,AEON-TSER,Continuous,et,RMSE,7870,8000,2531.0018,N/A,4,4.393502,success
BIDMC32RR,AEON-TSER,Continuous,rotf,RMSE,7870,1000,1806.3883,N/A,0,4.449202,success
BIDMC32RR,AEON-TSER,Continuous,rotf,RMSE,7870,1000,1801.8752,N/A,1,4.420911,success
BIDMC32RR,AEON-TSER,Continuous,rotf,RMSE,7870,1000,1830.3602,N/A,2,4.434451,success
BIDMC32RR,AEON-TSER,Continuous,rotf,RMSE,7870,1000,1807.3671,N/A,3,4.458541,success
BIDMC32RR,AEON-TSER,Continuous,rotf,RMSE,7870,1000,1787.7125,N/A,4,4.441713,success
BIDMC32SpO2,AEON-TSER,Continuous,rf,RMSE,7949,8000,5291.4719,N/A,0,4.572467,success
BIDMC32SpO2,AEON-TSER,Continuous,rf,RMSE,7949,8000,5226.1272,N/A,1,4.552555,success
BIDMC32SpO2,AEON-TSER,Continuous,rf,RMSE,7949,8000,5073.2217,N/A,2,4.549466,success
BIDMC32SpO2,AEON-TSER,Continuous,rf,RMSE,7949,8000,5155.6037,N/A,3,4.573714,success
BIDMC32SpO2,AEON-TSER,Continuous,rf,RMSE,7949,8000,5678.4715,N/A,4,4.562715,success
BIDMC32SpO2,AEON-TSER,Continuous,et,RMSE,7949,8000,1875.9176,N/A,0,4.561489,success
BIDMC32SpO2,AEON-TSER,Continuous,et,RMSE,7949,8000,1858.8527,N/A,1,4.572883,success
BIDMC32SpO2,AEON-TSER,Continuous,et,RMSE,7949,8000,1876.9846,N/A,2,4.561394,success
BIDMC32SpO2,AEON-TSER,Continuous,et,RMSE,7949,8000,1836.642,N/A,3,4.56343,success
BIDMC32SpO2,AEON-TSER,Continuous,et,RMSE,7949,8000,1859.1949,N/A,4,4.584007,success
BIDMC32SpO2,AEON-TSER,Continuous,rotf,RMSE,7949,1000,1617.1903,N/A,0,4.540948,success
BIDMC32SpO2,AEON-TSER,Continuous,rotf,RMSE,7949,1000,1431.0589,N/A,1,4.550411,success
BIDMC32SpO2,AEON-TSER,Continuous,rotf,RMSE,7949,1000,1426.2275,N/A,2,4.550061,success
BIDMC32SpO2,AEON-TSER,Continuous,rotf,RMSE,7949,1000,1481.1228,N/A,3,4.546735,success
BIDMC32SpO2,AEON-TSER,Continuous,rotf,RMSE,7949,1000,1462.5342,N/A,4,4.539039,success
BinanceCoinSentiment,AEON-TSER,Continuous,rf,RMSE,263,48,1.2315,N/A,0,0.351677,success
BinanceCoinSentiment,AEON-TSER,Continuous,rf,RMSE,263,48,1.2382,N/A,1,0.349943,success
BinanceCoinSentiment,AEON-TSER,Continuous,rf,RMSE,263,48,1.2357,N/A,2,0.348515,success
BinanceCoinSentiment,AEON-TSER,Continuous,rf,RMSE,263,48,1.253,N/A,3,0.353198,success
BinanceCoinSentiment,AEON-TSER,Continuous,rf,RMSE,263,48,1.2232,N/A,4,0.348489,success
BinanceCoinSentiment,AEON-TSER,Continuous,et,RMSE,263,48,0.5421,N/A,0,0.341101,success
BinanceCoinSentiment,AEON-TSER,Continuous,et,RMSE,263,48,0.5429,N/A,1,0.340984,success
BinanceCoinSentiment,AEON-TSER,Continuous,et,RMSE,263,48,0.5425,N/A,2,0.343821,success
BinanceCoinSentiment,AEON-TSER,Continuous,et,RMSE,263,48,0.5402,N/A,3,0.345525,success
BinanceCoinSentiment,AEON-TSER,Continuous,et,RMSE,263,48,0.5452,N/A,4,0.34418,success
BinanceCoinSentiment,AEON-TSER,Continuous,rotf,RMSE,263,48,1.9232,N/A,0,0.337477,success
BinanceCoinSentiment,AEON-TSER,Continuous,rotf,RMSE,263,48,1.9334,N/A,1,0.343949,success
BinanceCoinSentiment,AEON-TSER,Continuous,rotf,RMSE,263,48,2.2432,N/A,2,0.336576,success
BinanceCoinSentiment,AEON-TSER,Continuous,rotf,RMSE,263,48,2.1758,N/A,3,0.351103,success
BinanceCoinSentiment,AEON-TSER,Continuous,rotf,RMSE,263,48,2.1842,N/A,4,0.348653,success
BitcoinSentiment,AEON-TSER,Continuous,rf,RMSE,332,48,1.3895,N/A,0,0.233711,success
BitcoinSentiment,AEON-TSER,Continuous,rf,RMSE,332,48,1.4849,N/A,1,0.231286,success
BitcoinSentiment,AEON-TSER,Continuous,rf,RMSE,332,48,1.4198,N/A,2,0.230746,success
BitcoinSentiment,AEON-TSER,Continuous,rf,RMSE,332,48,1.5137,N/A,3,0.234076,success
BitcoinSentiment,AEON-TSER,Continuous,rf,RMSE,332,48,1.5224,N/A,4,0.230701,success
BitcoinSentiment,AEON-TSER,Continuous,et,RMSE,332,48,0.639,N/A,0,0.224539,success
BitcoinSentiment,AEON-TSER,Continuous,et,RMSE,332,48,0.6433,N/A,1,0.226933,success
BitcoinSentiment,AEON-TSER,Continuous,et,RMSE,332,48,0.6452,N/A,2,0.222742,success
BitcoinSentiment,AEON-TSER,Continuous,et,RMSE,332,48,0.6429,N/A,3,0.223704,success
BitcoinSentiment,AEON-TSER,Continuous,et,RMSE,332,48,0.633,N/A,4,0.225458,success
BitcoinSentiment,AEON-TSER,Continuous,rotf,RMSE,332,48,2.2298,N/A,0,0.224924,success
BitcoinSentiment,AEON-TSER,Continuous,rotf,RMSE,332,48,2.2833,N/A,1,0.228531,success
BitcoinSentiment,AEON-TSER,Continuous,rotf,RMSE,332,48,2.2598,N/A,2,0.222258,success
BitcoinSentiment,AEON-TSER,Continuous,rotf,RMSE,332,48,2.2514,N/A,3,0.225339,success
BitcoinSentiment,AEON-TSER,Continuous,rotf,RMSE,332,48,2.3276,N/A,4,0.223094,success
BoronConcentration,AEON-TSER,Continuous,rf,RMSE,626,2542,167.5789,N/A,0,2.721378,success
BoronConcentration,AEON-TSER,Continuous,rf,RMSE,626,2542,173.7351,N/A,1,3.001533,success
BoronConcentration,AEON-TSER,Continuous,rf,RMSE,626,2542,166.0832,N/A,2,2.777308,success
BoronConcentration,AEON-TSER,Continuous,rf,RMSE,626,2542,161.1737,N/A,3,2.366967,success
BoronConcentration,AEON-TSER,Continuous,rf,RMSE,626,2542,162.38,N/A,4,2.862337,success
BoronConcentration,AEON-TSER,Continuous,et,RMSE,626,2542,40.2515,N/A,0,1.691194,success
BoronConcentration,AEON-TSER,Continuous,et,RMSE,626,2542,40.1949,N/A,1,1.654869,success
BoronConcentration,AEON-TSER,Continuous,et,RMSE,626,2542,42.2585,N/A,2,1.876384,success
BoronConcentration,AEON-TSER,Continuous,et,RMSE,626,2542,40.4081,N/A,3,1.991385,success
BoronConcentration,AEON-TSER,Continuous,et,RMSE,626,2542,40.4037,N/A,4,1.800611,success
BoronConcentration,AEON-TSER,Continuous,rotf,RMSE,626,1271,141.4029,N/A,0,0.959342,success
BoronConcentration,AEON-TSER,Continuous,rotf,RMSE,626,1271,145.1127,N/A,1,1.003282,success
BoronConcentration,AEON-TSER,Continuous,rotf,RMSE,626,1271,138.423,N/A,2,0.901878,success
BoronConcentration,AEON-TSER,Continuous,rotf,RMSE,626,1271,138.0058,N/A,3,0.965641,success
BoronConcentration,AEON-TSER,Continuous,rotf,RMSE,626,1271,136.2814,N/A,4,1.04904,success
CalciumConcentration,AEON-TSER,Continuous,rf,RMSE,635,2307,153.5052,N/A,0,2671.942924,success
CalciumConcentration,AEON-TSER,Continuous,rf,RMSE,635,2307,154.0522,N/A,1,2601.067435,success
CalciumConcentration,AEON-TSER,Continuous,rf,RMSE,635,2307,149.9968,N/A,2,2604.683741,success
CalciumConcentration,AEON-TSER,Continuous,rf,RMSE,635,2307,149.7525,N/A,3,2679.603179,success
CalciumConcentration,AEON-TSER,Continuous,rf,RMSE,635,2307,154.2983,N/A,4,2737.536065,success
CalciumConcentration,AEON-TSER,Continuous,et,RMSE,635,2307,46.8976,N/A,0,2723.786479,success
CalciumConcentration,AEON-TSER,Continuous,et,RMSE,635,2307,43.8342,N/A,1,2945.961311,success
CalciumConcentration,AEON-TSER,Continuous,et,RMSE,635,2307,43.7745,N/A,2,2951.125158,success
CalciumConcentration,AEON-TSER,Continuous,et,RMSE,635,2307,43.4499,N/A,3,2873.157149,success
CalciumConcentration,AEON-TSER,Continuous,et,RMSE,635,2307,44.1312,N/A,4,2882.830306,success
CalciumConcentration,AEON-TSER,Continuous,rotf,RMSE,635,1153,113.7198,N/A,0,1644.409234,success
CalciumConcentration,AEON-TSER,Continuous,rotf,RMSE,635,1153,116.6299,N/A,1,1737.818323,success
CalciumConcentration,AEON-TSER,Continuous,rotf,RMSE,635,1153,129.1295,N/A,2,1636.971422,success
CalciumConcentration,AEON-TSER,Continuous,rotf,RMSE,635,1153,109.768,N/A,3,1598.115246,success
CalciumConcentration,AEON-TSER,Continuous,rotf,RMSE,635,1153,111.6117,N/A,4,1667.015833,success
CardanoSentiment,AEON-TSER,Continuous,rf,RMSE,107,48,0.5043,N/A,0,0.296235,success
CardanoSentiment,AEON-TSER,Continuous,rf,RMSE,107,48,0.5197,N/A,1,0.311667,success
CardanoSentiment,AEON-TSER,Continuous,rf,RMSE,107,48,0.515,N/A,2,0.309576,success
CardanoSentiment,AEON-TSER,Continuous,rf,RMSE,107,48,0.519,N/A,3,0.306863,success
CardanoSentiment,AEON-TSER,Continuous,rf,RMSE,107,48,0.5245,N/A,4,0.296045,success
CardanoSentiment,AEON-TSER,Continuous,et,RMSE,107,48,0.2932,N/A,0,0.307116,success
CardanoSentiment,AEON-TSER,Continuous,et,RMSE,107,48,0.3063,N/A,1,0.305545,success
CardanoSentiment,AEON-TSER,Continuous,et,RMSE,107,48,0.2917,N/A,2,0.30161,success
CardanoSentiment,AEON-TSER,Continuous,et,RMSE,107,48,0.2941,N/A,3,0.314355,success
CardanoSentiment,AEON-TSER,Continuous,et,RMSE,107,48,0.2987,N/A,4,0.313544,success
CardanoSentiment,AEON-TSER,Continuous,rotf,RMSE,107,48,1.3494,N/A,0,0.300726,success
CardanoSentiment,AEON-TSER,Continuous,rotf,RMSE,107,48,1.3256,N/A,1,0.298689,success
CardanoSentiment,AEON-TSER,Continuous,rotf,RMSE,107,48,1.3596,N/A,2,0.309248,success
CardanoSentiment,AEON-TSER,Continuous,rotf,RMSE,107,48,1.3425,N/A,3,0.30516,success
CardanoSentiment,AEON-TSER,Continuous,rotf,RMSE,107,48,1.3587,N/A,4,0.317961,success
ChilledWaterPredictor,AEON-TSER,Continuous,rf,RMSE,459,672,21.2758,N/A,0,1625.905642,success
ChilledWaterPredictor,AEON-TSER,Continuous,rf,RMSE,459,672,21.4155,N/A,1,1302.428577,success
ChilledWaterPredictor,AEON-TSER,Continuous,rf,RMSE,459,672,21.6145,N/A,2,1441.055397,success
ChilledWaterPredictor,AEON-TSER,Continuous,rf,RMSE,459,672,21.6271,N/A,3,1482.661966,success
ChilledWaterPredictor,AEON-TSER,Continuous,rf,RMSE,459,672,21.1053,N/A,4,1414.511441,success
ChilledWaterPredictor,AEON-TSER,Continuous,et,RMSE,459,672,8.5099,N/A,0,1106.094212,success
ChilledWaterPredictor,AEON-TSER,Continuous,et,RMSE,459,672,8.4823,N/A,1,1169.545372,success
ChilledWaterPredictor,AEON-TSER,Continuous,et,RMSE,459,672,8.4073,N/A,2,1094.518884,success
ChilledWaterPredictor,AEON-TSER,Continuous,et,RMSE,459,672,8.6731,N/A,3,1020.516852,success
ChilledWaterPredictor,AEON-TSER,Continuous,et,RMSE,459,672,8.627,N/A,4,1090.492362,success
ChilledWaterPredictor,AEON-TSER,Continuous,rotf,RMSE,459,672,48.1007,N/A,0,970.357579,success
ChilledWaterPredictor,AEON-TSER,Continuous,rotf,RMSE,459,672,46.509,N/A,1,990.468384,success
ChilledWaterPredictor,AEON-TSER,Continuous,rotf,RMSE,459,672,48.1192,N/A,2,967.434933,success
ChilledWaterPredictor,AEON-TSER,Continuous,rotf,RMSE,459,672,47.644,N/A,3,987.109949,success
ChilledWaterPredictor,AEON-TSER,Continuous,rotf,RMSE,459,672,51.1383,N/A,4,903.048518,success
CopperConcentration,AEON-TSER,Continuous,rf,RMSE,629,2542,130.6155,N/A,0,1.88915,success
CopperConcentration,AEON-TSER,Continuous,rf,RMSE,629,2542,120.9503,N/A,1,1.88657,success
CopperConcentration,AEON-TSER,Continuous,rf,RMSE,629,2542,140.0502,N/A,2,1.943089,success
CopperConcentration,AEON-TSER,Continuous,rf,RMSE,629,2542,133.961,N/A,3,1.911306,success
CopperConcentration,AEON-TSER,Continuous,rf,RMSE,629,2542,138.1211,N/A,4,1.899379,success
CopperConcentration,AEON-TSER,Continuous,et,RMSE,629,2542,44.5281,N/A,0,1.95008,success
CopperConcentration,AEON-TSER,Continuous,et,RMSE,629,2542,43.223,N/A,1,1.983102,success
CopperConcentration,AEON-TSER,Continuous,et,RMSE,629,2542,43.7541,N/A,2,1.957873,success
CopperConcentration,AEON-TSER,Continuous,et,RMSE,629,2542,43.3547,N/A,3,1.967114,success
CopperConcentration,AEON-TSER,Continuous,et,RMSE,629,2542,43.8844,N/A,4,1.972452,success
CopperConcentration,AEON-TSER,Continuous,rotf,RMSE,629,1271,107.3342,N/A,0,1.737955,success
CopperConcentration,AEON-TSER,Continuous,rotf,RMSE,629,1271,106.4912,N/A,1,1.776387,success
CopperConcentration,AEON-TSER,Continuous,rotf,RMSE,629,1271,102.0159,N/A,2,1.777458,success
CopperConcentration,AEON-TSER,Continuous,rotf,RMSE,629,1271,83.6112,N/A,3,1.772886,success
CopperConcentration,AEON-TSER,Continuous,rotf,RMSE,629,1271,102.9484,N/A,4,1.80385,success
Covid19Andalusia,AEON-TSER,Continuous,rf,RMSE,204,91,1.3591,N/A,0,0.015533,success
Covid19Andalusia,AEON-TSER,Continuous,rf,RMSE,204,91,1.3803,N/A,1,0.016399,success
Covid19Andalusia,AEON-TSER,Continuous,rf,RMSE,204,91,1.3977,N/A,2,0.015502,success
Covid19Andalusia,AEON-TSER,Continuous,rf,RMSE,204,91,1.3521,N/A,3,0.01632,success
Covid19Andalusia,AEON-TSER,Continuous,rf,RMSE,204,91,1.3605,N/A,4,0.016317,success
Covid19Andalusia,AEON-TSER,Continuous,et,RMSE,204,91,0.6524,N/A,0,0.013548,success
Covid19Andalusia,AEON-TSER,Continuous,et,RMSE,204,91,0.6554,N/A,1,0.013917,success
Covid19Andalusia,AEON-TSER,Continuous,et,RMSE,204,91,0.6582,N/A,2,0.01362,success
Covid19Andalusia,AEON-TSER,Continuous,et,RMSE,204,91,0.6385,N/A,3,0.013454,success
Covid19Andalusia,AEON-TSER,Continuous,et,RMSE,204,91,0.6413,N/A,4,0.013881,success
Covid19Andalusia,AEON-TSER,Continuous,rotf,RMSE,204,91,3.0894,N/A,0,0.016416,success
Covid19Andalusia,AEON-TSER,Continuous,rotf,RMSE,204,91,3.1094,N/A,1,0.016151,success
Covid19Andalusia,AEON-TSER,Continuous,rotf,RMSE,204,91,3.0723,N/A,2,0.015588,success
Covid19Andalusia,AEON-TSER,Continuous,rotf,RMSE,204,91,3.0857,N/A,3,0.015428,success
Covid19Andalusia,AEON-TSER,Continuous,rotf,RMSE,204,91,3.0257,N/A,4,0.014906,success
Covid3Month,AEON-TSER,Continuous,rf,RMSE,201,84,0.4703,N/A,0,0.042657,success
Covid3Month,AEON-TSER,Continuous,rf,RMSE,201,84,0.4871,N/A,1,0.042897,success
Covid3Month,AEON-TSER,Continuous,rf,RMSE,201,84,0.4821,N/A,2,0.040899,success
Covid3Month,AEON-TSER,Continuous,rf,RMSE,201,84,0.4968,N/A,3,0.041505,success
Covid3Month,AEON-TSER,Continuous,rf,RMSE,201,84,0.4778,N/A,4,0.042311,success
Covid3Month,AEON-TSER,Continuous,et,RMSE,201,84,0.3105,N/A,0,0.043895,success
Covid3Month,AEON-TSER,Continuous,et,RMSE,201,84,0.3555,N/A,1,0.044297,success
Covid3Month,AEON-TSER,Continuous,et,RMSE,201,84,0.3283,N/A,2,0.045,success
Covid3Month,AEON-TSER,Continuous,et,RMSE,201,84,0.3377,N/A,3,0.044112,success
Covid3Month,AEON-TSER,Continuous,et,RMSE,201,84,0.3425,N/A,4,0.045229,success
Covid3Month,AEON-TSER,Continuous,rotf,RMSE,201,84,2.0456,N/A,0,0.043615,success
Covid3Month,AEON-TSER,Continuous,rotf,RMSE,201,84,2.0658,N/A,1,0.044264,success
Covid3Month,AEON-TSER,Continuous,rotf,RMSE,201,84,2.1108,N/A,2,0.043699,success
Covid3Month,AEON-TSER,Continuous,rotf,RMSE,201,84,2.0582,N/A,3,0.043147,success
Covid3Month,AEON-TSER,Continuous,rotf,RMSE,201,84,2.0841,N/A,4,0.044376,success
DailyOilGasPrices,AEON-TSER,Continuous,rf,RMSE,191,60,0.9524,N/A,0,1.180638,success
DailyOilGasPrices,AEON-TSER,Continuous,rf,RMSE,191,60,0.9561,N/A,1,1.173051,success
DailyOilGasPrices,AEON-TSER,Continuous,rf,RMSE,191,60,0.9161,N/A,2,1.234589,success
DailyOilGasPrices,AEON-TSER,Continuous,rf,RMSE,191,60,0.9394,N/A,3,1.255263,success
DailyOilGasPrices,AEON-TSER,Continuous,rf,RMSE,191,60,0.9369,N/A,4,1.189397,success
DailyOilGasPrices,AEON-TSER,Continuous,et,RMSE,191,60,0.4922,N/A,0,1.127524,success
DailyOilGasPrices,AEON-TSER,Continuous,et,RMSE,191,60,0.4368,N/A,1,1.135119,success
DailyOilGasPrices,AEON-TSER,Continuous,et,RMSE,191,60,0.4718,N/A,2,1.13642,success
DailyOilGasPrices,AEON-TSER,Continuous,et,RMSE,191,60,0.4719,N/A,3,1.116347,success
DailyOilGasPrices,AEON-TSER,Continuous,et,RMSE,191,60,0.4681,N/A,4,1.19768,success
DailyOilGasPrices,AEON-TSER,Continuous,rotf,RMSE,191,60,1.8917,N/A,0,1.325679,success
DailyOilGasPrices,AEON-TSER,Continuous,rotf,RMSE,191,60,1.9595,N/A,1,1.259502,success
DailyOilGasPrices,AEON-TSER,Continuous,rotf,RMSE,191,60,2.0421,N/A,2,1.331447,success
DailyOilGasPrices,AEON-TSER,Continuous,rotf,RMSE,191,60,2.0995,N/A,3,1.327178,success
DailyOilGasPrices,AEON-TSER,Continuous,rotf,RMSE,191,60,1.9147,N/A,4,1.239029,success
