dataset,seed,time_taken,status,"{'max_group': 3, 'n_estimators': 20, 'remove_proportion': 0.25}","time_{'max_group': 3, 'n_estimators': 20, 'remove_proportion': 0.25}","{'max_group': 3, 'n_estimators': 20, 'remove_proportion': 0.5}","time_{'max_group': 3, 'n_estimators': 20, 'remove_proportion': 0.5}","{'max_group': 3, 'n_estimators': 20, 'remove_proportion': 0.75}","time_{'max_group': 3, 'n_estimators': 20, 'remove_proportion': 0.75}","{'max_group': 3, 'n_estimators': 50, 'remove_proportion': 0.25}","time_{'max_group': 3, 'n_estimators': 50, 'remove_proportion': 0.25}","{'max_group': 3, 'n_estimators': 50, 'remove_proportion': 0.5}","time_{'max_group': 3, 'n_estimators': 50, 'remove_proportion': 0.5}","{'max_group': 3, 'n_estimators': 50, 'remove_proportion': 0.75}","time_{'max_group': 3, 'n_estimators': 50, 'remove_proportion': 0.75}","{'max_group': 7, 'n_estimators': 20, 'remove_proportion': 0.25}","time_{'max_group': 7, 'n_estimators': 20, 'remove_proportion': 0.25}","{'max_group': 7, 'n_estimators': 20, 'remove_proportion': 0.5}","time_{'max_group': 7, 'n_estimators': 20, 'remove_proportion': 0.5}","{'max_group': 7, 'n_estimators': 20, 'remove_proportion': 0.75}","time_{'max_group': 7, 'n_estimators': 20, 'remove_proportion': 0.75}","{'max_group': 7, 'n_estimators': 50, 'remove_proportion': 0.25}","time_{'max_group': 7, 'n_estimators': 50, 'remove_proportion': 0.25}","{'max_group': 7, 'n_estimators': 50, 'remove_proportion': 0.5}","time_{'max_group': 7, 'n_estimators': 50, 'remove_proportion': 0.5}","{'max_group': 7, 'n_estimators': 50, 'remove_proportion': 0.75}","time_{'max_group': 7, 'n_estimators': 50, 'remove_proportion': 0.75}"
ACSF1,0,12306.7916,success,0.6390374331550802,1260.0761,0.6390374331550802,1193.1676,0.6491384432560903,1222.8678,0.6390374331550802,1184.8788,0.6390374331550802,1163.4309,0.6491384432560903,1200.2057,0.6592394533571003,799.6166,0.6488413547237076,776.9148,0.6390374331550802,790.8534,0.6592394533571003,810.3458,0.6488413547237076,771.3556,0.6390374331550802,825.9502
ACSF1,1,12137.4025,success,0.700237670825906,1278.45,0.7198455139631611,1228.2738,0.7198455139631611,1206.2062,0.700237670825906,1139.5389,0.7198455139631611,1139.4304,0.7198455139631611,1146.5273,0.7599524658348188,790.6342,0.7498514557338086,780.2532,0.7596553773024363,776.0474,0.7599524658348188,788.8441,0.7498514557338086,790.3177,0.7596553773024363,784.0672
ACSF1,2,12257.6837,success,0.6598336304218658,1245.3385,0.6500297088532383,1227.5242,0.6702317290552585,1186.1252,0.6598336304218658,1188.8396,0.6500297088532383,1153.6923,0.6702317290552585,1174.5224,0.6800356506238859,813.7533,0.6601307189542484,781.7451,0.6702317290552585,806.8696,0.6800356506238859,776.2841,0.6601307189542484,796.9118,0.6702317290552585,804.6186
ACSF1,3,12334.2323,success,0.6696375519904931,1265.4016,0.6696375519904931,1213.2383,0.6898395721925134,1216.861,0.6696375519904931,1254.0854,0.6696375519904931,1191.3876,0.6898395721925134,1188.273,0.7103386809269162,800.4776,0.7302436125965537,790.2432,0.7400475341651812,782.7852,0.7103386809269162,807.6934,0.7302436125965537,761.9313,0.7400475341651812,764.6964
ACSF1,4,12249.9686,success,0.6209150326797386,1245.6313,0.6209150326797386,1181.1838,0.6108140225787285,1183.2879,0.6209150326797386,1242.7465,0.6209150326797386,1155.6492,0.6108140225787285,1178.0362,0.6209150326797386,827.4055,0.6310160427807486,801.4095,0.6310160427807486,791.1771,0.6209150326797386,797.3317,0.6310160427807486,768.7167,0.6310160427807486,764.6721
Adiac,0,5436.4604,success,0.7230769230769231,459.2593,0.7256410256410257,468.7182,0.7282051282051283,470.2386,0.7230769230769231,468.609,0.7256410256410257,468.4903,0.7282051282051283,468.5167,0.7435897435897436,413.5254,0.7512820512820513,410.8971,0.7384615384615385,405.7933,0.7435897435897436,394.284,0.7512820512820513,400.1721,0.7384615384615385,403.4729
Adiac,1,5479.1367,success,0.7384615384615385,465.9295,0.7384615384615385,470.9072,0.735897435897436,469.0613,0.7384615384615385,468.5749,0.7384615384615385,474.739,0.735897435897436,470.0759,0.7410256410256411,414.9265,0.7589743589743589,417.2199,0.7435897435897436,409.6774,0.7410256410256411,406.9086,0.7589743589743589,404.5081,0.7435897435897436,405.644
Adiac,2,5504.4079,success,0.7410256410256411,466.075,0.7333333333333334,471.646,0.7282051282051283,466.3924,0.7410256410256411,467.26,0.7333333333333334,467.5418,0.7282051282051283,470.7835,0.7333333333333334,408.0024,0.735897435897436,414.7325,0.7307692307692308,413.0027,0.7333333333333334,408.0324,0.735897435897436,410.3729,0.7307692307692308,419.5684
Adiac,3,5484.5191,success,0.7128205128205128,465.7607,0.7230769230769232,472.6741,0.7410256410256411,475.6644,0.7128205128205128,470.5872,0.7230769230769232,470.4914,0.7410256410256411,469.4186,0.7282051282051283,416.5196,0.735897435897436,415.7541,0.7410256410256411,413.6049,0.7282051282051283,394.1216,0.735897435897436,404.4112,0.7410256410256411,397.9844
Adiac,4,5413.71,success,0.7435897435897436,468.6927,0.7333333333333334,469.805,0.7410256410256411,480.0198,0.7435897435897436,460.6572,0.7333333333333334,453.1803,0.7410256410256411,452.6586,0.7435897435897436,399.2981,0.7564102564102564,402.9715,0.7487179487179487,399.3034,0.7435897435897436,401.7202,0.7564102564102564,407.49,0.7487179487179487,411.7356
ArrowHead,0,1671.0584,success,0.7777777777777778,178.5836,0.8055555555555557,159.0792,0.7777777777777778,157.9865,0.7777777777777778,156.7643,0.8055555555555557,157.9481,0.7777777777777778,168.5077,0.8055555555555557,110.1782,0.7777777777777778,112.0413,0.7777777777777778,112.6534,0.8055555555555557,105.3492,0.7777777777777778,100.6716,0.7777777777777778,101.672
ArrowHead,1,1733.4384,success,0.8333333333333334,164.2472,0.8333333333333334,177.5708,0.8055555555555557,178.5768,0.8333333333333334,176.8109,0.8333333333333334,179.6289,0.8055555555555557,179.5276,0.8055555555555555,102.5407,0.8055555555555555,103.027,0.75,103.0415,0.8055555555555555,103.0345,0.8055555555555555,104.1297,0.75,107.1299
ArrowHead,2,1823.9043,success,0.7777777777777778,172.5636,0.7777777777777778,181.1604,0.7777777777777778,180.9314,0.7777777777777778,179.4414,0.7777777777777778,180.6728,0.7777777777777778,180.8749,0.7777777777777778,111.5188,0.75,113.2088,0.7777777777777777,113.5418,0.7777777777777778,111.9325,0.75,122.204,0.7777777777777777,120.4883
ArrowHead,3,1753.072,success,0.8333333333333334,175.8617,0.7777777777777778,177.5459,0.7777777777777778,178.5147,0.8333333333333334,165.2383,0.7777777777777778,176.9924,0.7777777777777778,175.1473,0.8333333333333334,105.5391,0.7777777777777778,108.1027,0.75,107.6008,0.8333333333333334,106.5392,0.7777777777777778,111.3252,0.75,111.3173
ArrowHead,4,1773.0956,success,0.8333333333333334,175.8398,0.8333333333333334,176.0661,0.8333333333333334,176.2164,0.8333333333333334,175.0662,0.8333333333333334,176.4448,0.8333333333333334,176.8718,0.8055555555555555,109.6893,0.8055555555555555,110.9003,0.8055555555555555,111.0055,0.8055555555555555,109.3975,0.8055555555555555,110.6601,0.8055555555555555,111.1511
Beef,0,3263.5738,success,0.5666666666666667,347.9292,0.6,310.2285,0.6333333333333333,312.2761,0.5666666666666667,342.1476,0.6,335.727,0.6333333333333333,321.3327,0.6333333333333333,210.3947,0.7666666666666666,200.5105,0.7666666666666666,191.3814,0.6333333333333333,207.713,0.7666666666666666,189.379,0.7666666666666666,223.4541
Beef,1,3265.2547,success,0.5666666666666667,353.402,0.6333333333333333,330.6494,0.6666666666666666,318.6507,0.5666666666666667,365.912,0.6333333333333333,324.4609,0.6666666666666666,306.2511,0.6,207.0771,0.7000000000000001,186.0726,0.7666666666666667,198.1897,0.6,227.0058,0.7000000000000001,192.0276,0.7666666666666667,191.3713
Beef,2,3402.7796,success,0.7000000000000001,368.4627,0.7666666666666666,333.3921,0.7666666666666666,332.1642,0.7000000000000001,345.2564,0.7666666666666666,346.7016,0.7666666666666666,333.6038,0.7333333333333334,226.1302,0.8333333333333334,206.6358,0.8333333333333334,207.5588,0.7333333333333334,226.2915,0.8333333333333334,205.9071,0.8333333333333334,205.4987
Beef,3,3375.1603,success,0.7666666666666666,359.0813,0.7666666666666666,321.7323,0.7666666666666666,322.9781,0.7666666666666666,354.7203,0.7666666666666666,321.8247,0.7666666666666666,343.8648,0.7666666666666666,246.9433,0.7666666666666666,204.7486,0.8333333333333334,202.4839,0.7666666666666666,222.8252,0.7666666666666666,201.9348,0.8333333333333334,206.0637
Beef,4,3329.5929,success,0.7333333333333334,368.673,0.6999999999999998,322.6826,0.7666666666666666,312.0384,0.7333333333333334,363.1247,0.6999999999999998,323.5578,0.7666666666666666,328.4846,0.6999999999999998,222.9532,0.7666666666666666,187.1068,0.7333333333333334,188.2258,0.6999999999999998,219.1992,0.7666666666666666,202.8984,0.7333333333333334,194.721
BeetleFly,0,3632.4459,success,0.4444444444444444,442.535,0.4444444444444444,346.1968,0.5,347.2461,0.4444444444444444,420.5036,0.4444444444444444,316.1549,0.5,339.1267,0.3968253968253968,259.0482,0.3968253968253968,198.0656,0.3968253968253968,211.7885,0.3968253968253968,257.0342,0.3968253968253968,197.8086,0.3968253968253968,198.694
BeetleFly,1,3791.1995,success,0.6587301587301587,438.4831,0.6587301587301587,360.9281,0.6587301587301587,364.7971,0.6587301587301587,444.2448,0.6587301587301587,348.4921,0.6587301587301587,348.6706,0.6587301587301587,268.6322,0.6587301587301587,211.4526,0.6587301587301587,212.5268,0.6587301587301587,267.5715,0.6587301587301587,210.9261,0.6587301587301587,212.7122
BeetleFly,2,3749.3785,success,0.49206349206349204,455.0615,0.49206349206349204,358.694,0.49206349206349204,358.9386,0.49206349206349204,446.5966,0.49206349206349204,348.834,0.49206349206349204,346.5402,0.5,256.6834,0.49206349206349204,202.8753,0.49206349206349204,204.0289,0.5,267.4229,0.49206349206349204,217.6438,0.49206349206349204,218.9753
BeetleFly,3,3795.0746,success,0.5555555555555555,442.6198,0.5555555555555555,350.7564,0.5555555555555555,353.2739,0.5555555555555555,466.999,0.5555555555555555,357.5572,0.5555555555555555,352.9829,0.6031746031746031,273.203,0.6031746031746031,216.0004,0.6507936507936507,216.7586,0.6031746031746031,271.5468,0.6031746031746031,212.7767,0.6507936507936507,213.5105
BeetleFly,4,3693.2734,success,0.6587301587301587,427.8326,0.6587301587301587,324.9914,0.7063492063492064,353.2535,0.6587301587301587,453.8956,0.6587301587301587,344.7968,0.7063492063492064,346.0876,0.6587301587301587,267.0679,0.7619047619047619,210.2519,0.7063492063492064,210.8584,0.6587301587301587,263.4292,0.7619047619047619,212.0068,0.7063492063492064,212.617
BirdChicken,0,3766.0183,success,0.6507936507936507,445.3126,0.746031746031746,352.7847,0.7936507936507936,352.478,0.6507936507936507,443.6985,0.746031746031746,334.7622,0.7936507936507936,336.0998,0.6984126984126983,270.5776,0.6984126984126983,214.0198,0.6984126984126985,214.9872,0.6984126984126983,270.9869,0.6984126984126983,214.3759,0.6984126984126985,215.4505
BirdChicken,1,3846.9097,success,0.5476190476190476,448.0704,0.5,352.8172,0.5,356.949,0.5476190476190476,455.0878,0.5,358.0438,0.5,358.1572,0.6031746031746031,302.528,0.5555555555555555,222.5701,0.6587301587301587,218.7027,0.6031746031746031,295.635,0.5555555555555555,223.9011,0.6587301587301587,192.403
BirdChicken,2,3713.217,success,0.7063492063492064,431.2596,0.6587301587301587,356.5515,0.7063492063492064,350.2221,0.7063492063492064,438.33,0.6587301587301587,336.8168,0.7063492063492064,336.8136,0.6587301587301587,271.2664,0.6587301587301587,208.4043,0.6111111111111112,199.6582,0.6587301587301587,268.8326,0.6587301587301587,201.2137,0.6111111111111112,208.8699
BirdChicken,3,3693.8998,success,0.6904761904761904,438.0566,0.7380952380952381,350.1454,0.7380952380952381,352.5424,0.6904761904761904,423.7774,0.7380952380952381,332.0105,0.7380952380952381,346.8236,0.6904761904761904,269.8958,0.6428571428571428,213.3764,0.7380952380952381,214.4722,0.6904761904761904,262.0368,0.6428571428571428,196.1355,0.7380952380952381,196.7318
BirdChicken,4,3744.4747,success,0.6428571428571429,444.3193,0.746031746031746,351.5746,0.746031746031746,342.3475,0.6428571428571429,424.2868,0.746031746031746,365.0458,0.746031746031746,351.8283,0.6428571428571429,264.4389,0.6984126984126983,217.9632,0.6984126984126983,212.5402,0.6428571428571429,262.4311,0.6984126984126983,208.8328,0.6984126984126983,200.4856
BME,0,956.6233,success,0.9666666666666667,105.0204,0.9666666666666667,92.8466,0.9666666666666667,93.3839,0.9666666666666667,108.0878,0.9666666666666667,92.3947,0.9666666666666667,87.0985,0.9666666666666667,61.6022,0.9666666666666667,52.4732,0.9666666666666667,52.915,0.9666666666666667,65.2162,0.9666666666666667,58.5493,0.9666666666666667,59.0233
BME,1,975.0406,success,1.0,108.1779,0.9666666666666667,92.9945,0.9666666666666667,91.8663,1.0,108.7487,0.9666666666666667,89.5372,0.9666666666666667,84.2667,1.0,67.0249,1.0,59.0473,0.9666666666666667,59.2342,1.0,68.4768,1.0,58.7696,0.9666666666666667,59.0133
BME,2,981.7347,success,0.9666666666666667,107.8608,0.9666666666666667,93.3166,0.9666666666666667,93.1593,0.9666666666666667,108.7501,0.9666666666666667,93.017,0.9666666666666667,93.3005,0.9666666666666667,68.6914,1.0,58.8552,0.9666666666666667,59.3655,0.9666666666666667,68.5125,1.0,59.136,0.9666666666666667,59.1332
BME,3,951.5025,success,0.9333333333333332,105.2899,0.9333333333333332,93.104,0.9333333333333332,92.5115,0.9333333333333332,103.9207,0.9333333333333332,85.6385,0.9333333333333332,89.3872,0.9333333333333332,64.0842,0.9333333333333332,57.5462,0.9333333333333332,59.0865,0.9333333333333332,68.1673,0.9333333333333332,53.7198,0.9333333333333332,53.02
BME,4,977.0837,success,1.0,102.6388,1.0,93.6574,1.0,93.401,1.0,108.7805,1.0,92.9661,1.0,92.2796,1.0,67.3776,1.0,58.1648,1.0,58.533,1.0,63.9442,1.0,59.3696,1.0,59.7107
Car,0,4269.4126,success,0.8333333333333334,432.7572,0.85,428.7597,0.85,419.5608,0.8333333333333334,425.4864,0.85,417.9164,0.85,421.6202,0.85,266.728,0.85,265.6899,0.8333333333333334,269.1703,0.85,242.336,0.85,275.5639,0.8333333333333334,270.9247
Car,1,4217.2907,success,0.8166666666666665,425.3777,0.8333333333333334,418.5181,0.85,421.0338,0.8166666666666665,425.4831,0.8333333333333334,407.2655,0.85,410.355,0.85,274.4198,0.8166666666666668,261.948,0.8333333333333334,263.0699,0.85,252.1954,0.8166666666666668,257.4838,0.8333333333333334,265.3892
Car,2,4205.4801,success,0.8666666666666667,426.7895,0.8833333333333333,422.4355,0.8666666666666666,424.1807,0.8666666666666667,415.5259,0.8833333333333333,416.3656,0.8666666666666666,425.6719,0.8333333333333334,252.3317,0.85,267.8246,0.85,267.0715,0.8333333333333334,262.8223,0.85,260.4407,0.85,241.87
Car,3,4128.2544,success,0.7666666666666666,417.8315,0.8000000000000002,418.0528,0.8166666666666668,407.9527,0.7666666666666666,411.2012,0.8000000000000002,405.7412,0.8166666666666668,417.1315,0.75,263.7544,0.7999999999999999,260.4472,0.7999999999999999,269.1843,0.75,241.5555,0.7999999999999999,242.4739,0.7999999999999999,246.0933
Car,4,4269.8665,success,0.85,433.4069,0.8666666666666667,424.9988,0.8666666666666667,427.5914,0.85,433.6781,0.8666666666666667,408.685,0.8666666666666667,413.5258,0.8666666666666667,267.2837,0.85,260.9566,0.85,264.9538,0.8666666666666667,263.3197,0.85,267.2844,0.85,269.7445
CBF,0,953.9886,success,0.9,102.2914,0.9333333333333332,91.5393,0.9,92.0096,0.9,103.1114,0.9333333333333332,92.9915,0.9,93.1281,0.9,64.9711,0.9,58.9433,0.9,56.3103,0.9,60.7341,0.9,53.4919,0.9,56.7551
CBF,1,1018.4289,success,0.9333333333333332,104.2946,0.9333333333333332,94.1508,0.9333333333333332,94.3559,0.9333333333333332,105.0302,0.9333333333333332,102.3714,0.9333333333333332,102.7507,0.9333333333333332,71.8896,0.9333333333333332,64.7701,0.9,65.0742,0.9333333333333332,71.6182,0.9333333333333332,55.8926,0.9,58.2077
CBF,2,944.2041,success,0.9666666666666667,101.5377,0.9666666666666667,91.4348,0.9666666666666667,92.6805,0.9666666666666667,99.0839,0.9666666666666667,91.0256,0.9666666666666667,93.2016,0.9333333333333332,60.0115,0.9333333333333332,54.1129,0.9333333333333332,54.5579,0.9333333333333332,62.1649,0.9333333333333332,58.2509,0.9333333333333332,58.4438
CBF,3,937.5415,success,0.9666666666666667,102.2168,0.9333333333333332,88.6454,0.9333333333333332,83.4282,0.9666666666666667,102.189,0.9333333333333332,93.0867,0.9333333333333332,93.2623,0.9333333333333332,65.5198,0.9333333333333332,55.0374,0.9666666666666667,52.8462,0.9333333333333332,58.6722,0.9333333333333332,55.2809,0.9666666666666667,59.2744
CBF,4,954.2821,success,0.8666666666666667,96.7023,0.9,83.567,0.9,93.1701,0.8666666666666667,104.0192,0.9,93.6941,0.9,93.0477,0.9,64.1423,0.8666666666666667,58.0323,0.9,58.4123,0.9,64.4951,0.8666666666666667,58.727,0.9,58.4245
Chinatown,0,239.4897,success,1.0,25.4518,0.9444444444444445,21.2054,1.0,21.209,1.0,25.5032,0.9444444444444445,21.1248,1.0,20.848,0.9444444444444445,18.2561,0.9444444444444445,15.2959,0.9444444444444445,15.4286,0.9444444444444445,18.1818,0.9444444444444445,15.3608,0.9444444444444445,15.3248
Chinatown,1,227.396,success,1.0,23.9799,1.0,19.4731,1.0,19.1332,1.0,22.6355,1.0,20.0049,1.0,19.5358,0.9523809523809524,18.0907,0.9523809523809524,15.0544,1.0,15.1679,0.9523809523809524,17.9751,0.9523809523809524,15.0724,1.0,15.0569
Chinatown,2,228.9626,success,1.0,25.0214,1.0,20.7298,0.9444444444444445,20.8386,1.0,24.6183,1.0,19.7194,0.9444444444444445,19.2317,0.9444444444444445,16.897,0.9444444444444445,14.134,0.9444444444444445,14.257,0.9444444444444445,16.8449,0.9444444444444445,15.1708,0.9444444444444445,15.256
Chinatown,3,236.9689,success,0.9523809523809524,25.0885,0.9523809523809524,20.684,0.9523809523809524,20.7098,0.9523809523809524,25.0504,0.9523809523809524,20.7629,0.9523809523809524,20.5879,0.9523809523809524,18.2445,0.9523809523809524,15.2869,0.9523809523809524,15.4015,0.9523809523809524,18.2054,0.9523809523809524,15.3676,0.9523809523809524,15.3474
Chinatown,4,235.765,success,1.0,25.1617,1.0,20.6666,1.0,20.6995,1.0,24.9309,1.0,20.7056,1.0,20.4973,0.9523809523809524,18.1214,0.9523809523809524,15.1239,0.9523809523809524,15.2417,0.9523809523809524,18.0137,0.9523809523809524,15.214,0.9523809523809524,15.1916
ChlorineConcentration,0,3594.9779,success,0.811552247036118,311.9644,0.8008409153570444,319.5799,0.8136889991728701,320.3889,0.811552247036118,322.7559,0.8008409153570444,316.0665,0.8136889991728701,318.4126,0.8072511717673008,263.6838,0.8157981803143093,257.5487,0.8136889991728701,258.7057,0.8072511717673008,259.8159,0.8157981803143093,258.6629,0.8136889991728701,261.5681
ChlorineConcentration,1,3602.6232,success,0.7901571546732837,317.4475,0.788006617038875,314.4336,0.7880066170388752,319.5122,0.7901571546732837,308.6495,0.788006617038875,317.0693,0.7880066170388752,315.9499,0.7730079955886406,261.2274,0.7901295836779708,264.3469,0.7773090708574579,263.8264,0.7730079955886406,261.7207,0.7901295836779708,259.7629,0.7773090708574579,256.5399
ChlorineConcentration,2,3672.3517,success,0.8094292803970223,328.6507,0.800854700854701,320.7784,0.8051006341328922,319.686,0.8094292803970223,319.486,0.800854700854701,319.5655,0.8051006341328922,319.9494,0.8072787427626137,267.9918,0.8072925282602702,267.4513,0.8029776674937965,268.8581,0.8072787427626137,268.4973,0.8072925282602702,261.7897,0.8029776674937965,265.1145
ChlorineConcentration,3,3633.0868,success,0.8308243727598565,317.7329,0.8308381582575132,317.5967,0.8372897711607389,319.0916,0.8308243727598565,314.7116,0.8308381582575132,318.9908,0.8372897711607389,317.1905,0.8115936035290874,265.139,0.830865729252826,266.3617,0.8180314309346568,263.0753,0.8115936035290874,261.2289,0.830865729252826,261.6482,0.8180314309346568,265.2395
ChlorineConcentration,4,3620.9249,success,0.8478770333609044,322.4413,0.8457678522194652,321.7476,0.8543424317617866,319.9668,0.8478770333609044,322.6515,0.8457678522194652,322.0025,0.8543424317617866,323.0712,0.8500413564929694,265.5936,0.8479321753515302,257.5719,0.8500551419906258,257.8529,0.8500413564929694,256.3457,0.8479321753515302,256.6197,0.8500551419906258,256.3843
CinCECGTorso,0,10992.0085,success,0.6483516483516484,1202.6051,0.6465201465201466,1147.5152,0.6227106227106227,1087.7801,0.6483516483516484,1136.1211,0.6465201465201466,1053.0687,0.6227106227106227,1094.3287,0.6227106227106227,700.8927,0.6739926739926739,656.4729,0.598901098901099,660.422,0.6227106227106227,674.9348,0.6739926739926739,660.0226,0.598901098901099,690.2656
CinCECGTorso,1,11101.1359,success,0.7216117216117217,1184.348,0.7216117216117216,1134.5663,0.6959706959706958,1100.9297,0.7216117216117217,1111.9773,0.7216117216117216,1147.4418,0.6959706959706958,1076.3971,0.7472527472527473,712.5749,0.7472527472527473,682.7198,0.7472527472527473,656.9131,0.7472527472527473,730.3641,0.7472527472527473,677.8014,0.7472527472527473,663.5915
CinCECGTorso,2,11212.0287,success,0.6483516483516484,1200.6637,0.6978021978021979,1127.5713,0.6978021978021979,1046.3747,0.6483516483516484,1149.4184,0.6978021978021979,1105.4115,0.6978021978021979,1093.7047,0.6739926739926739,701.8384,0.6721611721611721,683.0785,0.6245421245421245,659.9651,0.6739926739926739,716.5034,0.6721611721611721,691.1283,0.6245421245421245,695.5018
CinCECGTorso,3,11380.7326,success,0.5750915750915752,1209.0847,0.5494505494505494,1161.1179,0.5750915750915752,1157.6718,0.5750915750915752,1187.9979,0.5494505494505494,1050.3719,0.5750915750915752,1092.4432,0.5494505494505494,719.3925,0.5494505494505494,668.2453,0.5494505494505494,666.3454,0.5494505494505494,699.4159,0.5494505494505494,696.8506,0.5494505494505494,706.9425
CinCECGTorso,4,11285.7792,success,0.6813186813186812,1200.8379,0.63003663003663,1149.6613,0.6813186813186812,1091.9454,0.6813186813186812,1182.9101,0.63003663003663,1154.1475,0.6813186813186812,1106.7285,0.6813186813186812,726.1787,0.6556776556776557,721.0094,0.7545787545787546,685.7866,0.6813186813186812,694.3512,0.6556776556776557,674.9732,0.7545787545787546,668.1908
Coffee,0,2033.3621,success,1.0,214.8075,1.0,209.4949,1.0,203.0451,1.0,201.8673,1.0,201.9631,1.0,201.8427,1.0,122.6632,1.0,123.7416,1.0,124.4873,1.0,127.0789,1.0,132.1427,1.0,114.8605
Coffee,1,1928.3724,success,1.0,197.835,1.0,198.3717,1.0,194.2548,1.0,184.158,1.0,194.8459,1.0,188.4776,1.0,115.4386,1.0,120.3444,1.0,123.1596,1.0,112.0065,1.0,121.6428,1.0,122.7416
Coffee,2,1911.7935,success,1.0,194.5904,1.0,183.0769,1.0,195.865,1.0,180.2791,1.0,178.6944,1.0,192.6291,1.0,119.9951,1.0,122.5225,1.0,118.6927,1.0,120.0009,1.0,122.8908,1.0,123.3155
Coffee,3,1921.1351,success,1.0,176.3977,1.0,183.8837,1.0,181.7437,1.0,193.991,1.0,193.4238,1.0,199.5643,1.0,121.5829,1.0,122.6231,1.0,119.9984,1.0,121.0898,1.0,123.4125,1.0,123.9354
Coffee,4,1921.82,success,1.0,195.0311,1.0,198.1983,1.0,196.1035,1.0,192.9171,1.0,194.8506,1.0,181.2152,1.0,111.964,1.0,111.2071,1.0,117.7033,1.0,122.0039,1.0,123.2825,1.0,118.2365
Computers,0,7941.7154,success,0.6118760757314975,746.2881,0.5999235035379614,753.9086,0.6118282654427233,740.8124,0.6118760757314975,722.5047,0.5999235035379614,728.8916,0.6118282654427233,763.1085,0.5919391853126793,553.6413,0.5919391853126793,528.744,0.5879231210556511,525.2814,0.5919391853126793,529.758,0.5919391853126793,530.5861,0.5879231210556511,532.6552
Computers,1,7889.9399,success,0.6397494740868235,746.3755,0.6477337923121056,753.8368,0.6438611589213998,734.2771,0.6397494740868235,729.3455,0.6477337923121056,748.2278,0.6438611589213998,723.3137,0.667766303308472,551.4901,0.6557659208261618,549.5216,0.6717823675655001,551.906,0.667766303308472,523.3368,0.6557659208261618,525.3602,0.6717823675655001,525.0299
Computers,2,7943.8572,success,0.643908969210174,757.4395,0.6519410977242303,733.7594,0.6518932874354562,738.4855,0.643908969210174,715.5682,0.6519410977242303,740.0772,0.6518932874354562,744.863,0.627988143048384,543.8483,0.6439089692101739,538.8385,0.6480206540447505,558.0936,0.627988143048384,534.9878,0.6439089692101739,523.5038,0.6480206540447505,530.2587
Computers,3,7875.8425,success,0.6119716963090457,744.1081,0.6158921399885255,750.322,0.6359246509848919,717.0927,0.6119716963090457,718.7676,0.6158921399885255,735.1216,0.6359246509848919,750.3482,0.6359724612736661,534.7492,0.6079078217632434,540.9149,0.627988143048384,533.8923,0.6359724612736661,540.7282,0.6079078217632434,528.4786,0.627988143048384,548.0094
Computers,4,7710.3136,success,0.7040543124880475,768.5183,0.692006119716963,734.8349,0.707926945878753,719.6207,0.7040543124880475,700.0389,0.692006119716963,703.3189,0.707926945878753,696.5771,0.6921495505832856,516.2379,0.6842130426467775,528.0927,0.6721648498756932,531.089,0.6921495505832856,517.9916,0.6842130426467775,508.9767,0.6721648498756932,509.1215
CricketX,0,6751.7894,success,0.6025641025641025,591.3782,0.617948717948718,591.5768,0.6205128205128205,568.782,0.6025641025641025,579.5553,0.617948717948718,579.1521,0.6205128205128205,578.9922,0.6128205128205129,498.6604,0.6256410256410256,501.7173,0.6307692307692307,505.4914,0.6128205128205129,505.3263,0.6256410256410256,509.6651,0.6307692307692307,494.3611
CricketX,1,6646.2804,success,0.5974358974358974,563.8613,0.6025641025641025,594.6718,0.6102564102564103,582.6264,0.5974358974358974,594.6486,0.6025641025641025,569.7782,0.6102564102564103,567.6374,0.6230769230769231,490.7224,0.617948717948718,508.6091,0.6025641025641026,491.7846,0.6230769230769231,473.8862,0.617948717948718,491.7784,0.6025641025641026,479.4025
CricketX,2,6663.5759,success,0.6230769230769231,574.9224,0.6076923076923076,570.2029,0.6153846153846154,575.3509,0.6230769230769231,566.5943,0.6076923076923076,569.106,0.6153846153846154,577.5873,0.6179487179487179,491.9279,0.6128205128205128,497.1141,0.6102564102564102,505.0726,0.6179487179487179,490.6714,0.6128205128205128,488.2578,0.6102564102564102,495.1815
CricketX,3,6728.7923,success,0.6307692307692307,579.2834,0.6384615384615384,579.5065,0.6282051282051282,584.1957,0.6307692307692307,576.7401,0.6384615384615384,591.226,0.6282051282051282,581.0722,0.6282051282051282,489.7406,0.6282051282051282,509.9464,0.6333333333333333,497.0962,0.6282051282051282,491.1092,0.6282051282051282,493.9157,0.6333333333333333,497.8901
CricketX,4,6763.7617,success,0.5974358974358974,590.5536,0.6230769230769231,588.9303,0.6153846153846154,591.7378,0.5974358974358974,588.4013,0.6230769230769231,594.1203,0.6153846153846154,575.356,0.6153846153846154,496.6015,0.617948717948718,497.2621,0.6230769230769231,482.3415,0.6153846153846154,496.2377,0.617948717948718,502.4392,0.6230769230769231,497.8778
CricketY,0,6638.1428,success,0.6051282051282052,578.8013,0.6282051282051282,580.7606,0.6128205128205129,575.1738,0.6051282051282052,568.1824,0.6282051282051282,563.6151,0.6128205128205129,561.5264,0.6076923076923078,488.5903,0.6128205128205129,494.3418,0.6102564102564102,494.7322,0.6076923076923078,489.9798,0.6128205128205129,486.9573,0.6102564102564102,494.4332
CricketY,1,6631.5393,success,0.6076923076923078,560.5911,0.6025641025641026,588.3533,0.5948717948717949,584.3743,0.6076923076923078,562.5552,0.6025641025641026,575.66,0.5948717948717949,568.4133,0.5923076923076923,482.917,0.5666666666666668,486.606,0.5871794871794872,497.693,0.5923076923076923,479.5171,0.5666666666666668,493.4884,0.5871794871794872,487.6861
CricketY,2,6569.1656,success,0.6128205128205128,570.4549,0.6076923076923076,567.531,0.6076923076923078,579.1384,0.6128205128205128,569.2398,0.6076923076923076,565.2701,0.6076923076923078,568.6165,0.5923076923076923,484.8216,0.5871794871794872,474.2798,0.576923076923077,490.4392,0.5923076923076923,466.171,0.5871794871794872,485.2385,0.576923076923077,487.407
CricketY,3,6548.1468,success,0.6128205128205128,570.7606,0.6307692307692307,562.1149,0.635897435897436,568.4734,0.6128205128205128,556.8103,0.6307692307692307,557.2894,0.635897435897436,567.8902,0.5974358974358974,484.7904,0.617948717948718,491.5799,0.6,484.2865,0.5974358974358974,473.5363,0.617948717948718,479.1492,0.6,485.8314
CricketY,4,6476.9544,success,0.5948717948717949,574.2091,0.5820512820512821,566.125,0.5897435897435898,561.2671,0.5948717948717949,557.7182,0.5820512820512821,545.8144,0.5897435897435898,562.0752,0.5717948717948719,475.4314,0.5743589743589743,477.2338,0.5794871794871795,469.5374,0.5717948717948719,476.1784,0.5743589743589743,473.4467,0.5794871794871795,481.1706
CricketZ,0,6699.7409,success,0.5897435897435898,572.7786,0.5923076923076923,572.5535,0.5948717948717949,572.3628,0.5897435897435898,572.5566,0.5923076923076923,583.1378,0.5948717948717949,583.4434,0.6,505.5224,0.5948717948717949,506.6051,0.6,497.0997,0.6,503.4391,0.5948717948717949,494.6186,0.6,490.8014
CricketZ,1,6742.7376,success,0.6076923076923076,606.7247,0.5641025641025642,579.4109,0.5820512820512821,577.283,0.6076923076923076,575.1803,0.5641025641025642,588.2642,0.5820512820512821,577.7039,0.5820512820512821,496.4323,0.5923076923076923,503.2458,0.5871794871794872,501.3064,0.5820512820512821,492.6321,0.5923076923076923,487.9426,0.5871794871794872,491.7537
CricketZ,2,6699.8818,success,0.5820512820512821,585.0352,0.5923076923076923,585.0489,0.5871794871794872,581.6529,0.5820512820512821,569.3916,0.5923076923076923,568.2157,0.5871794871794872,569.4718,0.6128205128205129,499.159,0.5923076923076923,496.6174,0.6051282051282052,504.2826,0.6128205128205129,488.0772,0.5923076923076923,494.6551,0.6051282051282052,510.244
CricketZ,3,6676.1591,success,0.6,586.5693,0.5897435897435898,573.9684,0.6153846153846154,564.6348,0.6,570.1812,0.5897435897435898,578.8282,0.6153846153846154,569.1464,0.6205128205128204,490.2408,0.6230769230769231,504.5934,0.6153846153846153,491.9403,0.6205128205128204,493.6609,0.6230769230769231,503.8615,0.6153846153846153,507.1069
CricketZ,4,6786.4923,success,0.6102564102564102,590.2255,0.6,600.1356,0.6025641025641025,600.1251,0.6102564102564102,591.4835,0.6,583.9983,0.6025641025641025,579.1509,0.6102564102564103,494.7875,0.5897435897435898,502.887,0.5923076923076923,510.4562,0.6102564102564103,495.6842,0.5897435897435898,499.0043,0.5923076923076923,496.3219
Crop,0,28921.8852,success,0.76625,2340.3987,0.76625,2292.0354,0.7641666666666667,2289.1274,0.76625,2281.2756,0.76625,2301.6314,0.7641666666666667,2275.8018,0.7670833333333333,2302.0682,0.765,2319.4241,0.7661111111111111,2327.3515,0.7670833333333333,2334.8903,0.765,2335.9167,0.7661111111111111,2320.4858
Crop,1,29312.8567,success,0.7611111111111111,2339.45,0.7606944444444445,2329.4638,0.7618055555555555,2325.4973,0.7611111111111111,2345.5947,0.7606944444444445,2326.623,0.7618055555555555,2336.6091,0.7616666666666667,2361.061,0.7619444444444445,2349.6159,0.7638888888888888,2358.1326,0.7616666666666667,2344.6473,0.7619444444444445,2346.2048,0.7638888888888888,2348.9629
Crop,2,29060.4043,success,0.76375,2324.009,0.7638888888888888,2290.6763,0.7618055555555555,2295.9392,0.76375,2310.2474,0.7638888888888888,2313.2154,0.7618055555555555,2322.5602,0.767361111111111,2325.5538,0.767638888888889,2336.1451,0.7673611111111112,2333.284,0.767361111111111,2349.6276,0.767638888888889,2321.1184,0.7673611111111112,2336.8219
Crop,3,28918.1557,success,0.762638888888889,2318.4063,0.7591666666666667,2310.6232,0.7620833333333333,2314.2094,0.762638888888889,2305.181,0.7591666666666667,2294.8464,0.7620833333333333,2288.1329,0.7668055555555555,2307.4616,0.76625,2317.343,0.7666666666666666,2311.8594,0.7668055555555555,2309.4117,0.76625,2316.8223,0.7666666666666666,2322.6683
Crop,4,29346.8311,success,0.7669444444444444,2344.0145,0.7675000000000001,2329.9579,0.7670833333333333,2311.0921,0.7669444444444444,2326.4038,0.7675000000000001,2331.2221,0.7670833333333333,2348.1001,0.7722222222222221,2345.3669,0.7681944444444445,2361.0637,0.7709722222222221,2356.9706,0.7722222222222221,2364.8821,0.7681944444444445,2361.1299,0.7709722222222221,2364.4687
DiatomSizeReduction,0,2573.3242,success,0.9444444444444445,285.3165,0.9444444444444445,242.7385,0.9444444444444445,229.8384,0.9444444444444445,284.3226,0.9444444444444445,242.3547,0.9444444444444445,229.0364,0.9444444444444445,183.2827,0.9444444444444445,156.3434,0.9444444444444445,146.8279,0.9444444444444445,181.9729,0.9444444444444445,157.7268,0.9444444444444445,149.0643
DiatomSizeReduction,1,2568.8332,success,0.9333333333333332,289.6742,0.9333333333333332,239.0447,0.9333333333333332,228.0402,0.9333333333333332,284.8938,0.9333333333333332,240.4864,0.9333333333333332,215.5964,0.9333333333333332,176.3852,0.9333333333333332,154.7061,0.9333333333333332,153.2766,0.9333333333333332,189.4888,0.9333333333333332,159.1996,0.9333333333333332,151.8976
DiatomSizeReduction,2,2560.5185,success,0.9444444444444445,297.5814,0.9444444444444445,242.6746,0.9444444444444445,229.1798,0.9444444444444445,289.0689,0.9444444444444445,239.3335,0.9444444444444445,220.8854,0.9444444444444445,177.7563,0.9444444444444445,152.356,0.9444444444444445,144.5129,0.9444444444444445,184.0544,0.9444444444444445,153.6191,0.9444444444444445,146.1624
DiatomSizeReduction,3,2651.3269,success,0.9333333333333332,300.6133,0.9333333333333332,257.2094,0.9333333333333332,235.1741,0.9333333333333332,309.0394,0.9333333333333332,276.1726,0.9333333333333332,253.1454,0.8777777777777779,181.6223,0.9333333333333332,154.3096,0.9333333333333332,147.7502,0.8777777777777779,170.7795,0.9333333333333332,144.9772,0.9333333333333332,140.6932
DiatomSizeReduction,4,2683.5384,success,0.9444444444444445,298.6487,0.9444444444444445,257.2711,0.9444444444444445,248.3889,0.9444444444444445,299.5793,0.9444444444444445,256.3418,0.9444444444444445,242.5645,0.9444444444444445,185.037,0.9444444444444445,157.4554,0.9444444444444445,155.8112,0.9444444444444445,186.9184,0.9444444444444445,159.0102,0.9444444444444445,151.4483
DistalPhalanxOutlineCorrect,0,1568.8303,success,0.8416666666666667,134.4898,0.8416666666666667,135.0504,0.8466666666666667,134.8351,0.8416666666666667,134.6339,0.8416666666666667,135.1223,0.8466666666666667,134.6662,0.8433333333333334,115.9429,0.8366666666666666,116.2067,0.8466666666666667,116.2062,0.8433333333333334,115.9135,0.8366666666666666,115.8008,0.8466666666666667,116.5142
DistalPhalanxOutlineCorrect,1,1581.418,success,0.835,139.9981,0.8383333333333333,138.8943,0.8333333333333334,137.8132,0.835,135.4959,0.8383333333333333,140.4132,0.8333333333333334,140.8899,0.8316666666666667,113.4474,0.8233333333333333,112.7594,0.8283333333333333,113.1459,0.8316666666666667,115.2869,0.8233333333333333,117.2794,0.8283333333333333,116.8549
DistalPhalanxOutlineCorrect,2,1543.4003,success,0.83,132.7798,0.835,133.4908,0.8316666666666667,133.7394,0.83,132.8929,0.835,133.5425,0.8316666666666667,133.6039,0.8383333333333333,114.471,0.8283333333333333,114.4609,0.835,115.2109,0.8383333333333333,114.5107,0.8283333333333333,114.5344,0.835,115.1771
DistalPhalanxOutlineCorrect,3,1599.7704,success,0.8416666666666667,137.4203,0.8266666666666665,138.1241,0.8249999999999998,138.4274,0.8416666666666667,137.4238,0.8266666666666665,136.6345,0.8249999999999998,139.1323,0.8300000000000001,119.2634,0.8366666666666666,119.3939,0.835,119.1242,0.8300000000000001,119.1259,0.8366666666666666,119.7782,0.835,115.9488
DistalPhalanxOutlineCorrect,4,1613.325,success,0.8383333333333333,139.5943,0.8316666666666666,139.2706,0.8450000000000001,139.9087,0.8383333333333333,138.9862,0.8316666666666666,139.6591,0.8450000000000001,140.0285,0.8450000000000001,119.5038,0.8466666666666667,119.3563,0.8399999999999999,119.2771,0.8450000000000001,119.4586,0.8466666666666667,120.0182,0.8399999999999999,120.3379
DistalPhalanxOutlineAgeGroup,0,1042.3042,success,0.8574795196947592,93.5424,0.8599857853589196,93.2749,0.86249205102308,94.0088,0.8574795196947592,93.0172,0.8599857853589196,93.9035,0.86249205102308,93.3418,0.8499794261773838,73.5675,0.8499794261773838,73.8048,0.8574982231698649,73.9131,0.8499794261773838,73.5695,0.8499794261773838,73.673,0.8574982231698649,74.418
DistalPhalanxOutlineAgeGroup,1,1049.5298,success,0.832547787378895,98.1659,0.8325664908540006,92.2605,0.8325664908540006,94.1049,0.832547787378895,92.9633,0.8325664908540006,95.1679,0.8325664908540006,97.9533,0.8425915535106423,75.8932,0.8425728500355366,76.2103,0.8375790221823215,76.7211,0.8425915535106423,72.1247,0.8425728500355366,71.4365,0.8375790221823215,74.1938
DistalPhalanxOutlineAgeGroup,2,1030.9441,success,0.8425354430853252,90.392,0.8400291774211648,90.6897,0.8475105674634347,91.5663,0.8425354430853252,90.1963,0.8400291774211648,92.9219,0.8475105674634347,94.5454,0.8450417087494856,74.1587,0.8450043017992743,74.6058,0.8400104739460592,74.5969,0.8450417087494856,73.876,0.8450043017992743,72.7132,0.8400104739460592,73.0007
DistalPhalanxOutlineAgeGroup,3,1059.5452,success,0.8498859088018554,96.9443,0.8448920809486403,96.7642,0.8523921744660158,96.9632,0.8498859088018554,96.2081,0.8448920809486403,96.7387,0.8523921744660158,96.8382,0.8549171436052818,74.9678,0.8498859088018554,75.5452,0.8549171436052818,74.555,0.8549171436052818,72.9995,0.8498859088018554,73.6536,0.8549171436052818,73.93
DistalPhalanxOutlineAgeGroup,4,1067.1377,success,0.8474544570381176,96.4902,0.8474357535630119,96.9326,0.8424232222346912,97.1251,0.8474544570381176,96.4828,0.8474357535630119,96.9216,0.8424232222346912,96.4347,0.8474357535630119,74.8757,0.8449668948490631,75.0701,0.8374668013316874,75.0861,0.8474357535630119,75.8769,0.8449668948490631,74.236,0.8374668013316874,73.7006
DistalPhalanxTW,0,1233.2124,success,0.7925036471776455,105.8702,0.795009912841806,106.2559,0.7975161785059663,106.2366,0.7925036471776455,112.7765,0.795009912841806,113.6597,0.7975161785059663,113.8638,0.7950286163169117,88.1128,0.7900160849885909,90.0555,0.7900160849885909,88.9314,0.7950286163169117,85.8846,0.7900160849885909,87.9577,0.7900160849885909,88.9315
DistalPhalanxTW,1,1161.8651,success,0.804960161598025,101.6845,0.8099352859761343,102.6627,0.8099352859761343,102.4416,0.804960161598025,102.2046,0.8099352859761343,102.218,0.8099352859761343,102.7099,0.8049788650731305,81.0726,0.8124789585905061,85.3269,0.8124789585905061,87.782,0.8049788650731305,86.7889,0.8124789585905061,87.1461,0.8124789585905061,82.7824
DistalPhalanxTW,2,1132.8052,success,0.8150413346799835,100.3708,0.8125350690158232,101.3414,0.815022631204878,100.6885,0.8150413346799835,100.7315,0.8125350690158232,100.621,0.815022631204878,101.3476,0.8100475068267684,81.0255,0.8174914899188269,82.7354,0.8000037406950211,82.7903,0.8100475068267684,80.9109,0.8174914899188269,81.938,0.8000037406950211,81.6329
DistalPhalanxTW,3,1161.3085,success,0.8050349754984477,100.2341,0.8150039277297721,106.2631,0.815022631204878,106.6847,0.8050349754984477,105.6247,0.8150039277297721,103.3613,0.815022631204878,103.1193,0.8150787416301949,81.7095,0.8200351625331986,82.9933,0.8200351625331986,83.5976,0.8150787416301949,80.4469,0.8200351625331986,85.585,0.8200351625331986,85.0273
DistalPhalanxTW,4,1184.4569,success,0.807485130737291,106.4456,0.8199790521078816,106.5816,0.8225040212471476,106.9402,0.807485130737291,106.3225,0.8199790521078816,106.2096,0.8225040212471476,103.7716,0.8125163655407174,84.1342,0.8100100998765569,83.5307,0.8124976620656117,84.1206,0.8125163655407174,82.2519,0.8100100998765569,84.3901,0.8124976620656117,85.6569
Earthquakes,0,5627.3501,success,0.8044594438675435,506.2526,0.8013730241144571,507.9209,0.8013730241144571,508.4888,0.8044594438675435,507.7596,0.8013730241144571,524.3211,0.8013730241144571,507.427,0.8168051228798893,380.7854,0.8137187031268028,397.0945,0.8168051228798893,406.0445,0.8168051228798893,400.2374,0.8137187031268028,403.8412,0.8168051228798893,405.7456
Earthquakes,1,5747.2391,success,0.8136610130379601,552.435,0.8167762778354679,532.5759,0.8198915426329757,522.0619,0.8136610130379601,534.8975,0.8167762778354679,516.35,0.8198915426329757,521.7376,0.8167762778354679,389.2487,0.8136610130379601,393.5129,0.8167762778354679,393.593,0.8167762778354679,391.2752,0.8136610130379601,391.6906,0.8167762778354679,396.9567
Earthquakes,2,5711.2234,success,0.8167762778354678,498.3091,0.8230068074304834,519.6585,0.8198915426329756,531.0848,0.8167762778354678,525.4487,0.8230068074304834,524.2254,0.8198915426329756,523.5199,0.8198915426329756,393.5579,0.8167762778354678,399.3117,0.8230068074304834,403.0212,0.8198915426329756,399.0094,0.8167762778354678,399.0702,0.8230068074304834,394.5703
Earthquakes,3,5681.6372,success,0.8074593284873659,514.3271,0.8105745932848737,527.2268,0.8105745932848737,526.4331,0.8074593284873659,539.65,0.8105745932848737,531.4281,0.8105745932848737,531.9116,0.8198915426329756,391.5168,0.8198915426329756,392.2932,0.8136610130379601,394.1484,0.8198915426329756,387.9966,0.8198915426329756,392.4972,0.8136610130379601,377.8162
Earthquakes,4,5698.1296,success,0.8198915426329756,524.8256,0.8198915426329756,549.6453,0.8198915426329756,541.5859,0.8198915426329756,522.5336,0.8198915426329756,524.5155,0.8198915426329756,525.2353,0.8198915426329756,384.8201,0.8198915426329756,385.2067,0.8198915426329756,384.3046,0.8198915426329756,381.3299,0.8198915426329756,383.3124,0.8198915426329756,386.2234
ECG200,0,791.9722,success,0.8897801544860369,75.5718,0.8897801544860369,76.6626,0.8799762329174095,77.003,0.8897801544860369,75.881,0.8897801544860369,76.9392,0.8799762329174095,77.3444,0.8698752228163994,51.138,0.8897801544860369,51.5614,0.8698752228163994,51.7689,0.8698752228163994,50.968,0.8897801544860369,51.4551,0.8698752228163994,51.6952
ECG200,1,717.7322,success,0.8906714200831848,71.9635,0.8906714200831848,73.0576,0.8906714200831848,73.7491,0.8906714200831848,66.6129,0.8906714200831848,67.3606,0.8906714200831848,68.7363,0.8906714200831848,45.2493,0.8805704099821746,45.6473,0.8906714200831848,45.9498,0.8906714200831848,46.1171,0.8805704099821746,45.7844,0.8906714200831848,45.9097
ECG200,2,724.0755,success,0.8202614379084968,70.1392,0.8303624480095069,72.6634,0.8202614379084968,71.7643,0.8202614379084968,69.9706,0.8303624480095069,67.479,0.8202614379084968,65.3794,0.8104575163398694,46.2071,0.8202614379084968,48.562,0.8199643493761141,46.7786,0.8104575163398694,46.851,0.8202614379084968,47.3301,0.8199643493761141,48.2646
ECG200,3,714.4126,success,0.8594771241830066,73.6973,0.8594771241830066,68.4448,0.8493761140819963,66.6248,0.8594771241830066,66.3851,0.8594771241830066,74.3844,0.8493761140819963,71.0062,0.8490790255496137,46.587,0.8493761140819963,45.1469,0.8389780154486036,45.4227,0.8490790255496137,44.718,0.8493761140819963,45.2361,0.8389780154486036,45.3495
ECG200,4,751.904,success,0.8799762329174095,73.2308,0.8701723113487819,69.3613,0.8600713012477718,69.3594,0.8799762329174095,74.5542,0.8701723113487819,70.6804,0.8600713012477718,71.8938,0.8698752228163994,49.533,0.8499702911467617,49.9957,0.8597742127153892,50.2076,0.8698752228163994,49.6115,0.8499702911467617,50.0321,0.8597742127153892,50.0392
ECG5000,0,2010.1455,success,0.9540196715003727,191.712,0.9560156794844047,191.197,0.9560036553399226,188.7972,0.9540196715003727,185.3568,0.9560156794844047,182.6533,0.9560036553399226,177.303,0.9520236635163407,136.2481,0.9560156794844047,136.0571,0.9560156794844047,137.131,0.9520236635163407,136.0724,0.9560156794844047,136.21,0.9560156794844047,137.0991
ECG5000,1,1991.6631,success,0.9540196715003727,185.0054,0.9540196715003727,176.8791,0.9560277036288868,177.4802,0.9540196715003727,176.1206,0.9540196715003727,173.5668,0.9560277036288868,184.7818,0.9540196715003727,144.2779,0.9540316956448548,145.1343,0.9540316956448548,140.9317,0.9540196715003727,133.5552,0.9540316956448548,138.6646,0.9540316956448548,138.0066
ECG5000,2,2059.0075,success,0.9459995671307985,179.6932,0.9480075992593126,185.1817,0.9479955751148306,188.6996,0.9459995671307985,189.8914,0.9480075992593126,180.3988,0.9479955751148306,189.3058,0.9479955751148306,144.7757,0.9479955751148306,142.7311,0.9459875429863165,143.8061,0.9479955751148306,141.855,0.9479955751148306,143.3178,0.9459875429863165,150.4053
ECG5000,3,1936.1016,success,0.9499675348098983,174.4232,0.9519755669384123,173.3692,0.9519755669384123,174.1845,0.9499675348098983,174.0027,0.9519755669384123,171.7372,0.9519755669384123,172.6183,0.9539715749224443,135.2204,0.9539715749224443,135.955,0.9519755669384123,138.5087,0.9539715749224443,139.9326,0.9539715749224443,140.6528,0.9519755669384123,141.5595
ECG5000,4,1963.6955,success,0.9540316956448548,181.0979,0.9540316956448548,175.874,0.9540316956448548,173.1807,0.9540316956448548,173.238,0.9540316956448548,174.158,0.9540316956448548,176.5824,0.9560397277733689,138.1175,0.9560397277733689,135.555,0.9560397277733689,143.6843,0.9560397277733689,142.4247,0.9560397277733689,141.8575,0.9560397277733689,143.1857
ECGFiveDays,0,962.0332,success,0.8690476190476191,95.556,0.8273809523809524,88.0807,0.8273809523809524,97.175,0.8690476190476191,110.2995,0.8273809523809524,91.9119,0.8273809523809524,91.1912,0.8214285714285715,64.159,0.8690476190476191,57.0784,0.8273809523809524,57.5911,0.8214285714285715,62.4009,0.8690476190476191,60.8472,0.8273809523809524,56.7251
ECGFiveDays,1,953.6643,success,0.7857142857142857,108.8653,0.7857142857142857,96.7433,0.8273809523809524,96.5425,0.7857142857142857,108.606,0.7857142857142857,96.4101,0.8273809523809524,85.2333,0.7857142857142857,60.5688,0.8273809523809524,53.4246,0.8273809523809524,53.6925,0.7857142857142857,60.5568,0.8273809523809524,53.3938,0.8273809523809524,53.6762
ECGFiveDays,2,985.83,success,0.7321428571428571,107.1856,0.6071428571428571,94.2824,0.6904761904761904,95.1994,0.7321428571428571,106.1531,0.6071428571428571,96.1081,0.6904761904761904,96.1449,0.7380952380952381,66.5136,0.6488095238095238,58.5739,0.6071428571428571,58.8828,0.7380952380952381,67.5479,0.6488095238095238,60.0179,0.6071428571428571,60.256
ECGFiveDays,3,924.7032,success,0.7797619047619048,106.3225,0.7797619047619048,95.8859,0.7797619047619048,96.0185,0.7797619047619048,100.0928,0.7797619047619048,82.4586,0.7797619047619048,82.2275,0.8214285714285715,60.8969,0.8214285714285715,58.7373,0.8214285714285715,55.9327,0.8214285714285715,59.9557,0.8214285714285715,54.3957,0.8214285714285715,54.7153
ECGFiveDays,4,997.3334,success,0.8333333333333334,109.4521,0.8333333333333334,96.9552,0.8333333333333334,97.018,0.8333333333333334,109.3736,0.8333333333333334,96.2155,0.8333333333333334,94.4112,0.8333333333333334,66.4231,0.8333333333333334,59.2772,0.8333333333333334,59.0807,0.8333333333333334,65.0781,0.8333333333333334,58.2662,0.8333333333333334,57.9481
ElectricDevices,0,44649.7125,success,0.8061849040691547,3622.8563,0.8070808861178881,3621.8222,0.8061849040691547,3624.421,0.8060728592512274,3621.7673,0.8068569094304389,3622.7846,0.8060728592512274,3623.7114,0.8043921869823198,3616.7986,0.8061846781723442,3617.3667,0.8068570600283124,3619.3758,0.8046162013192374,3619.9098,0.8062966100418661,3617.3143,0.8070809990662932,3616.2973
ElectricDevices,1,44649.6731,success,0.8070805096232041,3621.7686,0.80764073371284,3622.8652,0.8067441492726123,3621.4568,0.8067444128188911,3622.7503,0.8079769058160898,3623.8977,0.8068561940905394,3623.9339,0.8097693970061143,3619.2528,0.8083125884762508,3616.9808,0.8082008825035389,3618.799,0.8098813288756364,3615.5371,0.8080886117888015,3618.9103,0.8079767928676848,3619.8428
ElectricDevices,2,44658.1006,success,0.8082014848950333,3621.7917,0.8050646817866932,3625.5607,0.8076416749495497,3624.1283,0.8079774705581158,3622.3642,0.8050646817866932,3623.0932,0.8075296301316226,3624.9305,0.8077528914791724,3618.6603,0.808424934489925,3620.0089,0.8068571353272492,3618.0244,0.8083131155688082,3615.7069,0.8080888753350802,3618.3959,0.8066330456913948,3619.6297
ElectricDevices,3,44653.8344,success,0.8043921493328514,3622.39,0.805400364446854,3626.7104,0.8065206996777206,3623.4791,0.8045041941507787,3624.2586,0.8050642676425408,3623.4643,0.8065207373271889,3625.3465,0.8027120418059698,3617.4528,0.8041680220475286,3617.9333,0.8042801045149243,3617.5548,0.8034963178819915,3617.4705,0.8041680220475286,3616.0407,0.8047282837866329,3618.5481
ElectricDevices,4,44648.4061,success,0.8056225339598204,3626.1907,0.807975550435228,3621.5125,0.8068550646064878,3622.5455,0.8064067723863739,3621.781,0.8077514607993734,3625.3855,0.8077513855004367,3621.4643,0.807415025149845,3617.3756,0.8075271829161772,3617.1426,0.8086474428481069,3619.1749,0.8069669964760098,3616.2892,0.80741513809825,3619.4962,0.8084233532122527,3616.2761
EOGHorizontalSignal,0,21284.0329,success,0.6988980716253442,1882.6598,0.690633608815427,1906.0415,0.6851010101010102,1876.2768,0.6988980716253442,1822.1648,0.690633608815427,1831.2128,0.6851010101010102,1868.5383,0.707208448117539,1531.4131,0.7127410468319559,1530.819,0.7238062442607897,1568.0375,0.707208448117539,1560.4905,0.7127410468319559,1578.8528,0.7238062442607897,1575.6857
EOGHorizontalSignal,1,21021.4974,success,0.7183654729109276,1815.2349,0.7155647382920111,1821.43,0.7073002754820936,1849.8326,0.7183654729109276,1831.0477,0.7155647382920111,1814.75,0.7073002754820936,1798.944,0.7101239669421487,1556.6584,0.7127869605142333,1523.5335,0.707277318640955,1541.1647,0.7101239669421487,1556.1842,0.7127869605142333,1544.8775,0.707277318640955,1551.9312
EOGHorizontalSignal,2,21390.1767,success,0.7182047750229569,1902.4378,0.7043847566574839,1901.6549,0.7126951331496786,1847.7116,0.7182047750229569,1870.5345,0.7043847566574839,1898.6314,0.7126951331496786,1866.349,0.7182506887052341,1567.7847,0.7210055096418734,1564.5209,0.7099173553719007,1543.6526,0.7182506887052341,1534.7422,0.7210055096418734,1582.9731,0.7099173553719007,1577.6541
EOGHorizontalSignal,3,21349.2936,success,0.707208448117539,1875.3303,0.7099862258953168,1862.5463,0.7071854912764004,1856.7804,0.707208448117539,1893.8067,0.7099862258953168,1868.1771,0.7071854912764004,1902.856,0.7237603305785124,1541.6872,0.7210514233241506,1564.6753,0.7238062442607897,1568.8236,0.7237603305785124,1558.4514,0.7210514233241506,1578.5199,0.7238062442607897,1550.4799
EOGHorizontalSignal,4,21107.7687,success,0.7072314049586778,1918.0115,0.6988980716253442,1882.8232,0.7126951331496786,1829.1559,0.7072314049586778,1861.2767,0.6988980716253442,1886.9841,0.7126951331496786,1852.4907,0.7209825528007346,1549.2929,0.7210055096418734,1507.4356,0.7237144168962351,1518.0378,0.7209825528007346,1531.1611,0.7210055096418734,1545.5206,0.7237144168962351,1502.9177
EOGVerticalSignal,0,23131.5411,success,0.7207988980716253,2013.4436,0.7346189164370983,2032.7613,0.7264003673094583,2093.9143,0.7207988980716253,2043.0408,0.7346189164370983,2077.6828,0.7264003673094583,1981.4574,0.7181359044995409,1701.1396,0.7070247933884297,1673.2404,0.7180670339761249,1670.9476,0.7181359044995409,1649.3454,0.7070247933884297,1628.1654,0.7180670339761249,1659.7922
EOGVerticalSignal,1,22992.5324,success,0.7182966023875115,2007.5289,0.7044995408631772,1995.408,0.7127640036730947,2013.9787,0.7182966023875115,2013.9355,0.7044995408631772,1994.7473,0.7127640036730947,2010.317,0.7073002754820936,1639.061,0.7045684113865932,1660.1433,0.7101010101010101,1684.7577,0.7073002754820936,1686.1145,0.7045684113865932,1670.9684,0.7101010101010101,1700.1813
EOGVerticalSignal,2,22820.579,success,0.7071625344352617,2017.8625,0.6933884297520662,1976.7491,0.6933654729109274,2012.9563,0.7071625344352617,1986.6212,0.6933884297520662,1999.8784,0.6933654729109274,1993.471,0.7017217630853995,1608.7642,0.7044536271809,1649.9557,0.6878558310376492,1670.3604,0.7017217630853995,1645.3654,0.7044536271809,1662.406,0.6878558310376492,1689.8178
EOGVerticalSignal,3,22944.4763,success,0.7375573921028465,2015.8399,0.7210743801652892,1985.8219,0.7293617998163452,2016.1624,0.7375573921028465,1977.164,0.7210743801652892,1986.3058,0.7293617998163452,2068.5971,0.7238292011019284,1666.9048,0.7403810835629017,1697.0463,0.73767217630854,1687.317,0.7238292011019284,1660.1696,0.7403810835629017,1669.3028,0.73767217630854,1719.6832
EOGVerticalSignal,4,22819.4799,success,0.729315886134068,1964.5233,0.7459136822773186,1985.1496,0.7182736455463729,2026.6668,0.729315886134068,2017.0979,0.7459136822773186,2046.3406,0.7182736455463729,1966.4978,0.743067033976125,1658.0971,0.7430899908172636,1681.5177,0.7403810835629017,1617.9811,0.743067033976125,1628.4812,0.7430899908172636,1656.9375,0.7403810835629017,1655.1033
EthanolLevel,0,29811.8196,success,0.8690476190476191,2666.1811,0.8650793650793651,2679.4136,0.873015873015873,2645.238,0.8690476190476191,2621.8626,0.8650793650793651,2660.0583,0.873015873015873,2642.9487,0.884920634920635,2179.2521,0.8928571428571429,2145.8795,0.8948412698412698,2135.8246,0.884920634920635,2148.831,0.8928571428571429,2142.0599,0.8948412698412698,2129.3087
EthanolLevel,1,29469.6506,success,0.8908730158730158,2625.1578,0.8888888888888888,2602.5331,0.8888888888888888,2616.5208,0.8908730158730158,2623.2868,0.8888888888888888,2633.9725,0.8888888888888888,2615.3202,0.9107142857142857,2144.5731,0.8988095238095237,2131.6404,0.9107142857142857,2137.5047,0.9107142857142857,2123.5201,0.8988095238095237,2100.9348,0.9107142857142857,2111.3892
EthanolLevel,2,29384.5878,success,0.8492063492063492,2615.8525,0.8472222222222222,2662.3289,0.8472222222222223,2605.9122,0.8492063492063492,2591.4315,0.8472222222222222,2602.8924,0.8472222222222223,2575.8453,0.8829365079365079,2149.907,0.873015873015873,2100.4119,0.8829365079365079,2104.4112,0.8829365079365079,2132.4049,0.873015873015873,2119.9792,0.8829365079365079,2113.6466
EthanolLevel,3,29417.0089,success,0.873015873015873,2611.8126,0.871031746031746,2612.2581,0.871031746031746,2627.5379,0.873015873015873,2638.8857,0.871031746031746,2622.1051,0.871031746031746,2575.8954,0.9027777777777777,2136.2757,0.9107142857142857,2127.2643,0.9166666666666666,2121.7665,0.9027777777777777,2116.9241,0.9107142857142857,2118.2045,0.9166666666666666,2108.4649
EthanolLevel,4,29522.0647,success,0.871031746031746,2628.8449,0.871031746031746,2625.2939,0.8630952380952381,2608.8255,0.871031746031746,2654.5214,0.871031746031746,2658.1978,0.8630952380952381,2673.696,0.8948412698412698,2101.3373,0.9007936507936508,2084.7508,0.8988095238095237,2128.8507,0.8948412698412698,2108.1297,0.9007936507936508,2132.5913,0.8988095238095237,2124.0871
FaceAll,0,4073.2175,success,0.8768328445747801,341.8786,0.8768328445747801,342.437,0.8768232610737354,335.1394,0.8768328445747801,341.4122,0.8768328445747801,343.3324,0.8768232610737354,335.2641,0.9000345006037606,309.5993,0.892904375826577,307.087,0.885783834550438,313.004,0.9000345006037606,312.9511,0.892904375826577,316.0742,0.885783834550438,319.6645
FaceAll,1,4061.637,success,0.8678818545991221,342.0705,0.876784927069557,342.4493,0.8660801564027371,341.464,0.8678818545991221,341.1821,0.876784927069557,341.2599,0.8660801564027371,340.515,0.8803691564602381,311.9913,0.8785866252659421,311.7202,0.8839629693519636,309.1736,0.8803691564602381,307.8396,0.8785866252659421,308.7355,0.8839629693519636,308.0324
FaceAll,2,4086.859,success,0.8856975830410366,334.3177,0.8803595729591934,334.9314,0.8750023958752612,339.4726,0.8856975830410366,348.379,0.8803595729591934,345.9759,0.8750023958752612,344.2646,0.8946389895156499,315.0147,0.8999865830985376,314.5231,0.9035420619860847,315.662,0.8946389895156499,313.6825,0.8999865830985376,309.6946,0.9035420619860847,309.7462
FaceAll,3,4075.3139,success,0.8839150518467407,339.9897,0.8874896977363771,342.6336,0.8892434784275393,347.8638,0.8839150518467407,350.3313,0.8874896977363771,341.3205,0.8892434784275393,345.171,0.8982136354052863,314.3905,0.8928468748203094,306.8276,0.8999961665995823,307.465,0.8982136354052863,306.3595,0.8928468748203094,306.8051,0.8999961665995823,307.3434
FaceAll,4,4128.3727,success,0.8803979069633718,342.8859,0.8803979069633718,346.1199,0.8714948344929371,347.1772,0.8803979069633718,354.2761,0.8803979069633718,354.9062,0.8714948344929371,346.7597,0.8822091886608016,316.4534,0.8911218446322811,317.6142,0.8822091886608016,313.3876,0.8822091886608016,315.335,0.8911218446322811,307.6729,0.8822091886608016,306.695
FaceFour,0,2474.2889,success,0.875,262.1419,0.875,239.5481,0.9166666666666666,226.4065,0.875,272.0031,0.875,232.6066,0.9166666666666666,239.3104,0.875,167.8565,0.9166666666666666,148.1072,0.9166666666666666,145.8478,0.875,177.6762,0.9166666666666666,148.9893,0.9166666666666666,145.1012
FaceFour,1,2557.4431,success,0.875,278.2782,0.875,248.8544,0.875,243.4049,0.875,278.2533,0.875,248.8075,0.875,243.9239,0.875,170.8128,0.875,153.7653,0.875,150.5206,0.875,167.3348,0.875,150.1328,0.875,148.5725
FaceFour,2,2509.996,success,0.875,274.4219,0.8333333333333334,238.2695,0.8333333333333334,228.7665,0.875,277.8338,0.8333333333333334,227.2318,0.8333333333333334,236.6566,0.875,159.7635,0.8333333333333334,160.6395,0.875,154.5706,0.875,176.9706,0.8333333333333334,148.1911,0.875,148.2862
FaceFour,3,2499.8349,success,0.875,256.8048,0.9166666666666666,250.6268,0.9583333333333334,231.7579,0.875,269.2944,0.9166666666666666,247.2915,0.9583333333333334,242.0033,0.9583333333333334,169.1603,0.9583333333333334,152.7292,0.9166666666666666,150.6349,0.9583333333333334,162.8153,0.9583333333333334,149.3669,0.9166666666666666,146.7301
FaceFour,4,2468.6808,success,0.875,273.4529,0.875,240.9727,0.875,227.5727,0.875,250.0987,0.875,236.2655,0.875,245.3937,0.875,161.4676,0.875,143.4213,0.875,145.3574,0.875,168.9264,0.875,153.831,0.875,145.5084
FacesUCR,0,1781.7678,success,0.7901402080506559,153.9472,0.770239710538218,156.8801,0.7701643298658224,156.7963,0.7901402080506559,161.6077,0.770239710538218,164.3873,0.7701643298658224,161.5748,0.770239710538218,128.6442,0.7651892054877129,123.9391,0.7651892054877129,124.1856,0.770239710538218,125.665,0.7651892054877129,126.7284,0.7651892054877129,128.6514
FacesUCR,1,1839.7178,success,0.7902909693954471,170.0865,0.7952660937735564,171.1555,0.785240464344942,169.7435,0.7902909693954471,168.4585,0.7952660937735564,169.0785,0.785240464344942,169.4324,0.7701643298658224,126.3958,0.8002412181516659,123.2403,0.7753655962611187,126.6723,0.7701643298658224,127.7952,0.8002412181516659,128.4668,0.7753655962611187,132.1779
FacesUCR,2,1769.2173,success,0.7899894467058646,164.8284,0.7899140660334689,165.9985,0.7899894467058646,164.6822,0.7899894467058646,157.8782,0.7899140660334689,153.3479,0.7899894467058646,153.4441,0.8050655811849842,122.4492,0.8050655811849842,126.7466,0.8100407055630936,126.1045,0.8050655811849842,123.6646,0.8050655811849842,127.2291,0.8100407055630936,126.3431
FacesUCR,3,1789.5759,success,0.7997889341172923,161.2343,0.8098145635459068,168.5028,0.7948891904115785,168.7815,0.7997889341172923,159.0079,0.8098145635459068,156.5141,0.7948891904115785,156.7363,0.814865068596412,121.4458,0.8048394391677972,124.4875,0.8048394391677972,131.2937,0.814865068596412,127.98,0.8048394391677972,125.0278,0.8048394391677972,131.0551
FacesUCR,4,1779.8652,success,0.7551635760590983,159.7649,0.7551635760590983,165.3802,0.7602894617819991,163.6511,0.7551635760590983,159.0379,0.7551635760590983,159.9202,0.7602894617819991,159.9797,0.7802653399668324,124.3849,0.7651138248153174,125.9141,0.7751394542439319,127.0147,0.7802653399668324,124.2225,0.7651138248153174,126.3609,0.7751394542439319,128.5665
FiftyWords,0,11343.7493,success,0.6111111111111112,934.2727,0.6,930.9915,0.5911111111111111,945.6133,0.6111111111111112,956.1328,0.6,912.4578,0.5911111111111111,929.7405,0.6155555555555555,849.6181,0.6088888888888889,898.9548,0.6000000000000001,898.1453,0.6155555555555555,887.4699,0.6088888888888889,893.4169,0.6000000000000001,853.573
FiftyWords,1,11295.5118,success,0.6311111111111112,936.5003,0.6333333333333333,939.7452,0.6355555555555555,948.6071,0.6311111111111112,946.0214,0.6333333333333333,963.1488,0.6355555555555555,921.8838,0.6333333333333333,851.8066,0.6288888888888889,877.2198,0.6422222222222222,857.8299,0.6333333333333333,871.4371,0.6288888888888889,868.9372,0.6422222222222222,856.1212
FiftyWords,2,11401.8034,success,0.6133333333333333,933.4822,0.6222222222222222,961.8607,0.6177777777777779,956.4148,0.6133333333333333,932.7455,0.6222222222222222,959.1424,0.6177777777777779,962.8492,0.6177777777777779,867.9252,0.6222222222222222,872.0667,0.6244444444444444,871.9612,0.6177777777777779,859.9641,0.6222222222222222,872.4145,0.6244444444444444,883.4782
FiftyWords,3,11429.7682,success,0.6133333333333334,954.5132,0.6155555555555555,947.9797,0.6222222222222222,952.8013,0.6133333333333334,962.9809,0.6155555555555555,914.7398,0.6222222222222222,975.08,0.6133333333333334,856.4736,0.6155555555555556,881.4468,0.6244444444444445,890.577,0.6133333333333334,877.9969,0.6155555555555556,881.4076,0.6244444444444445,873.0496
FiftyWords,4,11267.7569,success,0.6044444444444445,925.1344,0.6088888888888889,944.6771,0.6044444444444445,940.3002,0.6044444444444445,916.9012,0.6088888888888889,933.1527,0.6044444444444445,931.7343,0.6000000000000001,865.5669,0.6022222222222222,875.13,0.5977777777777779,854.6851,0.6000000000000001,846.5049,0.6022222222222222,878.3195,0.5977777777777779,873.9606
Fish,0,4662.1193,success,0.8288525228910967,438.9899,0.8231053964543152,466.46,0.8173582700175336,442.7001,0.8288525228910967,423.0946,0.8231053964543152,442.8875,0.8173582700175336,448.1565,0.8402493668420027,316.1525,0.8516462107929086,320.5267,0.8459964932787843,323.0036,0.8402493668420027,304.1851,0.8516462107929086,301.1376,0.8459964932787843,301.1664
Fish,1,4587.7911,success,0.862556010130528,425.6336,0.8625560101305281,435.3048,0.8625560101305281,423.1539,0.862556010130528,399.3317,0.8625560101305281,411.9257,0.8625560101305281,436.9057,0.8569062926164038,308.0617,0.8568088836937463,329.7453,0.8568088836937463,309.0661,0.8569062926164038,305.052,0.8568088836937463,309.2278,0.8568088836937463,325.9671
Fish,2,4598.4742,success,0.845899084356127,419.6228,0.8459964932787843,451.8715,0.8515488018702513,444.9797,0.845899084356127,418.0335,0.8459964932787843,445.4969,0.8515488018702513,435.3715,0.8573933372296901,312.2418,0.8631404636664719,313.5721,0.8573933372296901,306.9857,0.8573933372296901,302.1873,0.8631404636664719,304.6244,0.8573933372296901,317.2712
Fish,3,4660.6494,success,0.8454120397428405,434.8472,0.8396649133060589,446.3774,0.8282680693551528,455.5916,0.8454120397428405,418.6879,0.8396649133060589,434.59,0.8282680693551528,454.5808,0.8627508279758427,312.0146,0.8569062926164038,309.3258,0.862556010130528,313.5894,0.8627508279758427,313.7483,0.8569062926164038,309.9037,0.862556010130528,326.8785
Fish,4,4544.5447,success,0.8685953633352815,439.2759,0.8799922072861874,419.9368,0.8742450808494059,450.1856,0.8685953633352815,415.2354,0.8799922072861874,409.2062,0.8742450808494059,410.5844,0.8742450808494059,291.6385,0.8799922072861874,306.75,0.8798947983635301,301.5257,0.8742450808494059,310.8141,0.8799922072861874,322.1459,0.8798947983635301,310.0439
FreezerRegularTrain,0,2178.4371,success,1.0,210.8755,1.0,221.5381,1.0,217.6428,1.0,211.1955,1.0,202.9171,1.0,219.9901,1.0,138.699,1.0,138.9062,1.0,144.6143,1.0,132.1716,1.0,132.6249,1.0,137.477
FreezerRegularTrain,1,2160.7572,success,1.0,222.2864,1.0,224.7936,1.0,215.8994,1.0,202.5097,1.0,206.2922,1.0,227.0347,1.0,135.1563,1.0,142.9978,1.0,140.7757,1.0,126.2345,1.0,126.7826,1.0,126.8926
FreezerRegularTrain,2,2195.0326,success,1.0,198.2332,1.0,220.3562,1.0,224.5417,1.0,205.6251,1.0,215.1113,1.0,230.7974,0.9933333333333333,145.1456,1.0,141.4759,1.0,141.6015,0.9933333333333333,140.7372,1.0,135.053,1.0,128.6814
FreezerRegularTrain,3,2206.095,success,1.0,213.9084,1.0,218.6751,1.0,216.9023,1.0,212.7385,1.0,216.782,1.0,217.7763,1.0,138.5503,1.0,138.6105,1.0,138.9697,1.0,138.5288,1.0,140.4468,1.0,142.4956
FreezerRegularTrain,4,2207.2062,success,1.0,198.2007,1.0,199.7655,1.0,215.6355,1.0,222.2654,1.0,227.1518,1.0,230.3793,1.0,141.6967,1.0,146.2226,1.0,145.7745,1.0,136.5672,1.0,135.1803,1.0,144.4017
FreezerSmallTrain,0,1991.92,success,1.0,195.6707,1.0,198.8998,1.0,197.0174,1.0,195.4022,1.0,196.7941,1.0,202.3714,1.0,122.5706,1.0,122.8714,1.0,123.7288,1.0,121.5084,1.0,123.0169,1.0,129.3309
FreezerSmallTrain,1,1996.0576,success,0.9333333333333332,196.3296,0.9333333333333332,201.3337,0.9333333333333332,200.4235,0.9333333333333332,198.3104,0.9333333333333332,203.8164,0.9333333333333332,197.2476,0.9333333333333332,118.4443,0.9333333333333332,125.5534,0.9333333333333332,126.3326,0.9333333333333332,124.2878,0.9333333333333332,116.7657,0.9333333333333332,126.2846
FreezerSmallTrain,2,1923.2405,success,1.0,191.2698,1.0,189.3948,1.0,189.6661,1.0,187.948,1.0,193.139,1.0,189.7412,1.0,115.6965,1.0,117.1749,1.0,117.8629,1.0,119.1095,1.0,123.4303,1.0,127.6672
FreezerSmallTrain,3,1969.6396,success,1.0,189.5508,1.0,195.2675,1.0,202.2325,1.0,201.4988,1.0,188.8541,1.0,183.8398,1.0,116.814,1.0,126.3871,1.0,126.7758,1.0,124.7842,1.0,126.2883,1.0,126.4613
FreezerSmallTrain,4,1934.0797,success,1.0,194.4787,1.0,176.5705,1.0,179.7623,1.0,196.6843,1.0,193.5602,1.0,196.1361,1.0,124.2645,1.0,125.7074,1.0,126.4806,1.0,116.6337,1.0,118.251,1.0,126.4253
GunPoint,0,1012.7845,success,0.8799019607843137,108.0269,0.9007352941176471,98.9351,0.9007352941176471,93.1089,0.8799019607843137,92.8003,0.9007352941176471,94.5746,0.9007352941176471,99.8137,0.9399509803921569,68.6907,0.9007352941176471,69.9967,0.8995098039215685,67.8295,0.9399509803921569,62.0768,0.9007352941176471,65.5596,0.8995098039215685,69.2763
GunPoint,1,1010.1874,success,0.9203431372549019,100.1467,0.8995098039215685,98.2545,0.8995098039215685,98.3594,0.9203431372549019,108.8515,0.8995098039215685,113.4385,0.8995098039215685,94.47,0.8811274509803922,60.6094,0.9203431372549019,61.0949,0.8799019607843137,61.4357,0.8811274509803922,61.5253,0.9203431372549019,61.2143,0.8799019607843137,61.3677
GunPoint,2,1027.1733,success,0.8602941176470589,108.2081,0.8590686274509803,108.3295,0.8382352941176471,108.689,0.8602941176470589,108.4899,0.8590686274509803,108.3248,0.8382352941176471,95.4534,0.9007352941176471,63.7617,0.8602941176470589,60.7041,0.8995098039215685,60.9657,0.9007352941176471,60.1099,0.8602941176470589,60.8595,0.8995098039215685,62.6465
GunPoint,3,1012.1248,success,0.9411764705882352,99.3772,0.9215686274509803,93.1062,0.9607843137254902,94.2455,0.9411764705882352,98.8335,0.9215686274509803,97.2987,0.9607843137254902,102.3786,0.9411764705882352,62.3699,0.9607843137254902,61.7998,0.9411764705882352,63.0747,0.9411764705882352,66.9928,0.9607843137254902,69.5164,0.9411764705882352,69.6231
GunPoint,4,1082.2177,success,0.9019607843137255,110.4526,0.9019607843137255,112.9394,0.9019607843137255,115.857,0.9019607843137255,109.1517,0.9019607843137255,109.8978,0.9019607843137255,111.1717,0.9019607843137255,70.1961,0.9019607843137255,61.1875,0.9215686274509803,63.7577,0.9019607843137255,65.2233,0.9019607843137255,65.1654,0.9215686274509803,65.8994
GunPointAgeSpan,0,1139.1903,success,0.9629629629629629,113.1393,0.9555555555555556,115.9844,0.9555555555555556,107.542,0.9629629629629629,113.9389,0.9555555555555556,109.3743,0.9555555555555556,109.6742,0.9629629629629631,73.2129,0.9555555555555556,74.0416,0.9481481481481481,71.8419,0.9629629629629631,71.4246,0.9555555555555556,73.1397,0.9481481481481481,79.1451
GunPointAgeSpan,1,1146.9026,success,0.9703703703703703,106.8241,0.9703703703703703,113.5829,0.9703703703703703,111.8076,0.9703703703703703,115.1202,0.9703703703703703,105.1973,0.9703703703703703,106.9135,0.9703703703703703,74.2942,0.9703703703703703,74.4842,0.9629629629629629,79.4669,0.9703703703703703,75.6862,0.9703703703703703,73.7665,0.9629629629629629,74.1599
GunPointAgeSpan,2,1089.4409,success,0.9703703703703703,103.3807,0.9703703703703703,106.9491,0.9703703703703703,111.2438,0.9703703703703703,105.8889,0.9703703703703703,104.4649,0.9703703703703703,105.4214,0.9777777777777777,70.4314,0.9703703703703703,71.0977,0.9703703703703703,71.4844,0.9777777777777777,71.2584,0.9703703703703703,71.1644,0.9703703703703703,71.5364
GunPointAgeSpan,3,1100.3558,success,0.9703703703703704,107.4875,0.9703703703703704,102.2671,0.9703703703703704,103.1662,0.9703703703703704,101.2797,0.9703703703703704,102.3365,0.9703703703703704,103.8319,0.9629629629629631,69.5072,0.9703703703703704,69.8734,0.9629629629629631,70.4827,0.9629629629629631,78.2143,0.9703703703703704,77.6904,0.9629629629629631,77.3258
GunPointAgeSpan,4,1169.145,success,0.9703703703703703,116.6804,0.9703703703703703,117.7883,0.9703703703703703,110.3186,0.9703703703703703,108.4599,0.9703703703703703,108.697,0.9703703703703703,114.7344,0.9629629629629629,78.6299,0.9703703703703703,76.2212,0.9703703703703703,75.4524,0.9629629629629629,74.5043,0.9703703703703703,75.1678,0.9703703703703703,75.8691
GunPointMaleVersusFemale,0,1181.538,success,1.0,126.3594,0.9925925925925926,122.8399,1.0,115.9807,1.0,113.6825,0.9925925925925926,115.4265,1.0,115.2972,1.0,71.9559,1.0,72.3348,1.0,72.6072,1.0,71.9047,1.0,72.2881,1.0,74.9124
GunPointMaleVersusFemale,1,1102.7964,success,0.9777777777777779,109.2875,0.9777777777777779,112.6044,0.9777777777777779,109.6063,0.9777777777777779,101.6725,0.9777777777777779,102.8145,0.9777777777777779,109.9581,0.9851851851851853,67.8613,0.9851851851851853,67.5659,0.9851851851851853,72.5351,0.9851851851851853,74.1646,0.9851851851851853,74.4881,0.9851851851851853,74.8789
GunPointMaleVersusFemale,2,1119.0999,success,1.0,102.8285,1.0,105.0033,1.0,105.0081,1.0,102.9047,1.0,104.8285,1.0,109.8762,1.0,74.8192,1.0,75.037,1.0,75.7299,1.0,75.0714,1.0,75.364,1.0,75.6632
GunPointMaleVersusFemale,3,1174.8306,success,0.9925925925925926,116.7153,0.9925925925925926,117.9486,0.9925925925925926,119.0097,0.9925925925925926,116.2401,0.9925925925925926,115.2623,0.9925925925925926,115.0423,0.9925925925925926,74.6301,0.9925925925925926,72.3282,1.0,72.682,0.9925925925925926,75.0262,0.9925925925925926,76.334,1.0,77.0354
GunPointMaleVersusFemale,4,1088.6276,success,1.0,112.1002,1.0,108.3578,1.0,102.6877,1.0,101.7132,1.0,111.9305,1.0,109.6861,1.0,68.0892,1.0,68.0286,1.0,68.4273,1.0,67.6432,1.0,68.0584,1.0,68.2462
GunPointOldVersusYoung,0,1134.3825,success,1.0,103.7609,1.0,107.5086,1.0,110.7228,1.0,110.9041,1.0,117.1783,1.0,118.546,1.0,75.4509,1.0,72.9455,1.0,71.6673,1.0,70.1941,1.0,70.7499,1.0,71.076
GunPointOldVersusYoung,1,1028.4715,success,1.0,104.501,1.0,97.6551,1.0,98.8215,1.0,100.7468,1.0,99.0624,1.0,98.365,1.0,66.6946,1.0,64.4545,1.0,63.9892,1.0,63.3097,1.0,68.8184,1.0,70.4295
GunPointOldVersusYoung,2,1089.3069,success,1.0,96.9991,1.0,98.395,1.0,108.9223,1.0,104.0685,1.0,103.8738,1.0,112.1079,1.0,71.5572,1.0,71.7812,1.0,72.1707,1.0,71.3947,1.0,71.8312,1.0,72.1701
GunPointOldVersusYoung,3,1102.7414,success,1.0,108.4124,1.0,109.384,1.0,110.7955,1.0,106.384,1.0,109.8279,1.0,110.1057,1.0,70.6118,1.0,71.2393,1.0,69.6829,1.0,66.6212,1.0,66.2098,1.0,68.6219
GunPointOldVersusYoung,4,1133.1358,success,1.0,112.1026,1.0,109.1992,1.0,105.3716,1.0,101.9694,1.0,103.2599,1.0,106.7623,1.0,74.333,1.0,78.4843,1.0,78.9333,1.0,77.6648,1.0,77.8538,1.0,72.9512
Ham,0,3167.2797,success,0.8811311311311311,306.2408,0.8718718718718718,318.2253,0.8626126126126126,312.636,0.8811311311311311,320.7863,0.8718718718718718,309.9439,0.8626126126126126,315.8582,0.8626126126126126,205.5826,0.8901401401401401,206.3041,0.8991491491491491,210.9894,0.8626126126126126,204.8693,0.8901401401401401,198.2369,0.8991491491491491,188.0371
Ham,1,3320.522,success,0.8263263263263264,326.4238,0.8263263263263264,328.9055,0.8265765765765766,331.1978,0.8263263263263264,324.7659,0.8263263263263264,327.7488,0.8265765765765766,326.5555,0.8353353353353353,211.933,0.8533533533533534,212.9621,0.8628628628628628,214.2075,0.8353353353353353,212.6265,0.8533533533533534,213.1626,0.8628628628628628,214.6273
Ham,2,3136.5906,success,0.8253253253253253,286.7688,0.8435935935935935,289.8754,0.8343343343343342,350.6844,0.8253253253253253,321.1217,0.8435935935935935,304.3936,0.8343343343343342,308.2953,0.8801301301301301,198.2443,0.8526026026026026,199.6485,0.8433433433433434,203.3867,0.8801301301301301,198.4191,0.8526026026026026,201.8649,0.8433433433433434,202.7819
Ham,3,3141.4172,success,0.8718718718718718,310.6556,0.8901401401401401,319.6639,0.8898898898898899,323.8838,0.8718718718718718,303.0664,0.8901401401401401,326.8337,0.8898898898898899,316.6924,0.9086586586586587,197.6635,0.8993993993993993,189.4614,0.8993993993993993,197.3622,0.9086586586586587,187.4071,0.8993993993993993,189.5136,0.8993993993993993,206.26
Ham,4,3233.3245,success,0.8253253253253253,307.7404,0.8253253253253253,310.8471,0.825075075075075,315.8044,0.8253253253253253,317.0719,0.8253253253253253,325.4294,0.825075075075075,323.9643,0.8621121121121121,210.2152,0.8435935935935935,212.4297,0.8433433433433434,212.5776,0.8621121121121121,208.146,0.8435935935935935,203.5639,0.8433433433433434,211.6187
Haptics,0,10071.9405,success,0.5359477124183006,942.8765,0.5295374560080442,960.9274,0.523001508295626,941.5634,0.5359477124183006,955.4255,0.5295374560080442,955.0203,0.523001508295626,927.3742,0.5295374560080442,651.6695,0.5359477124183006,671.1733,0.5359477124183006,698.374,0.5295374560080442,693.9691,0.5359477124183006,653.4599,0.5359477124183006,659.426
Haptics,1,10153.7353,success,0.5226244343891403,960.7404,0.5292860734037205,946.2697,0.5164655605832077,958.4777,0.5226244343891403,958.7408,0.5292860734037205,949.1048,0.5164655605832077,978.06,0.5036450477626948,656.0062,0.5035193564605329,677.4865,0.47762694821518353,654.5424,0.5036450477626948,682.5255,0.5035193564605329,696.0058,0.47762694821518353,677.3634
Haptics,2,10193.7035,success,0.5098039215686274,976.9406,0.5356963298139769,955.7376,0.5226244343891402,967.8426,0.5098039215686274,956.0786,0.5356963298139769,941.4361,0.5226244343891402,962.7169,0.4972347913524384,689.5672,0.5164655605832076,691.8021,0.5228758169934641,691.6815,0.4972347913524384,673.7375,0.5164655605832076,662.9635,0.5228758169934641,678.6745
Haptics,3,10084.25,success,0.5548014077425842,922.0539,0.5419808949220715,940.8604,0.5678733031674209,926.5985,0.5548014077425842,938.2785,0.5419808949220715,969.5869,0.5678733031674209,970.1788,0.5483911513323279,672.9962,0.5421065862242332,697.8071,0.5482654600301659,686.4429,0.5483911513323279,658.5757,0.5421065862242332,652.7979,0.5482654600301659,679.4973
Haptics,4,9982.1304,success,0.5480140774258421,957.2704,0.5674962292609352,959.6309,0.548139768728004,902.5706,0.5480140774258421,967.7885,0.5674962292609352,956.8213,0.548139768728004,989.954,0.5480140774258421,639.8837,0.5289089994972348,645.2872,0.5224987430869784,640.4521,0.5480140774258421,662.3377,0.5289089994972348,649.897,0.5224987430869784,661.5314
Herring,0,3485.0667,success,0.5324675324675324,357.4606,0.5483405483405482,344.411,0.5317460317460317,344.5489,0.5324675324675324,343.4666,0.5483405483405482,348.8518,0.5317460317460317,371.2963,0.5937950937950939,227.298,0.577922077922078,228.9332,0.562049062049062,208.8324,0.5937950937950939,198.1962,0.577922077922078,207.76,0.562049062049062,227.3669
Herring,1,3424.5939,success,0.5468975468975469,358.0856,0.5476190476190476,341.4149,0.5627705627705627,338.579,0.5468975468975469,341.3706,0.5476190476190476,332.483,0.5627705627705627,323.2275,0.5642135642135643,202.4789,0.5324675324675324,213.4867,0.5634920634920634,227.0635,0.5642135642135643,218.9914,0.5324675324675324,225.2439,0.5634920634920634,226.3538
Herring,2,3635.4723,success,0.564935064935065,340.9059,0.5490620490620491,338.7442,0.5331890331890331,366.3248,0.564935064935065,362.5943,0.5490620490620491,361.206,0.5331890331890331,364.8966,0.5331890331890331,227.0605,0.5331890331890331,231.8741,0.5808080808080808,238.7062,0.5331890331890331,237.1369,0.5331890331890331,241.0326,0.5808080808080808,243.2415
Herring,3,3493.6843,success,0.6262626262626262,359.3663,0.6103896103896104,349.715,0.6414141414141414,340.2423,0.6262626262626262,338.3075,0.6103896103896104,336.0994,0.6414141414141414,342.7431,0.6096681096681097,212.7532,0.5945165945165946,217.4661,0.6103896103896104,216.2338,0.6096681096681097,213.2835,0.5945165945165946,225.6431,0.6103896103896104,227.5734
Herring,4,3595.7036,success,0.63997113997114,354.1056,0.6240981240981242,358.2499,0.63997113997114,358.5163,0.63997113997114,345.2471,0.6240981240981242,368.645,0.63997113997114,354.4259,0.6233766233766234,210.0858,0.63997113997114,211.1616,0.63997113997114,229.9288,0.6233766233766234,228.8834,0.63997113997114,230.2466,0.63997113997114,230.8385
HouseTwenty,0,12832.358,success,0.8754578754578755,1258.0946,0.8498168498168498,1284.6303,0.8278388278388279,1310.1184,0.8754578754578755,1333.1456,0.8498168498168498,1267.0917,0.8278388278388279,1271.8444,0.8241758241758242,780.8274,0.8241758241758242,771.2989,0.7985347985347985,817.4225,0.8241758241758242,744.0583,0.8241758241758242,780.347,0.7985347985347985,801.0235
HouseTwenty,1,12423.5923,success,0.6978021978021979,1261.56,0.6978021978021979,1269.7038,0.6978021978021979,1268.7467,0.6978021978021979,1234.6124,0.6978021978021979,1272.6212,0.6978021978021979,1247.336,0.7472527472527473,763.3753,0.7728937728937728,794.2099,0.7216117216117216,764.4449,0.7472527472527473,760.1127,0.7728937728937728,767.2482,0.7216117216117216,767.5457
HouseTwenty,2,12538.3897,success,0.7234432234432235,1325.8337,0.6996336996336997,1267.155,0.6978021978021979,1201.8123,0.7234432234432235,1272.9118,0.6996336996336997,1298.0826,0.6978021978021979,1280.2963,0.7472527472527473,788.0948,0.7234432234432235,815.9021,0.6739926739926739,817.7311,0.7472527472527473,780.2967,0.7234432234432235,711.515,0.6739926739926739,715.7754
HouseTwenty,3,12615.1416,success,0.6483516483516484,1289.4253,0.6483516483516484,1301.8297,0.6739926739926739,1272.6104,0.6483516483516484,1280.0347,0.6483516483516484,1250.0119,0.6739926739926739,1303.338,0.6483516483516484,738.1482,0.6739926739926739,779.9893,0.6996336996336997,787.5179,0.6483516483516484,789.0746,0.6739926739926739,780.6354,0.6996336996336997,779.6855
HouseTwenty,4,12638.427,success,0.7765567765567766,1322.7761,0.7765567765567766,1270.2257,0.7765567765567766,1283.7294,0.7765567765567766,1249.0617,0.7765567765567766,1271.4176,0.7765567765567766,1262.4293,0.7747252747252746,775.8472,0.7509157509157509,776.4821,0.8003663003663003,786.2176,0.7747252747252746,777.5737,0.7509157509157509,809.7944,0.8003663003663003,787.2495
InlineSkate,0,15805.6706,success,0.3805704099821747,1578.3324,0.3407605466428996,1571.3901,0.3597742127153891,1443.6671,0.3805704099821747,1567.6065,0.3407605466428996,1529.1317,0.3597742127153891,1499.1617,0.3600713012477718,993.7378,0.32976827094474154,1017.2541,0.3300653594771242,1053.4696,0.3600713012477718,1004.8451,0.32976827094474154,1012.8782,0.3300653594771242,1029.1042
InlineSkate,1,15570.8106,success,0.3496732026143791,1540.5332,0.3695781342840166,1451.2577,0.3597742127153892,1527.6177,0.3496732026143791,1495.3706,0.3695781342840166,1501.6888,0.3597742127153892,1512.8565,0.3294711824123589,1028.4644,0.3199643493761141,1022.253,0.3101604278074866,986.4008,0.3294711824123589,950.993,0.3199643493761141,1002.8556,0.3101604278074866,1026.5904
InlineSkate,2,15604.4554,success,0.3799762329174094,1585.5765,0.34997029114676176,1513.8916,0.3499702911467617,1561.4299,0.3799762329174094,1560.266,0.34997029114676176,1487.7217,0.3499702911467617,1487.7716,0.42008318478906714,985.8932,0.39007724301841945,1032.6425,0.38027332144979203,1000.081,0.42008318478906714,983.7895,0.39007724301841945,1007.7943,0.38027332144979203,1012.7049
InlineSkate,3,15378.6409,success,0.33065953654188945,1530.4627,0.340463458110517,1438.9906,0.3502673796791444,1552.5448,0.33065953654188945,1446.3842,0.340463458110517,1485.0167,0.3502673796791444,1471.7141,0.3303624480095068,1009.3161,0.35056446821152704,1018.4902,0.3499702911467617,991.8314,0.3303624480095068,967.7705,0.35056446821152704,1039.7768,0.3499702911467617,1038.9222
InlineSkate,4,15444.6532,success,0.36066547831253715,1490.1174,0.33036244800950687,1508.2938,0.37076648841354726,1539.185,0.36066547831253715,1440.7129,0.33036244800950687,1476.5562,0.37076648841354726,1473.8071,0.3502673796791444,1015.0005,0.370172311348782,1002.1535,0.35056446821152704,1010.8149,0.3502673796791444,1008.0735,0.370172311348782,1006.7973,0.35056446821152704,956.6874
InsectEPGRegularTrain,0,4034.0473,success,1.0,398.243,1.0,395.0128,1.0,392.0344,1.0,413.9567,1.0,372.5592,1.0,398.679,1.0,275.102,1.0,256.9443,1.0,254.4226,1.0,271.1396,1.0,245.6066,1.0,234.3634
InsectEPGRegularTrain,1,4060.2437,success,1.0,397.8068,1.0,402.8834,1.0,406.3378,1.0,429.9039,1.0,391.7804,1.0,394.7052,1.0,255.4654,1.0,254.6488,1.0,251.4848,1.0,265.2462,1.0,256.2126,1.0,241.3859
InsectEPGRegularTrain,2,4118.3476,success,1.0,421.2315,1.0,406.6346,1.0,395.3286,1.0,412.1169,1.0,386.6262,1.0,401.5408,1.0,269.7347,1.0,256.9101,1.0,258.7191,1.0,270.0004,1.0,256.0918,1.0,257.3932
InsectEPGRegularTrain,3,4072.9371,success,1.0,438.0513,1.0,392.9995,1.0,400.4377,1.0,417.3656,1.0,416.7116,1.0,401.4141,1.0,239.5332,1.0,242.6618,1.0,250.7324,1.0,251.0015,1.0,242.651,1.0,258.7375
InsectEPGRegularTrain,4,3956.817,success,1.0,427.6383,1.0,393.2464,1.0,423.0043,1.0,399.1337,1.0,367.5822,1.0,370.4924,1.0,243.1753,1.0,231.7121,1.0,233.3159,1.0,242.8247,1.0,231.7951,1.0,264.16
InsectEPGSmallTrain,0,4429.7672,success,1.0,514.8239,1.0,421.3203,1.0,389.3015,1.0,496.661,1.0,417.2559,1.0,414.6646,1.0,306.6485,1.0,268.1012,1.0,274.0697,1.0,291.6602,1.0,240.6431,1.0,247.9161
InsectEPGSmallTrain,1,4353.6699,success,1.0,489.4476,1.0,398.5125,1.0,420.3235,1.0,501.0112,1.0,409.6477,1.0,391.7542,1.0,301.1319,1.0,248.1171,1.0,249.4068,1.0,301.0316,1.0,259.3778,1.0,254.8625
InsectEPGSmallTrain,2,4164.2069,success,1.0,473.2024,1.0,393.163,1.0,368.5442,1.0,495.7359,1.0,404.4708,1.0,390.756,1.0,284.7061,1.0,243.6031,1.0,245.0758,1.0,272.6852,1.0,224.2513,1.0,238.3924
InsectEPGSmallTrain,3,4211.6096,success,1.0,514.3222,1.0,419.0277,1.0,417.9378,1.0,483.2929,1.0,364.6517,1.0,371.9471,1.0,284.1318,1.0,229.661,1.0,228.9773,1.0,275.4713,1.0,239.5199,1.0,255.6257
InsectEPGSmallTrain,4,4133.5594,success,1.0,469.6337,1.0,375.7857,1.0,375.9141,1.0,453.6652,1.0,374.8932,1.0,376.2868,1.0,289.6092,1.0,259.4191,1.0,248.5745,1.0,286.4693,1.0,239.001,1.0,253.233
InsectWingbeatSound,0,3145.2758,success,0.5863260520794767,302.4301,0.5862643465383192,292.3236,0.5817598420338146,274.9729,0.5863260520794767,279.0752,0.5862643465383192,284.5278,0.5817598420338146,293.6834,0.595458472170801,219.9212,0.5863260520794767,214.9622,0.5953967666296434,220.5468,0.595458472170801,209.2624,0.5863260520794767,223.5043,0.5953967666296434,232.2516
InsectWingbeatSound,1,3187.6142,success,0.6089719856843144,290.3843,0.5953967666296434,281.5666,0.595458472170801,302.9238,0.6089719856843144,298.2827,0.5953967666296434,285.5439,0.595458472170801,286.2291,0.6000863877576207,216.2778,0.5908922621251389,223.2137,0.5909539676662964,228.206,0.6000863877576207,218.6473,0.5908922621251389,224.8118,0.5909539676662964,217.9967
InsectWingbeatSound,2,3155.8338,success,0.5681846229791435,278.5032,0.5726274219424904,286.2266,0.5636184129334815,281.0498,0.5681846229791435,296.8821,0.5726274219424904,282.1194,0.5636184129334815,305.8113,0.5727508330248057,220.1931,0.5682463285203011,226.5095,0.5771936319881524,228.8916,0.5727508330248057,214.5455,0.5682463285203011,214.2247,0.5771936319881524,223.9247
InsectWingbeatSound,3,3208.5788,success,0.5999629766753055,283.5762,0.5817598420338146,280.6177,0.5953350610884858,282.7835,0.5999629766753055,283.2001,0.5817598420338146,305.8226,0.5953350610884858,283.5722,0.5998395655929902,224.652,0.6044057756386523,231.8474,0.6181044057756386,233.925,0.5998395655929902,228.3149,0.6044057756386523,233.233,0.6181044057756386,234.4467
InsectWingbeatSound,4,3174.5474,success,0.6227323213624584,288.9597,0.6045908922621251,293.5037,0.6227323213624584,286.3073,0.6227323213624584,284.3156,0.6045908922621251,274.2632,0.6227323213624584,290.1202,0.6407503393804763,229.1431,0.6363692459582869,226.2956,0.6408120449216339,228.6285,0.6407503393804763,225.6866,0.6363692459582869,225.2951,0.6408120449216339,223.7512
ItalyPowerDemand,0,219.9069,success,0.9703557312252965,20.4925,0.9703557312252965,20.5287,0.9703557312252965,20.6516,0.9703557312252965,20.5063,0.9703557312252965,20.539,0.9703557312252965,21.8162,0.9703557312252965,16.2437,0.9703557312252965,16.1521,0.9703557312252965,15.3151,0.9703557312252965,13.858,0.9703557312252965,13.9906,0.9703557312252965,13.9761
ItalyPowerDemand,1,215.681,success,0.9848484848484849,19.6229,0.9703557312252965,19.5572,0.9703557312252965,19.6839,0.9848484848484849,20.594,0.9703557312252965,20.6408,0.9703557312252965,20.7269,0.9703557312252965,15.0351,0.9848484848484849,14.7279,0.9848484848484849,14.8767,0.9703557312252965,14.6008,0.9848484848484849,14.7708,0.9848484848484849,14.7785
ItalyPowerDemand,2,200.5106,success,0.9703557312252965,18.5353,0.9703557312252965,18.5747,0.9552042160737813,18.6497,0.9703557312252965,18.5597,0.9703557312252965,18.6185,0.9552042160737813,18.6845,0.9855072463768115,13.9509,0.9855072463768115,13.9624,0.9703557312252965,14.5034,0.9855072463768115,13.8936,0.9855072463768115,14.0279,0.9703557312252965,14.0221
ItalyPowerDemand,3,211.0618,success,0.9703557312252965,19.4694,0.9703557312252965,19.5617,0.9703557312252965,19.6677,0.9703557312252965,19.5773,0.9703557312252965,19.6645,0.9703557312252965,19.6474,0.9703557312252965,14.6691,0.9848484848484849,14.7112,0.9703557312252965,14.8251,0.9703557312252965,14.6955,0.9848484848484849,14.9039,0.9703557312252965,14.8941
ItalyPowerDemand,4,205.4892,success,0.9696969696969697,18.4887,0.9696969696969697,18.5707,0.9696969696969697,18.6471,0.9696969696969697,18.5344,0.9696969696969697,18.5588,0.9696969696969697,19.5529,0.9848484848484849,15.4938,0.9696969696969697,14.7375,0.9696969696969697,14.643,0.9848484848484849,14.4146,0.9696969696969697,14.6109,0.9696969696969697,14.5449
LargeKitchenAppliances,0,10654.326,success,0.6506666666666666,964.8445,0.6586666666666666,977.5491,0.6586666666666666,981.5813,0.6506666666666666,962.5042,0.6586666666666666,952.8278,0.6586666666666666,961.7512,0.6746666666666666,741.7484,0.6613333333333333,746.8817,0.672,749.2427,0.6746666666666666,749.7192,0.6613333333333333,751.1094,0.672,759.3309
LargeKitchenAppliances,1,10433.4359,success,0.672,915.2369,0.6693333333333333,965.1076,0.6693333333333333,931.8642,0.672,904.6677,0.6693333333333333,958.4535,0.6693333333333333,943.4775,0.6933333333333334,731.0307,0.7013333333333334,761.2909,0.7040000000000001,753.3153,0.6933333333333334,745.1527,0.7013333333333334,741.3842,0.7040000000000001,734.592
LargeKitchenAppliances,2,10593.3946,success,0.6666666666666666,950.6555,0.6586666666666666,975.959,0.656,931.6498,0.6666666666666666,955.5759,0.6586666666666666,971.5472,0.656,948.0533,0.6853333333333333,732.5098,0.6746666666666666,761.7411,0.6773333333333333,755.3399,0.6853333333333333,765.6132,0.6746666666666666,757.5053,0.6773333333333333,738.6179
LargeKitchenAppliances,3,10411.7737,success,0.6666666666666666,941.9241,0.6666666666666666,947.7149,0.672,939.155,0.6666666666666666,933.9282,0.6666666666666666,921.4272,0.672,907.0035,0.68,740.9168,0.68,758.3022,0.6773333333333333,751.866,0.68,729.4929,0.68,749.1687,0.6773333333333333,743.7037
LargeKitchenAppliances,4,10555.0716,success,0.6346666666666666,954.5629,0.6373333333333333,961.4577,0.6293333333333333,974.4257,0.6346666666666666,939.6883,0.6373333333333333,955.9065,0.6293333333333333,924.6613,0.6533333333333333,749.2968,0.6533333333333333,758.4697,0.664,763.9784,0.6533333333333333,741.8038,0.6533333333333333,747.873,0.664,741.2198
Lightning2,0,4201.119,success,0.8166666666666668,407.3189,0.8333333333333334,429.2339,0.8166666666666668,445.3307,0.8166666666666668,424.3109,0.8333333333333334,415.9716,0.8166666666666668,418.7587,0.7666666666666666,260.5444,0.8166666666666668,260.0759,0.7833333333333332,265.8288,0.7666666666666666,241.4143,0.8166666666666668,244.1383,0.7833333333333332,259.9697
Lightning2,1,4348.5386,success,0.8166666666666668,426.5767,0.8333333333333334,397.1716,0.8166666666666668,448.2975,0.8166666666666668,451.3851,0.8333333333333334,472.5172,0.8166666666666668,418.2002,0.7999999999999999,259.8075,0.7999999999999999,260.5694,0.7999999999999999,260.3922,0.7999999999999999,294.051,0.7999999999999999,269.4087,0.7999999999999999,259.0687
Lightning2,2,4392.1114,success,0.8166666666666668,427.0382,0.8166666666666668,429.5693,0.7999999999999999,421.0524,0.8166666666666668,468.0351,0.8166666666666668,426.2014,0.7999999999999999,429.2818,0.8166666666666668,285.0502,0.7999999999999999,271.8219,0.7999999999999999,263.5024,0.8166666666666668,281.2303,0.7999999999999999,274.0627,0.7999999999999999,276.908
Lightning2,3,4225.997,success,0.7666666666666666,399.2585,0.7666666666666666,399.1215,0.7666666666666666,404.3778,0.7666666666666666,438.8492,0.7666666666666666,438.9291,0.7666666666666666,443.5154,0.7833333333333333,271.0771,0.7833333333333333,261.6817,0.7666666666666666,263.1919,0.7833333333333333,262.8812,0.7833333333333333,276.3754,0.7666666666666666,274.3023
Lightning2,4,4468.6655,success,0.75,422.2232,0.6833333333333332,428.1984,0.6833333333333332,435.0273,0.75,428.4662,0.6833333333333332,445.4096,0.6833333333333332,456.1113,0.7333333333333334,285.5949,0.7000000000000001,279.6225,0.6666666666666666,284.5876,0.7333333333333334,276.5103,0.7000000000000001,281.0442,0.6666666666666666,297.862
Lightning7,0,2435.7559,success,0.714975845410628,241.6565,0.714975845410628,232.8996,0.7294685990338164,231.289,0.714975845410628,251.7328,0.714975845410628,235.9118,0.7294685990338164,231.4085,0.7010869565217391,158.0198,0.6721014492753623,158.2101,0.6865942028985508,158.1717,0.7010869565217391,164.047,0.6721014492753623,147.7406,0.6865942028985508,147.4656
Lightning7,1,2392.5699,success,0.6859903381642511,243.2078,0.7004830917874396,234.924,0.6865942028985508,224.3158,0.6859903381642511,250.8961,0.7004830917874396,229.7896,0.6865942028985508,229.7456,0.6570048309178744,152.3599,0.6859903381642511,147.0056,0.6570048309178743,149.7535,0.6570048309178744,150.894,0.6859903381642511,147.4488,0.6570048309178743,153.5465
Lightning7,2,2423.0663,success,0.6570048309178743,238.9312,0.6708937198067634,226.8854,0.6847826086956522,226.1774,0.6570048309178743,247.9058,0.6708937198067634,245.2038,0.6847826086956522,230.537,0.6708937198067634,160.1382,0.6564009661835749,148.8436,0.6425120772946858,156.0573,0.6708937198067634,156.7152,0.6564009661835749,154.4945,0.6425120772946858,153.1413
Lightning7,3,2423.4051,success,0.7155797101449276,231.9699,0.7143719806763285,224.535,0.7010869565217391,230.0474,0.7155797101449276,253.1864,0.7143719806763285,245.5445,0.7010869565217391,235.3938,0.7155797101449276,160.3571,0.7155797101449276,152.0215,0.6871980676328503,156.0164,0.7155797101449276,161.268,0.7155797101449276,155.5316,0.6871980676328503,144.4918
Lightning7,4,2381.9097,success,0.6865942028985508,237.0931,0.7004830917874395,219.3558,0.714975845410628,219.9481,0.6865942028985508,227.3968,0.7004830917874395,219.0332,0.714975845410628,218.851,0.7004830917874396,153.05,0.6859903381642511,153.2866,0.69987922705314,150.8614,0.7004830917874396,167.4015,0.6859903381642511,167.034,0.69987922705314,165.1753
Mallat,0,7265.3079,success,0.94541910331384,751.8675,0.94541910331384,707.7983,0.94541910331384,711.1547,0.94541910331384,760.8285,0.94541910331384,678.7438,0.94541910331384,712.0167,0.9269005847953217,466.4925,0.94541910331384,447.4773,0.94541910331384,447.3443,0.9269005847953217,471.6824,0.94541910331384,448.8383,0.94541910331384,428.0414
Mallat,1,7192.6568,success,0.9269005847953217,775.0981,0.9269005847953217,670.9585,0.9444444444444443,696.3212,0.9269005847953217,778.1406,0.9269005847953217,705.7855,0.9444444444444443,686.8066,0.9269005847953217,457.9614,0.9093567251461989,417.9503,0.9269005847953217,435.2516,0.9269005847953217,455.5443,0.9093567251461989,448.3261,0.9269005847953217,435.8099
Mallat,2,7284.358,success,0.9269005847953217,730.8203,0.9269005847953217,740.5799,0.9269005847953217,697.7394,0.9269005847953217,728.9304,0.9269005847953217,692.9994,0.9269005847953217,708.1627,0.9269005847953217,475.9751,0.9093567251461989,446.9154,0.9269005847953217,434.771,0.9269005847953217,486.0227,0.9093567251461989,455.2178,0.9269005847953217,455.1647
Mallat,3,7318.9511,success,0.8567251461988304,726.3278,0.8752436647173489,664.3617,0.8752436647173489,709.37,0.8567251461988304,714.7808,0.8752436647173489,696.9297,0.8752436647173489,743.5423,0.8752436647173489,482.4642,0.8752436647173489,453.0318,0.8752436647173489,479.5737,0.8752436647173489,491.9674,0.8752436647173489,466.2162,0.8752436647173489,466.6135
Mallat,4,7446.7263,success,0.9463937621832358,768.7148,0.9463937621832358,744.4306,0.9463937621832358,750.9813,0.9463937621832358,784.3714,0.9463937621832358,731.7855,0.9463937621832358,703.4503,0.9113060428849903,487.0945,0.9103313840155945,440.1315,0.8927875243664717,445.4013,0.9113060428849903,457.5193,0.9103313840155945,460.716,0.8927875243664717,446.0843
Meat,0,3027.5252,success,1.0,312.6737,1.0,314.4446,1.0,314.4255,1.0,291.2525,1.0,291.4748,1.0,291.2571,1.0,180.8343,1.0,187.7424,1.0,186.5455,1.0,186.3256,1.0,188.0716,1.0,190.3289
Meat,1,2949.0388,success,1.0,283.1005,1.0,288.837,1.0,305.269,1.0,288.8737,1.0,294.6718,1.0,295.7255,1.0,178.2233,1.0,175.2007,1.0,191.9429,1.0,193.2545,1.0,181.6,1.0,181.9286
Meat,2,2966.2243,success,1.0,299.6222,1.0,323.2362,1.0,302.2212,1.0,285.5387,1.0,291.5232,1.0,296.889,1.0,179.7954,1.0,182.9115,1.0,177.5346,1.0,176.2583,1.0,179.2367,1.0,180.4388
Meat,3,2924.7014,success,1.0,296.0043,1.0,288.5801,1.0,287.6772,1.0,273.4486,1.0,298.9577,1.0,292.5008,1.0,178.4518,1.0,188.2384,1.0,192.5274,1.0,182.9085,1.0,175.021,1.0,182.0517
Meat,4,2982.6995,success,1.0,274.842,1.0,305.7191,1.0,314.6276,1.0,312.21,1.0,302.6264,1.0,294.0267,1.0,192.316,1.0,174.3151,1.0,180.5295,1.0,178.9761,1.0,181.4276,1.0,182.6501
MedicalImages,0,1791.9826,success,0.7322834645669292,160.936,0.7270341207349081,153.8569,0.732283464566929,155.9595,0.7322834645669292,156.7723,0.7270341207349081,151.2263,0.732283464566929,152.936,0.732283464566929,137.2403,0.727034120734908,133.25,0.7244094488188977,131.3321,0.732283464566929,129.2408,0.727034120734908,130.3704,0.7244094488188977,131.3553
MedicalImages,1,1795.7888,success,0.7296587926509185,155.5672,0.7349081364829396,154.014,0.7244094488188977,154.7728,0.7296587926509185,155.5415,0.7349081364829396,153.8088,0.7244094488188977,154.5289,0.7139107611548555,131.7716,0.7139107611548557,134.1778,0.7007874015748031,133.7045,0.7139107611548555,132.2624,0.7139107611548557,132.576,0.7007874015748031,134.1003
MedicalImages,2,1827.4201,success,0.7191601049868767,162.5334,0.7191601049868767,160.1793,0.7139107611548557,160.3569,0.7191601049868767,160.8251,0.7191601049868767,159.7904,0.7139107611548557,156.5285,0.7086614173228347,131.0679,0.7165354330708662,132.3484,0.7112860892388452,133.5237,0.7086614173228347,133.2297,0.7165354330708662,133.921,0.7112860892388452,134.2829
MedicalImages,3,1856.754,success,0.6981627296587926,160.3653,0.7086614173228347,160.3604,0.7165354330708662,160.6326,0.6981627296587926,160.8572,0.7086614173228347,159.7175,0.7165354330708662,161.1133,0.7034120734908136,136.0218,0.6981627296587928,136.9818,0.7112860892388451,139.8439,0.7034120734908136,138.4942,0.6981627296587928,137.7617,0.7112860892388451,134.8673
MedicalImages,4,1819.5213,success,0.7244094488188977,162.1128,0.7296587926509187,161.625,0.7217847769028872,162.2578,0.7244094488188977,159.678,0.7296587926509187,155.4366,0.7217847769028872,156.0188,0.7244094488188977,131.6778,0.7112860892388451,132.7663,0.7139107611548557,133.0343,0.7244094488188977,130.868,0.7112860892388451,131.2141,0.7139107611548557,133.857
MiddlePhalanxOutlineCorrect,0,1622.6669,success,0.8383333333333333,145.9686,0.8283333333333333,148.4781,0.8266666666666667,145.3701,0.8383333333333333,142.1158,0.8283333333333333,136.4158,0.8266666666666667,135.6849,0.8416666666666667,117.7629,0.8366666666666666,117.7029,0.8466666666666667,118.0904,0.8416666666666667,118.0252,0.8366666666666666,119.15,0.8466666666666667,120.0038
MiddlePhalanxOutlineCorrect,1,1609.7827,success,0.8183333333333334,141.5335,0.82,139.6256,0.82,139.7388,0.8183333333333334,140.8408,0.82,139.6541,0.82,139.8532,0.835,119.9245,0.8249999999999998,118.7454,0.8283333333333333,119.0708,0.835,118.4942,0.8249999999999998,119.4357,0.8283333333333333,116.8332
MiddlePhalanxOutlineCorrect,2,1586.2749,success,0.8216666666666667,144.012,0.8283333333333333,137.8697,0.8283333333333335,137.8761,0.8216666666666667,137.4777,0.8283333333333333,139.0845,0.8283333333333335,137.7383,0.83,118.2106,0.8316666666666667,116.8699,0.8366666666666666,115.3337,0.83,115.2645,0.8316666666666667,115.2419,0.8366666666666666,115.3586
MiddlePhalanxOutlineCorrect,3,1631.8197,success,0.8183333333333334,140.9306,0.815,141.0821,0.8249999999999998,140.7921,0.8183333333333334,141.1261,0.815,141.0302,0.8249999999999998,141.0025,0.8233333333333333,121.3998,0.8183333333333334,121.1713,0.8266666666666667,121.7318,0.8233333333333333,120.9561,0.8183333333333334,121.0375,0.8266666666666667,121.5709
MiddlePhalanxOutlineCorrect,4,1633.4725,success,0.8233333333333333,138.7897,0.8316666666666667,143.9619,0.8316666666666667,143.0405,0.8233333333333333,139.3912,0.8316666666666667,139.486,0.8316666666666667,139.8092,0.8283333333333333,119.1864,0.8383333333333334,118.6461,0.8316666666666667,124.2849,0.8283333333333333,123.6402,0.8383333333333334,120.4882,0.8316666666666667,123.3675
MiddlePhalanxOutlineAgeGroup,0,1092.0011,success,0.8125163655407174,92.1069,0.8075412411626081,93.2539,0.8050349754984475,101.0042,0.8125163655407174,97.7053,0.8075412411626081,99.4992,0.8050349754984475,100.1501,0.8100288033516626,79.5092,0.8075225376875023,79.2776,0.8100288033516626,79.2282,0.8100288033516626,78.4076,0.8075225376875023,75.3384,0.8100288033516626,76.6493
MiddlePhalanxOutlineAgeGroup,1,1106.8081,success,0.8100475068267684,100.7534,0.8075038342123966,100.9539,0.8100288033516626,100.1144,0.8100475068267684,98.862,0.8075038342123966,99.6361,0.8100288033516626,97.1204,0.8075412411626081,78.302,0.8000785545954439,79.1088,0.8100475068267684,79.3713,0.8075412411626081,79.2416,0.8000785545954439,76.3043,0.8100475068267684,76.4995
MiddlePhalanxOutlineAgeGroup,2,1085.8352,success,0.7849848501851643,100.6753,0.7899225676130625,99.4947,0.7824785845210039,98.1071,0.7849848501851643,95.1055,0.7899225676130625,96.2559,0.7824785845210039,96.7869,0.7924475367523286,78.012,0.7774660531926831,77.3766,0.7824598810458983,77.5415,0.7924475367523286,76.8838,0.7774660531926831,77.3627,0.7824598810458983,77.5346
MiddlePhalanxOutlineAgeGroup,3,1084.2304,success,0.8123854412149778,100.8049,0.7949350989413834,98.528,0.7974600680806495,98.1557,0.8123854412149778,97.7555,0.7949350989413834,93.5721,0.7974600680806495,93.0942,0.7874163019489021,75.4629,0.797422661130438,79.1451,0.7924288332772229,79.6302,0.7874163019489021,75.751,0.797422661130438,78.5727,0.7924288332772229,74.9528
MiddlePhalanxOutlineAgeGroup,4,1089.9057,success,0.787472412374219,98.9552,0.7949725058915945,99.2555,0.7924662402274342,97.1462,0.787472412374219,97.0362,0.7949725058915945,96.9409,0.7924662402274342,96.4016,0.7949912093667004,77.3987,0.7949725058915947,78.1596,0.7899786780383796,78.9659,0.7949912093667004,78.1088,0.7949725058915947,78.3274,0.7899786780383796,78.3367
MiddlePhalanxTW,0,1361.7734,success,0.619047619047619,114.2812,0.6290726817042607,114.5934,0.6215538847117794,115.6074,0.619047619047619,115.7008,0.6290726817042607,116.0158,0.6215538847117794,115.9552,0.6315789473684211,100.1798,0.6340852130325815,102.52,0.6240601503759399,103.6652,0.6315789473684211,104.1666,0.6340852130325815,105.102,0.6240601503759399,104.1543
MiddlePhalanxTW,1,1370.3631,success,0.6165413533834587,118.8994,0.6215538847117794,120.2732,0.6190476190476191,121.1079,0.6165413533834587,120.7977,0.6215538847117794,121.1883,0.6190476190476191,121.6758,0.6240601503759398,98.3924,0.6265664160401002,99.943,0.6265664160401002,100.0749,0.6240601503759398,99.1112,0.6265664160401002,99.8122,0.6265664160401002,100.4537
MiddlePhalanxTW,2,1373.1531,success,0.6390977443609023,118.6699,0.6340852130325815,118.7875,0.6290726817042606,120.9402,0.6390977443609023,120.4216,0.6340852130325815,120.8031,0.6290726817042606,122.142,0.6390977443609022,100.3401,0.6340852130325815,100.839,0.6416040100250627,100.6862,0.6390977443609022,99.4789,0.6340852130325815,100.7242,0.6416040100250627,100.6313
MiddlePhalanxTW,3,1353.2509,success,0.6190476190476191,119.5464,0.6115288220551378,120.8362,0.6165413533834586,119.8298,0.6190476190476191,119.3808,0.6115288220551378,119.9054,0.6165413533834586,117.046,0.6240601503759399,97.5431,0.6115288220551379,98.2397,0.619047619047619,98.6996,0.6240601503759399,97.7769,0.6115288220551379,98.422,0.619047619047619,98.5581
MiddlePhalanxTW,4,1374.5894,success,0.6165413533834587,120.0127,0.6190476190476191,120.5418,0.6240601503759398,120.8269,0.6165413533834587,120.06,0.6190476190476191,120.216,0.6240601503759398,118.4949,0.6215538847117794,99.9158,0.6315789473684211,101.1923,0.6090225563909774,100.9976,0.6215538847117794,100.2662,0.6315789473684211,101.0992,0.6090225563909774,101.9393
MixedShapesRegularTrain,0,16708.5394,success,0.9020513190486498,1449.5736,0.9020272707596854,1500.0755,0.8980232306471395,1496.3214,0.9020513190486498,1475.8883,0.9020272707596854,1439.1585,0.8980232306471395,1495.3582,0.9060072625832672,1221.5062,0.9060192867277492,1216.9832,0.9060313108722314,1213.724,0.9060072625832672,1204.3448,0.9060192867277492,1207.9275,0.9060313108722314,1210.0893
MixedShapesRegularTrain,1,16844.5472,success,0.9020152466152034,1479.1237,0.9020032224707212,1491.4748,0.909999278551331,1488.6416,0.9020152466152034,1459.3506,0.9020032224707212,1508.4109,0.909999278551331,1501.871,0.9120433831132915,1240.5138,0.9100353509847774,1232.4975,0.9140393910973234,1205.0238,0.9120433831132915,1213.1725,0.9100353509847774,1221.096,0.9140393910973234,1219.5146
MixedShapesRegularTrain,2,16946.2872,success,0.8980232306471395,1511.5872,0.9000432869201357,1523.3119,0.8900512228554938,1483.6912,0.8980232306471395,1499.109,0.9000432869201357,1489.2729,0.8900512228554938,1488.682,0.9020513190486495,1226.0125,0.9060553591611957,1225.7665,0.9040473270326816,1234.638,0.9020513190486495,1227.4097,0.9060553591611957,1229.0385,0.9040473270326816,1235.1589
MixedShapesRegularTrain,3,17149.1534,success,0.8960873433855182,1495.0047,0.8960873433855182,1518.9511,0.9000673352090999,1532.6769,0.8960873433855182,1503.4441,0.8960873433855182,1487.486,0.9000673352090999,1517.1962,0.9020513190486498,1230.0299,0.9040593511771639,1270.6688,0.8980593030805858,1256.1639,0.9020513190486498,1246.1743,0.9040593511771639,1251.3915,0.8980593030805858,1251.9744
MixedShapesRegularTrain,4,16942.4161,success,0.9060673833056779,1512.1852,0.9040593511771639,1470.4708,0.9060553591611957,1503.124,0.9060673833056779,1464.1418,0.9040593511771639,1519.7685,0.9060553591611957,1511.3042,0.9080633912897098,1214.5453,0.9060794074501599,1229.0599,0.9060794074501599,1235.8302,0.9080633912897098,1229.0549,0.9060794074501599,1241.8964,0.9060794074501599,1229.1911
MixedShapesSmallTrain,0,7652.7143,success,0.8793820558526441,744.0356,0.869281045751634,718.3385,0.8689839572192514,769.1116,0.8793820558526441,744.2213,0.869281045751634,757.7362,0.8689839572192514,728.375,0.859180035650624,458.1586,0.859180035650624,498.103,0.8588829471182412,498.4804,0.859180035650624,482.0167,0.859180035650624,498.8809,0.8588829471182412,498.907
MixedShapesSmallTrain,1,7488.7747,success,0.7798573975044564,723.1441,0.809863339275104,725.656,0.7899584076054665,742.9601,0.7798573975044564,747.4477,0.809863339275104,719.1211,0.7899584076054665,721.8644,0.8101604278074866,480.0486,0.8000594177064766,476.6649,0.8101604278074866,491.5276,0.8101604278074866,500.7215,0.8000594177064766,490.5193,0.8101604278074866,492.1572
MixedShapesSmallTrain,2,7597.026,success,0.7893642305407012,767.5176,0.7994652406417112,728.3182,0.7994652406417112,740.4183,0.7893642305407012,735.0912,0.7994652406417112,741.6633,0.7994652406417112,742.0735,0.7994652406417112,473.0561,0.8196672608437314,504.0287,0.7994652406417112,501.906,0.7994652406417112,497.9637,0.8196672608437314,501.7813,0.7994652406417112,483.2845
MixedShapesSmallTrain,3,7451.3049,success,0.799762329174094,736.95,0.7994652406417112,739.2082,0.799762329174094,731.4007,0.799762329174094,725.88,0.7994652406417112,735.1666,0.799762329174094,718.9727,0.8199643493761141,477.7234,0.809863339275104,497.5708,0.809863339275104,471.8324,0.8199643493761141,459.1251,0.809863339275104,489.277,0.809863339275104,494.452
MixedShapesSmallTrain,4,7566.7139,success,0.8398692810457516,742.1575,0.8398692810457516,748.1075,0.8398692810457516,751.1905,0.8398692810457516,744.3341,0.8398692810457516,726.2411,0.8398692810457516,737.5854,0.8496732026143791,482.5944,0.8297682709447415,498.6453,0.8398692810457516,493.0924,0.8496732026143791,480.4954,0.8297682709447415,488.3685,0.8398692810457516,499.5706
MoteStrain,0,595.893,success,0.746031746031746,70.9754,0.746031746031746,56.942,0.746031746031746,57.1471,0.746031746031746,72.146,0.746031746031746,51.8753,0.746031746031746,51.4568,0.6904761904761904,41.9018,0.6904761904761904,34.3747,0.746031746031746,33.9347,0.6904761904761904,41.886,0.6904761904761904,33.6591,0.746031746031746,33.8166
MoteStrain,1,601.4295,success,0.7936507936507936,67.7651,0.7936507936507936,54.1403,0.8492063492063492,54.3015,0.7936507936507936,70.9958,0.7936507936507936,54.2165,0.8492063492063492,54.1795,0.8492063492063492,43.7747,0.8492063492063492,35.3305,0.8492063492063492,35.5401,0.8492063492063492,43.7344,0.8492063492063492,35.3121,0.8492063492063492,35.5079
MoteStrain,2,614.1667,success,0.8571428571428571,67.0371,0.8571428571428571,57.2238,0.8571428571428571,52.4188,0.8571428571428571,67.5191,0.8571428571428571,56.7673,0.8571428571428571,52.8647,0.8571428571428571,47.6138,0.8571428571428571,38.0391,0.8571428571428571,37.8433,0.8571428571428571,45.104,0.8571428571428571,37.3959,0.8571428571428571,37.488
MoteStrain,3,606.321,success,0.8968253968253969,68.7672,0.8492063492063492,54.5817,0.8015873015873015,54.8421,0.8968253968253969,68.5467,0.8492063492063492,54.7041,0.8015873015873015,54.8121,0.8492063492063492,44.302,0.8968253968253969,36.0284,0.8492063492063492,37.6741,0.8492063492063492,44.272,0.8968253968253969,35.5026,0.8492063492063492,35.6957
MoteStrain,4,597.4819,success,0.746031746031746,74.2465,0.746031746031746,55.6373,0.746031746031746,55.999,0.746031746031746,69.7796,0.746031746031746,54.8784,0.746031746031746,52.3661,0.7936507936507936,42.659,0.7936507936507936,34.3255,0.7936507936507936,34.5023,0.7936507936507936,43.3481,0.7936507936507936,34.3086,0.7936507936507936,34.5319
OliveOil,0,3774.6674,success,0.9333333333333332,413.8223,0.9333333333333332,399.398,0.9333333333333332,363.5877,0.9333333333333332,396.4513,0.9333333333333332,357.9043,0.9333333333333332,362.0116,0.9,251.5912,0.9666666666666667,239.9609,0.9,227.9624,0.9,240.497,0.9666666666666667,235.6383,0.9,216.3618
OliveOil,1,3778.2088,success,0.9,372.222,0.9,362.7606,0.9,357.9247,0.9,417.0044,0.9,367.8009,0.9,356.3441,0.8666666666666667,251.6332,0.9,231.2304,0.8666666666666667,229.247,0.8666666666666667,259.9079,0.9,248.1484,0.8666666666666667,214.2872
OliveOil,2,3799.5811,success,0.9,379.4481,0.9,388.9249,0.9,365.0405,0.9,413.023,0.9,370.5826,0.9,367.6001,0.9,234.4508,0.9333333333333332,248.3964,0.9333333333333332,239.705,0.9,254.3347,0.9333333333333332,229.9987,0.9333333333333332,233.3355
OliveOil,3,3733.921,success,0.8333333333333334,420.9855,0.8333333333333334,359.7732,0.8333333333333334,361.4828,0.8333333333333334,372.2724,0.8333333333333334,366.8511,0.8333333333333334,362.4462,0.8333333333333334,234.9055,0.8333333333333334,219.2664,0.8333333333333334,215.5584,0.8333333333333334,242.3579,0.8333333333333334,236.3063,0.8333333333333334,224.9832
OliveOil,4,3884.0469,success,0.8333333333333334,415.4322,0.8333333333333334,390.8426,0.7999999999999999,362.0707,0.8333333333333334,417.2699,0.8333333333333334,378.5943,0.7999999999999999,354.8817,0.7999999999999999,252.3119,0.8333333333333334,239.0877,0.8333333333333334,236.1831,0.7999999999999999,256.5801,0.8333333333333334,238.4371,0.8333333333333334,220.0169
OSULeaf,0,4737.4236,success,0.6096788783355948,420.8135,0.6249057741595054,428.0623,0.6048545153022764,439.5888,0.6096788783355948,442.2043,0.6249057741595054,446.7824,0.6048545153022764,432.3103,0.5946781245288708,310.3275,0.6096788783355948,329.0216,0.6298055178652193,327.7354,0.5946781245288708,327.57,0.6096788783355948,345.446,0.6298055178652193,340.2209
OSULeaf,1,4805.1209,success,0.6396803859490426,437.9844,0.6198552691090004,458.2074,0.619930649781396,460.565,0.6396803859490426,444.2421,0.6198552691090004,443.3879,0.619930649781396,438.9894,0.6349314035881201,328.9803,0.6497813960500527,336.0118,0.6647821498567766,329.4357,0.6349314035881201,321.468,0.6497813960500527,334.0595,0.6647821498567766,327.1466
OSULeaf,2,4634.8151,success,0.6200060304537917,429.1015,0.6148047640584954,421.5926,0.614880144730891,441.8123,0.6200060304537917,411.1214,0.6148047640584954,421.7349,0.614880144730891,423.7696,0.6249057741595054,313.5938,0.619930649781396,318.9215,0.6299562792100105,323.0902,0.6249057741595054,325.94,0.619930649781396,329.1178,0.6299562792100105,330.806
OSULeaf,3,4807.6227,success,0.5949042665460577,416.4785,0.5949796472184531,459.4908,0.5947535052012664,462.0087,0.5949042665460577,440.5615,0.5949796472184531,457.6961,0.5947535052012664,445.243,0.6050052766470677,321.3214,0.6249057741595054,324.9273,0.6350821649329111,336.8671,0.6050052766470677,328.4221,0.6249057741595054,336.167,0.6350821649329111,329.9731
OSULeaf,4,4794.6706,success,0.6347806422433289,421.105,0.6450324136891301,449.6017,0.6301070405548016,452.9742,0.6347806422433289,448.0287,0.6450324136891301,428.3622,0.6301070405548016,429.1564,0.629880898537615,332.2906,0.6449570330167345,332.3403,0.6600331674958541,337.8124,0.629880898537615,331.3369,0.6449570330167345,342.1871,0.6600331674958541,343.2377
PhalangesOutlinesCorrect,0,5464.5032,success,0.8488888888888889,452.0006,0.8505555555555556,452.4007,0.8483333333333333,445.5203,0.8488888888888889,445.6121,0.8505555555555556,444.8161,0.8483333333333333,446.2642,0.8533333333333334,426.2324,0.8505555555555556,425.585,0.8466666666666667,424.4355,0.8533333333333334,429.3291,0.8505555555555556,424.4554,0.8466666666666667,426.0158
PhalangesOutlinesCorrect,1,5456.4376,success,0.8438888888888889,442.8266,0.8383333333333334,445.3515,0.8411111111111111,449.7324,0.8438888888888889,447.1026,0.8383333333333334,447.2082,0.8411111111111111,447.2094,0.8466666666666667,424.2991,0.8405555555555555,427.6155,0.8383333333333334,425.1657,0.8466666666666667,426.2835,0.8405555555555555,426.9077,0.8383333333333334,425.2167
PhalangesOutlinesCorrect,2,5440.3722,success,0.8444444444444444,448.1403,0.8438888888888889,448.302,0.8438888888888889,445.8193,0.8444444444444444,444.5629,0.8438888888888889,445.6844,0.8438888888888889,447.1118,0.846111111111111,424.3077,0.8433333333333333,420.6607,0.8383333333333333,425.1905,0.846111111111111,422.0017,0.8433333333333333,421.0794,0.8383333333333333,425.3212
PhalangesOutlinesCorrect,3,5484.0001,success,0.8361111111111109,447.7682,0.8338888888888888,451.3438,0.8316666666666667,451.899,0.8361111111111109,440.1634,0.8338888888888888,449.6183,0.8316666666666667,447.0987,0.8394444444444443,427.6873,0.8427777777777777,429.9003,0.8449999999999999,428.9995,0.8394444444444443,430.033,0.8427777777777777,429.8601,0.8449999999999999,426.4148
PhalangesOutlinesCorrect,4,5445.0645,success,0.8438888888888889,437.548,0.8427777777777777,453.206,0.8466666666666667,447.394,0.8438888888888889,441.5594,0.8427777777777777,444.4358,0.8466666666666667,454.1394,0.85,424.5256,0.8472222222222223,421.0377,0.8483333333333333,425.897,0.85,425.0156,0.8472222222222223,423.6761,0.8483333333333333,424.57
Phoneme,0,20066.6219,success,0.13549817423056862,1730.1387,0.12154407929055816,1762.181,0.12141366718831507,1769.4405,0.13549817423056862,1823.9759,0.12154407929055816,1778.7898,0.12141366718831507,1754.8065,0.1401278038601982,1438.327,0.1307381324986959,1440.6533,0.12141366718831507,1490.6277,0.1401278038601982,1421.6819,0.1307381324986959,1437.9859,0.12141366718831507,1449.6479
Phoneme,1,19864.7857,success,0.09826551904016693,1739.1906,0.10282994261867501,1748.5593,0.09350547730829421,1726.0943,0.09826551904016693,1805.7246,0.10282994261867501,1747.0481,0.09350547730829421,1779.9326,0.09820031298904537,1404.4757,0.07948617631716222,1419.9469,0.07479134063641106,1423.4921,0.09820031298904537,1413.5895,0.07948617631716222,1386.2109,0.07479134063641106,1415.6699
Phoneme,2,19789.5583,success,0.08861502347417839,1729.7345,0.1118283776734481,1750.3854,0.09337506520605111,1750.5602,0.08861502347417839,1729.2153,0.1118283776734481,1735.1253,0.09337506520605111,1768.1465,0.08405059989567032,1417.8511,0.11189358372456963,1437.4972,0.09330985915492958,1425.5996,0.08405059989567032,1420.5854,0.11189358372456963,1441.6759,0.09330985915492958,1441.4648
Phoneme,3,19816.1674,success,0.09806990088680229,1768.7099,0.12597809076682315,1756.4152,0.11189358372456963,1723.8969,0.09806990088680229,1733.7248,0.12597809076682315,1725.8699,0.11189358372456963,1743.9536,0.09344027125717268,1417.4174,0.09800469483568075,1417.7093,0.10269953051643194,1425.2543,0.09344027125717268,1397.1435,0.09800469483568075,1437.2849,0.10269953051643194,1434.9644
Phoneme,4,19731.4349,success,0.10276473656755347,1701.307,0.10263432446531039,1755.1848,0.11208920187793427,1758.1636,0.10276473656755347,1740.7616,0.10263432446531039,1735.3485,0.11208920187793427,1731.1474,0.13080333854981743,1413.1037,0.12134846113719354,1441.8,0.10269953051643192,1430.7165,0.13080333854981743,1416.4699,0.12134846113719354,1420.1611,0.10269953051643192,1444.2379
PigAirwayPressure,0,25244.8172,success,0.06694677871148459,2329.3122,0.05742296918767507,2336.3028,0.06694677871148459,2338.1136,0.06694677871148459,2318.6876,0.05742296918767507,2285.0363,0.06694677871148459,2300.0559,0.06694677871148459,1695.9151,0.06694677871148459,1699.7745,0.05742296918767507,1747.7168,0.06694677871148459,1726.587,0.06694677871148459,1713.4032,0.05742296918767507,1738.7212
PigAirwayPressure,1,25644.2189,success,0.05742296918767507,2365.4447,0.05742296918767507,2360.1033,0.05742296918767507,2375.2469,0.05742296918767507,2376.396,0.05742296918767507,2311.4037,0.05742296918767507,2270.7368,0.05742296918767507,1765.0378,0.05742296918767507,1820.423,0.05742296918767507,1751.5777,0.05742296918767507,1725.7072,0.05742296918767507,1735.5497,0.05742296918767507,1799.9429
PigAirwayPressure,2,25496.6727,success,0.1061624649859944,2335.6428,0.09663865546218486,2324.8324,0.07703081232492998,2332.8061,0.1061624649859944,2472.1497,0.09663865546218486,2272.4036,0.07703081232492998,2295.713,0.06722689075630252,1717.3676,0.06722689075630252,1770.93,0.06722689075630252,1740.6075,0.06722689075630252,1785.7995,0.06722689075630252,1733.5675,0.06722689075630252,1715.0869
PigAirwayPressure,3,25309.6308,success,0.12549019607843137,2376.343,0.11596638655462184,2310.3384,0.12549019607843137,2337.2147,0.12549019607843137,2336.4281,0.11596638655462184,2300.6307,0.12549019607843137,2307.9986,0.10644257703081232,1691.6862,0.12549019607843137,1717.9071,0.10644257703081232,1750.2836,0.10644257703081232,1697.2248,0.12549019607843137,1729.1332,0.10644257703081232,1743.3046
PigAirwayPressure,4,25339.5435,success,0.06722689075630252,2312.1069,0.07675070028011205,2338.8434,0.06722689075630252,2315.9861,0.06722689075630252,2384.0318,0.07675070028011205,2340.9447,0.06722689075630252,2330.9048,0.07675070028011205,1659.6583,0.06722689075630252,1714.8771,0.06722689075630252,1732.5162,0.07675070028011205,1729.2368,0.06722689075630252,1733.158,0.06722689075630252,1762.9829
PigArtPressure,0,25468.3701,success,0.0868347338935574,2378.6382,0.0773109243697479,2315.7513,0.0868347338935574,2364.2746,0.0868347338935574,2386.748,0.0773109243697479,2310.8906,0.0868347338935574,2355.7816,0.0773109243697479,1687.6824,0.0773109243697479,1734.7048,0.0773109243697479,1741.0371,0.0773109243697479,1734.6936,0.0773109243697479,1736.57,0.0773109243697479,1739.6365
PigArtPressure,1,25288.6152,success,0.11512605042016809,2341.9288,0.12492997198879552,2270.4529,0.11540616246498599,2202.5208,0.11512605042016809,2351.2113,0.12492997198879552,2404.6451,0.11540616246498599,2312.2987,0.11512605042016809,1672.771,0.12492997198879552,1758.2593,0.12492997198879552,1748.3721,0.11512605042016809,1715.1875,0.12492997198879552,1730.5546,0.12492997198879552,1804.5829
PigArtPressure,2,24942.7427,success,0.11512605042016806,2281.7244,0.11512605042016806,2363.2735,0.10560224089635854,2285.6258,0.11512605042016806,2394.0893,0.11512605042016806,2320.8321,0.10560224089635854,2306.8302,0.12492997198879552,1705.9607,0.10532212885154062,1703.7432,0.09579831932773109,1703.5033,0.12492997198879552,1660.2341,0.10532212885154062,1673.6393,0.09579831932773109,1749.887
PigArtPressure,3,25530.3579,success,0.08655462184873951,2373.3748,0.09607843137254903,2360.3068,0.09607843137254903,2379.9338,0.08655462184873951,2364.8285,0.09607843137254903,2412.3746,0.09607843137254903,2340.0239,0.09607843137254903,1711.1651,0.09607843137254903,1727.3497,0.10588235294117647,1791.4248,0.09607843137254903,1757.846,0.09607843137254903,1747.659,0.10588235294117647,1758.0081
PigArtPressure,4,25381.8626,success,0.15406162464985995,2344.3937,0.14453781512605043,2306.9767,0.14453781512605043,2340.061,0.15406162464985995,2376.2838,0.14453781512605043,2305.6938,0.14453781512605043,2317.1172,0.14453781512605043,1690.7061,0.13473389355742296,1745.0589,0.13473389355742296,1747.9103,0.14453781512605043,1731.1515,0.13473389355742296,1744.1752,0.13473389355742296,1750.0872
PigCVP,0,25025.1536,success,0.009523809523809523,2300.6717,0.009523809523809523,2274.1139,0.009523809523809523,2304.5023,0.009523809523809523,2278.7479,0.009523809523809523,2276.2721,0.009523809523809523,2340.9892,0.009523809523809523,1691.6604,0.009523809523809523,1728.6607,0.009523809523809523,1709.9674,0.009523809523809523,1691.3077,0.009523809523809523,1705.6862,0.009523809523809523,1748.5939
PigCVP,1,25332.2048,success,0.04817927170868347,2305.1874,0.05798319327731092,2304.2163,0.03865546218487395,2318.057,0.04817927170868347,2318.6326,0.05798319327731092,2389.451,0.03865546218487395,2290.599,0.04817927170868347,1745.9969,0.038375350140056025,1741.2844,0.038375350140056025,1789.0814,0.04817927170868347,1702.2025,0.038375350140056025,1705.64,0.038375350140056025,1758.9241
PigCVP,2,25376.7317,success,0.019047619047619046,2389.0844,0.03865546218487395,2341.1987,0.028851540616246497,2397.5757,0.019047619047619046,2334.7877,0.03865546218487395,2328.586,0.028851540616246497,2266.9275,0.028851540616246497,1827.2148,0.028851540616246497,1724.2731,0.02857142857142857,1738.9695,0.028851540616246497,1677.4082,0.028851540616246497,1692.3012,0.02857142857142857,1706.154
PigCVP,3,25118.282,success,0.02857142857142857,2325.2628,0.019047619047619046,2337.2427,0.019047619047619046,2298.0706,0.02857142857142857,2323.9826,0.019047619047619046,2300.2168,0.019047619047619046,2327.8715,0.02857142857142857,1704.9963,0.02857142857142857,1689.1352,0.019047619047619046,1721.3867,0.02857142857142857,1691.2307,0.02857142857142857,1698.1793,0.019047619047619046,1733.3705
PigCVP,4,25338.4249,success,0.019047619047619046,2353.3869,0.02857142857142857,2294.262,0.019047619047619046,2314.4518,0.019047619047619046,2355.0989,0.02857142857142857,2349.9223,0.019047619047619046,2345.1978,0.019047619047619046,1707.597,0.019047619047619046,1732.7524,0.019047619047619046,1718.0477,0.019047619047619046,1691.5262,0.019047619047619046,1724.1694,0.019047619047619046,1776.6394
Plane,0,1152.3198,success,0.9619047619047619,108.1056,0.9619047619047619,110.9167,0.9619047619047619,108.9836,0.9619047619047619,111.4081,0.9619047619047619,112.4284,0.9619047619047619,114.7691,0.9619047619047619,74.5394,0.9619047619047619,75.5043,0.9619047619047619,77.2586,0.9619047619047619,72.3342,0.9619047619047619,73.2083,0.9619047619047619,75.8346
Plane,1,1140.2983,success,1.0,114.6913,1.0,110.5417,1.0,110.5523,1.0,110.7677,1.0,107.8172,1.0,108.4874,1.0,71.4982,1.0,71.7815,1.0,72.0913,1.0,71.3282,1.0,75.8746,1.0,77.9715
Plane,2,1095.6247,success,0.9904761904761905,101.5676,0.9904761904761905,101.5193,0.9904761904761905,102.107,0.9904761904761905,101.4682,0.9904761904761905,101.4762,0.9904761904761905,102.1126,0.980952380952381,73.8232,0.9714285714285715,75.0021,0.9904761904761905,75.9185,0.980952380952381,74.5309,0.9714285714285715,73.7134,0.9904761904761905,75.2015
Plane,3,1172.4965,success,0.980952380952381,110.1218,1.0,116.1104,1.0,116.4298,0.980952380952381,115.7789,1.0,115.5023,1.0,116.3975,0.9904761904761905,77.7445,0.9904761904761905,74.2515,0.9904761904761905,74.9653,0.9904761904761905,72.4538,0.9904761904761905,72.7125,0.9904761904761905,74.018
Plane,4,1183.6517,success,0.9904761904761905,112.3363,0.980952380952381,109.0723,1.0,112.4409,0.9904761904761905,112.184,0.980952380952381,112.147,1.0,116.309,0.9904761904761905,77.9914,0.9904761904761905,78.2185,0.9904761904761905,78.7646,0.9904761904761905,77.8672,0.9904761904761905,78.954,0.9904761904761905,79.2185
PowerCons,0,1134.9659,success,1.0,112.53,1.0,113.4515,1.0,113.615,1.0,112.305,1.0,113.2024,1.0,107.6186,0.9944444444444445,71.3646,0.9944444444444445,72.1113,0.9944444444444445,72.2559,0.9944444444444445,71.0128,0.9944444444444445,70.646,0.9944444444444445,71.288
PowerCons,1,1085.982,success,0.9833333333333334,104.4938,0.9777777777777779,105.54,0.9777777777777779,104.7512,0.9833333333333334,103.3513,0.9777777777777779,106.8973,0.9777777777777779,103.825,0.9833333333333334,67.761,0.9833333333333334,70.6515,0.9833333333333334,74.0054,0.9833333333333334,70.4454,0.9833333333333334,70.3389,0.9833333333333334,70.4337
PowerCons,2,1097.6599,success,0.9833333333333334,109.8034,0.9833333333333334,110.9102,0.9833333333333334,108.982,0.9833333333333334,106.6353,0.9833333333333334,104.5927,0.9833333333333334,104.9173,0.9944444444444445,70.5276,0.9944444444444445,71.1913,0.9944444444444445,71.464,0.9944444444444445,70.6062,0.9944444444444445,71.0199,0.9944444444444445,71.5417
PowerCons,3,1124.6116,success,0.9944444444444445,105.9893,0.9944444444444445,104.9418,0.9944444444444445,105.8175,0.9944444444444445,109.5385,0.9944444444444445,115.3386,0.9944444444444445,109.1351,0.9944444444444445,72.9847,0.9944444444444445,73.6896,0.9888888888888889,76.4291,0.9944444444444445,72.4244,0.9944444444444445,71.7154,0.9888888888888889,72.14
PowerCons,4,1109.4954,success,1.0,108.6478,1.0,108.3151,1.0,111.809,1.0,106.3017,1.0,105.7224,1.0,106.0982,0.9888888888888889,71.7164,0.9944444444444445,72.0883,0.9944444444444445,71.7597,0.9888888888888889,70.6881,0.9944444444444445,71.1183,0.9944444444444445,71.3526
ProximalPhalanxOutlineCorrect,0,1500.7666,success,0.8783333333333333,126.711,0.875,126.2961,0.8716666666666667,130.132,0.8783333333333333,132.4905,0.875,132.705,0.8716666666666667,131.8977,0.8850000000000001,109.8023,0.8799999999999999,110.4849,0.8816666666666667,111.3371,0.8850000000000001,111.3523,0.8799999999999999,112.1137,0.8816666666666667,111.8796
ProximalPhalanxOutlineCorrect,1,1515.7533,success,0.8783333333333334,132.337,0.8733333333333334,131.2854,0.8783333333333334,131.9542,0.8783333333333334,128.4498,0.8733333333333334,129.8592,0.8783333333333334,132.6349,0.88,112.1222,0.8783333333333334,113.2965,0.8783333333333333,111.3115,0.88,111.4556,0.8783333333333334,113.6076,0.8783333333333333,113.5118
ProximalPhalanxOutlineCorrect,2,1503.2354,success,0.8700000000000001,130.0082,0.8683333333333333,129.8755,0.8666666666666666,129.2953,0.8700000000000001,128.2765,0.8683333333333333,128.9552,0.8666666666666666,130.0093,0.8716666666666667,110.7837,0.8816666666666667,113.1827,0.87,112.3152,0.8716666666666667,112.0954,0.8816666666666667,112.321,0.87,112.2652
ProximalPhalanxOutlineCorrect,3,1519.4965,success,0.8816666666666667,134.6391,0.8833333333333333,132.6772,0.8833333333333333,132.9161,0.8816666666666667,132.4843,0.8833333333333333,132.7355,0.8833333333333333,131.6701,0.8816666666666667,111.2331,0.8833333333333333,108.2127,0.8783333333333333,109.0249,0.8816666666666667,112.9378,0.8833333333333333,111.9217,0.8783333333333333,109.7676
ProximalPhalanxOutlineCorrect,4,1523.4824,success,0.8716666666666667,131.6335,0.8683333333333333,132.3767,0.8649999999999999,133.6703,0.8716666666666667,132.9151,0.8683333333333333,133.7332,0.8649999999999999,133.8764,0.8799999999999999,113.1323,0.875,113.1306,0.88,110.0318,0.8799999999999999,111.075,0.875,111.8723,0.88,111.9558
ProximalPhalanxOutlineAgeGroup,0,1050.6446,success,0.8323607526278383,98.9381,0.8248793625855684,98.6292,0.8249167695357799,96.6884,0.8323607526278383,92.9544,0.8248793625855684,91.2697,0.8249167695357799,91.4994,0.8249354730108854,73.5189,0.8223918003965136,73.4788,0.8323794561029438,73.768,0.8249354730108854,73.5322,0.8223918003965136,74.9723,0.8323794561029438,77.2307
ProximalPhalanxOutlineAgeGroup,1,1055.6059,success,0.8375790221823215,93.1549,0.8326038978042121,96.1008,0.8325851943291064,91.8172,0.8375790221823215,91.7079,0.8326038978042121,95.625,0.8325851943291064,96.4072,0.840066584371376,76.2468,0.8351288669434781,77.2905,0.8350914599932667,77.516,0.840066584371376,75.9648,0.8351288669434781,75.2799,0.8350914599932667,75.37
ProximalPhalanxOutlineAgeGroup,2,1067.0703,success,0.8399730669958477,95.5268,0.8375042082818988,95.8922,0.8375229117570044,96.1888,0.8399730669958477,95.59,0.8375042082818988,95.9924,0.8375229117570044,96.1729,0.8349979426177384,75.1579,0.8324916769535781,76.4678,0.8349979426177384,75.4995,0.8349979426177384,74.983,0.8324916769535781,75.5475,0.8349979426177384,75.5269
ProximalPhalanxOutlineAgeGroup,3,1065.5059,success,0.8500355366027007,92.6403,0.8525230987917555,94.3905,0.8475292709385404,97.1011,0.8500355366027007,96.5241,0.8525230987917555,96.0263,0.8475292709385404,95.0373,0.8475292709385404,75.3329,0.8475666778887518,75.9629,0.8500542400778065,77.0541,0.8475292709385404,76.4193,0.8475666778887518,74.1811,0.8500542400778065,75.993
ProximalPhalanxOutlineAgeGroup,4,1051.7585,success,0.839842142670108,97.121,0.8348296113417873,96.1744,0.8323046422025211,96.6701,0.839842142670108,95.6999,0.8348296113417873,91.7315,0.8323046422025211,94.7441,0.8423110013840572,75.627,0.834848314816893,76.8529,0.8298357834885722,75.0647,0.8423110013840572,72.4117,0.834848314816893,72.8352,0.8298357834885722,73.3594
ProximalPhalanxTW,0,1163.7216,success,0.840066584371376,102.2829,0.8425354430853252,103.2384,0.8450791156996971,103.3921,0.840066584371376,102.274,0.8425354430853252,103.2419,0.8450791156996971,103.2258,0.8400665843713763,82.1896,0.832547787378895,84.2472,0.8375603187072157,84.9723,0.8400665843713763,82.6394,0.832547787378895,84.0949,0.8375603187072157,84.4819
ProximalPhalanxTW,1,1135.5993,success,0.8500355366027007,100.3413,0.8475292709385404,102.5868,0.8550106609808102,101.7108,0.8500355366027007,100.1537,0.8475292709385404,101.3634,0.8550106609808102,101.4002,0.8475479744136459,80.2669,0.8500355366027007,81.9829,0.8550293644559158,82.3715,0.8475479744136459,81.5259,0.8500355366027007,82.0099,0.8550293644559158,82.4712
ProximalPhalanxTW,2,1162.3475,success,0.8199229416825645,104.3114,0.8174353794935098,104.8619,0.8249354730108854,106.3506,0.8199229416825645,102.8126,0.8174353794935098,103.8959,0.8249354730108854,104.2325,0.8249541764859911,81.9194,0.8224292073467251,83.1388,0.8199229416825645,84.3349,0.8249541764859911,80.735,0.8224292073467251,82.6759,0.8199229416825645,85.7182
ProximalPhalanxTW,3,1144.9121,success,0.835016646092844,100.8444,0.8325103804286836,101.8547,0.8400291774211649,102.0503,0.835016646092844,100.8065,0.8325103804286836,103.7361,0.8400291774211649,101.8837,0.8375229117570044,80.3166,0.8375042082818988,82.2048,0.8400104739460592,82.595,0.8375229117570044,80.4058,0.8375042082818988,82.3622,0.8400104739460592,82.7883
ProximalPhalanxTW,4,1145.3066,success,0.8274604421501515,101.3557,0.834960535667527,102.2819,0.8324542700033666,102.3802,0.8274604421501515,101.2925,0.834960535667527,102.3798,0.8324542700033666,104.2043,0.8374855048067932,80.9769,0.8324729734784723,82.7655,0.8249541764859911,83.4243,0.8374855048067932,81.048,0.8324729734784723,82.9642,0.8249541764859911,83.2538
RefrigerationDevices,0,11234.1906,success,0.616,983.641,0.6266666666666666,985.0331,0.6213333333333333,985.6779,0.616,999.1683,0.6266666666666666,985.5461,0.6213333333333333,984.9259,0.6266666666666666,810.3904,0.6106666666666667,813.3825,0.616,815.4027,0.6266666666666666,810.2652,0.6106666666666667,811.3025,0.616,816.8363
RefrigerationDevices,1,11179.2185,success,0.6133333333333333,999.7509,0.6106666666666666,988.1571,0.6213333333333333,977.9722,0.6133333333333333,981.4614,0.6106666666666666,993.7047,0.6213333333333333,991.3017,0.6133333333333333,810.8818,0.6293333333333333,810.5045,0.608,808.4157,0.6133333333333333,803.8625,0.6293333333333333,809.4845,0.608,820.9433
RefrigerationDevices,2,11174.692,success,0.6213333333333333,980.3003,0.64,976.6452,0.64,969.0271,0.6213333333333333,969.8896,0.64,981.9353,0.64,980.6367,0.632,810.9883,0.6133333333333333,804.2968,0.6106666666666666,849.2804,0.632,820.0804,0.6133333333333333,803.8175,0.6106666666666666,793.4834
RefrigerationDevices,3,11289.6518,success,0.624,984.3782,0.6000000000000001,994.7279,0.624,1019.3627,0.624,973.0935,0.6000000000000001,982.2256,0.624,1001.2777,0.624,811.5619,0.6106666666666668,817.4167,0.6080000000000001,822.3864,0.624,815.5619,0.6106666666666668,820.9584,0.6080000000000001,815.4205
RefrigerationDevices,4,11046.2521,success,0.6,972.8517,0.6,980.9908,0.6053333333333333,978.2123,0.6,976.4616,0.6,964.8164,0.6053333333333333,977.6889,0.608,787.6722,0.5973333333333333,800.5496,0.6106666666666666,806.4409,0.608,802.2488,0.5973333333333333,806.3645,0.6106666666666666,805.6347
Rock,0,19731.2241,success,0.8015873015873015,2251.5633,0.8015873015873015,1931.3123,0.753968253968254,1817.3006,0.8015873015873015,2138.6889,0.8015873015873015,1883.319,0.753968253968254,1761.5245,0.8015873015873015,1342.5062,0.8015873015873015,1202.7004,0.8015873015873015,1158.6889,0.8015873015873015,1355.6834,0.8015873015873015,1182.7065,0.8015873015873015,1090.4456
Rock,1,19241.4364,success,0.6111111111111112,2205.9028,0.6111111111111112,1938.4671,0.5634920634920635,1774.4063,0.6111111111111112,2186.5904,0.6111111111111112,1926.9334,0.5634920634920635,1662.8853,0.7142857142857143,1297.299,0.6666666666666666,1200.3807,0.7142857142857143,1094.7487,0.7142857142857143,1326.2531,0.6666666666666666,1173.4782,0.7142857142857143,1076.0374
Rock,2,20290.2449,success,0.8492063492063492,2266.4038,0.746031746031746,2004.0067,0.7857142857142857,1816.5427,0.8492063492063492,2363.3871,0.746031746031746,1955.6216,0.7857142857142857,1853.7292,0.8412698412698413,1361.8304,0.7936507936507936,1235.1206,0.8412698412698413,1112.0826,0.8412698412698413,1406.5001,0.7936507936507936,1203.8456,0.8412698412698413,1088.9013
Rock,3,19383.2064,success,0.6031746031746031,2232.5066,0.5555555555555555,1905.0411,0.5555555555555555,1747.9136,0.6031746031746031,2208.6701,0.5555555555555555,1927.6577,0.5555555555555555,1771.568,0.6031746031746031,1339.243,0.6507936507936507,1184.315,0.6507936507936507,1096.9581,0.6031746031746031,1325.135,0.6507936507936507,1187.5398,0.6507936507936507,1114.3347
Rock,4,19503.0554,success,0.7063492063492064,2205.6565,0.7063492063492064,1934.1611,0.753968253968254,1754.1874,0.7063492063492064,2233.7683,0.7063492063492064,1912.6675,0.753968253968254,1742.1794,0.7063492063492064,1319.3571,0.7063492063492064,1162.6454,0.7063492063492064,1064.0613,0.7063492063492064,1366.7411,0.7063492063492064,1180.6299,0.7063492063492064,1065.8032
ScreenType,0,10967.8088,success,0.4533333333333333,970.4969,0.4613333333333333,982.1193,0.4613333333333333,964.4412,0.4533333333333333,980.1397,0.4613333333333333,1013.7385,0.4613333333333333,1006.6607,0.4693333333333333,775.2496,0.4746666666666666,775.1936,0.4693333333333333,777.8103,0.4693333333333333,783.8842,0.4746666666666666,781.9996,0.4693333333333333,790.2283
ScreenType,1,10942.8791,success,0.4666666666666666,979.0309,0.48,972.6812,0.48266666666666663,971.4727,0.4666666666666666,988.8585,0.48,961.5329,0.48266666666666663,982.7431,0.49066666666666664,790.7276,0.4586666666666666,779.6212,0.48533333333333334,793.0509,0.49066666666666664,788.277,0.4586666666666666,778.521,0.48533333333333334,778.8345
ScreenType,2,11003.154,success,0.4533333333333333,1000.1418,0.4506666666666666,971.0504,0.4533333333333333,972.204,0.4533333333333333,986.6144,0.4506666666666666,992.9345,0.4533333333333333,997.9394,0.4453333333333333,792.3265,0.4613333333333333,772.3499,0.472,789.5089,0.4453333333333333,779.0648,0.4613333333333333,785.3732,0.472,785.8135
ScreenType,3,10845.8208,success,0.4506666666666666,952.68,0.4346666666666667,943.9151,0.4426666666666667,933.8611,0.4506666666666666,965.2788,0.4346666666666667,982.4765,0.4426666666666667,979.3322,0.4426666666666666,776.8067,0.4346666666666667,779.1828,0.45599999999999996,781.3686,0.4426666666666666,784.859,0.4346666666666667,801.1355,0.45599999999999996,791.6588
ScreenType,4,11003.0721,success,0.42133333333333334,971.0206,0.4026666666666667,981.4477,0.408,986.6296,0.42133333333333334,986.7505,0.4026666666666667,975.7853,0.408,991.3866,0.4186666666666667,779.5965,0.41333333333333333,777.562,0.39999999999999997,779.877,0.4186666666666667,776.1259,0.41333333333333333,784.1694,0.39999999999999997,774.7904
SemgHandGenderCh2,0,15541.947,success,0.9233333333333333,1445.301,0.93,1451.3273,0.92,1459.8055,0.9233333333333333,1439.1185,0.93,1431.8218,0.92,1429.4133,0.9266666666666666,1077.695,0.93,1061.7398,0.94,1077.5382,0.9266666666666666,1059.9028,0.93,1052.3945,0.94,1093.609
SemgHandGenderCh2,1,15560.1889,success,0.9266666666666667,1447.5709,0.9333333333333332,1469.2643,0.9400000000000001,1435.1365,0.9266666666666667,1472.3339,0.9333333333333332,1445.3484,0.9400000000000001,1438.6229,0.9533333333333335,1054.7183,0.94,1052.9822,0.9533333333333333,1054.6771,0.9533333333333335,1055.8927,0.94,1073.1337,0.9533333333333333,1104.749
SemgHandGenderCh2,2,15466.062,success,0.9166666666666666,1456.4926,0.93,1427.7299,0.91,1404.2288,0.9166666666666666,1412.4206,0.93,1425.337,0.91,1457.5957,0.9266666666666666,1060.9589,0.9366666666666665,1106.786,0.9266666666666667,1059.7003,0.9266666666666666,1018.5079,0.9366666666666665,1089.4304,0.9266666666666667,1084.0478
SemgHandGenderCh2,3,15576.7393,success,0.9233333333333333,1457.4783,0.9233333333333333,1454.4325,0.92,1452.5344,0.9233333333333333,1448.5859,0.9233333333333333,1431.8207,0.92,1444.3495,0.9366666666666665,1059.066,0.93,1069.1167,0.9400000000000001,1067.537,0.9366666666666665,1083.7434,0.93,1074.8817,0.9400000000000001,1072.7925
SemgHandGenderCh2,4,15533.8741,success,0.9266666666666667,1419.1205,0.9133333333333334,1485.4697,0.9199999999999999,1457.031,0.9266666666666667,1443.5487,0.9133333333333334,1437.6163,0.9199999999999999,1435.7682,0.9433333333333334,1096.9829,0.94,1029.7971,0.9466666666666667,1025.942,0.9433333333333334,1064.4117,0.94,1095.9655,0.9466666666666667,1083.2895
SemgHandMovementCh2,0,28116.0181,success,0.5822222222222222,2494.911,0.5933333333333334,2459.9966,0.5755555555555555,2418.9088,0.5822222222222222,2416.8259,0.5933333333333334,2486.7326,0.5755555555555555,2507.2059,0.5666666666666665,2044.3691,0.5911111111111111,2070.5995,0.5933333333333334,2037.0302,0.5666666666666665,2012.8397,0.5911111111111111,2023.2828,0.5933333333333334,2033.414
SemgHandMovementCh2,1,27957.4069,success,0.6022222222222222,2449.9618,0.5977777777777779,2443.7459,0.5844444444444444,2445.0334,0.6022222222222222,2429.2694,0.5977777777777779,2442.6129,0.5844444444444444,2466.6868,0.5977777777777779,2048.6373,0.6044444444444445,2083.8727,0.6177777777777779,2050.7937,0.5977777777777779,2032.3096,0.6044444444444445,2035.9439,0.6177777777777779,2032.2373
SemgHandMovementCh2,2,28071.3529,success,0.6133333333333334,2420.2994,0.6,2423.2794,0.6177777777777779,2436.5867,0.6133333333333334,2464.388,0.6,2448.03,0.6177777777777779,2515.0793,0.6022222222222222,2064.6367,0.6177777777777778,2053.944,0.6177777777777779,2049.4039,0.6022222222222222,2044.1224,0.6177777777777778,2010.6844,0.6177777777777779,2024.2454
SemgHandMovementCh2,3,28028.2314,success,0.6022222222222222,2451.2301,0.5888888888888889,2475.5598,0.5911111111111111,2459.8466,0.6022222222222222,2446.9852,0.5888888888888889,2432.7635,0.5911111111111111,2475.6791,0.6066666666666666,2053.7236,0.6222222222222222,2060.1777,0.611111111111111,2046.4665,0.6066666666666666,2030.2793,0.6222222222222222,2037.3192,0.611111111111111,2055.2461
SemgHandMovementCh2,4,28191.1493,success,0.6133333333333333,2482.6066,0.5933333333333333,2527.151,0.5911111111111111,2504.363,0.6133333333333333,2438.8878,0.5933333333333333,2453.4812,0.5911111111111111,2482.5851,0.6022222222222222,2017.2235,0.6088888888888889,2065.01,0.6266666666666666,2054.0716,0.6022222222222222,2061.8595,0.6088888888888889,2051.0684,0.6266666666666666,2053.2594
SemgHandSubjectCh2,0,26825.6176,success,0.8355555555555556,2338.5884,0.8333333333333334,2349.5781,0.8288888888888889,2349.9275,0.8355555555555556,2360.0452,0.8333333333333334,2380.1489,0.8288888888888889,2360.1836,0.8555555555555556,1955.6471,0.8488888888888889,2003.3456,0.8666666666666666,1966.8923,0.8555555555555556,1927.7582,0.8488888888888889,1950.5525,0.8666666666666666,1942.8825
SemgHandSubjectCh2,1,26627.4298,success,0.851111111111111,2306.0898,0.8533333333333334,2269.032,0.8577777777777778,2355.3199,0.851111111111111,2360.6227,0.8533333333333334,2359.2849,0.8577777777777778,2344.7977,0.8755555555555555,1947.765,0.8755555555555556,1922.0661,0.8533333333333334,1929.3335,0.8755555555555555,1931.2383,0.8755555555555556,1969.1878,0.8533333333333334,1993.5488
SemgHandSubjectCh2,2,26735.504,success,0.8355555555555556,2338.4805,0.8266666666666667,2359.1667,0.8444444444444444,2333.4746,0.8355555555555556,2323.4302,0.8266666666666667,2279.8813,0.8444444444444444,2318.2516,0.8555555555555556,1933.9468,0.8422222222222223,1971.6724,0.8555555555555556,1972.0782,0.8555555555555556,1946.6767,0.8422222222222223,1999.0276,0.8555555555555556,2011.0409
SemgHandSubjectCh2,3,26733.2031,success,0.8355555555555556,2318.7651,0.8422222222222221,2342.9383,0.8377777777777777,2340.5469,0.8355555555555556,2341.8641,0.8422222222222221,2369.9578,0.8377777777777777,2336.2289,0.8488888888888889,1943.4697,0.8533333333333334,1955.8332,0.8711111111111111,1967.8329,0.8488888888888889,1946.5886,0.8533333333333334,1958.1574,0.8711111111111111,1959.4363
SemgHandSubjectCh2,4,26581.0597,success,0.831111111111111,2310.5944,0.84,2312.5481,0.8444444444444444,2315.3233,0.831111111111111,2352.8001,0.84,2303.5192,0.8444444444444444,2284.3076,0.8533333333333334,1945.1243,0.86,1958.7237,0.86,1965.3339,0.8533333333333334,1947.5038,0.86,1964.3858,0.86,1974.2951
ShapeletSim,0,3511.1016,success,0.6984126984126983,415.9217,0.8095238095238094,326.8914,0.8015873015873015,321.8534,0.6984126984126983,410.5672,0.8095238095238094,324.0935,0.8015873015873015,324.2597,0.6587301587301587,248.8755,0.5555555555555555,196.5357,0.5952380952380952,199.9813,0.6587301587301587,248.6564,0.5555555555555555,196.72,0.5952380952380952,200.1175
ShapeletSim,1,3317.9468,success,0.6587301587301587,395.5046,0.7063492063492064,304.4457,0.6984126984126985,307.6098,0.6587301587301587,393.1876,0.7063492063492064,306.5799,0.6984126984126985,312.9426,0.5476190476190476,227.4205,0.5555555555555555,178.2202,0.5555555555555555,184.0232,0.5476190476190476,248.7443,0.5555555555555555,178.8711,0.5555555555555555,186.942
ShapeletSim,2,3337.1554,success,0.7063492063492064,406.3857,0.753968253968254,302.2536,0.753968253968254,303.1024,0.7063492063492064,390.4887,0.753968253968254,301.764,0.753968253968254,299.4031,0.5555555555555555,233.4246,0.6111111111111112,191.5227,0.7063492063492064,201.7386,0.5555555555555555,242.3113,0.6111111111111112,185.5732,0.7063492063492064,185.0233
ShapeletSim,3,3380.5395,success,0.753968253968254,421.0602,0.753968253968254,331.3962,0.7063492063492064,320.1442,0.753968253968254,390.451,0.753968253968254,304.2535,0.7063492063492064,305.4722,0.5396825396825397,232.7962,0.6507936507936507,177.2643,0.6507936507936507,178.3706,0.5396825396825397,234.4778,0.6507936507936507,187.1957,0.6507936507936507,188.6111
ShapeletSim,4,3347.7562,success,0.6111111111111112,402.589,0.5079365079365079,315.5383,0.5634920634920635,318.8238,0.6111111111111112,399.6002,0.5079365079365079,317.5929,0.5634920634920635,297.7371,0.5476190476190476,225.6371,0.5079365079365079,177.7848,0.5079365079365079,178.889,0.5476190476190476,239.1885,0.5079365079365079,188.2091,0.5079365079365079,189.4681
ShapesAll,0,31923.2185,success,0.7283333333333334,2694.7055,0.73,2699.9541,0.7333333333333334,2653.4296,0.7283333333333334,2665.9205,0.73,2666.1521,0.7333333333333334,2648.0478,0.735,2490.3241,0.7399999999999999,2510.4587,0.7316666666666666,2532.3758,0.735,2488.0843,0.7399999999999999,2529.5118,0.7316666666666666,2336.2771
ShapesAll,1,32194.9779,success,0.735,2651.5101,0.7383333333333333,2692.4785,0.7400000000000001,2693.5734,0.735,2717.3778,0.7383333333333333,2648.5192,0.7400000000000001,2673.3401,0.7450000000000001,2486.0026,0.7433333333333333,2510.4068,0.7399999999999999,2508.1607,0.7450000000000001,2558.1525,0.7433333333333333,2507.9556,0.7399999999999999,2480.8194
ShapesAll,2,32444.5185,success,0.7266666666666667,2684.1966,0.7266666666666666,2696.8256,0.7166666666666667,2678.6097,0.7266666666666667,2684.2122,0.7266666666666666,2667.4207,0.7166666666666667,2674.3258,0.7166666666666667,2521.9553,0.7316666666666666,2545.7917,0.7133333333333333,2561.2266,0.7166666666666667,2514.4608,0.7316666666666666,2536.4927,0.7133333333333333,2477.4144
ShapesAll,3,32555.1499,success,0.7433333333333333,2693.1133,0.7466666666666667,2693.1651,0.7399999999999999,2700.698,0.7433333333333333,2714.9772,0.7466666666666667,2683.8348,0.7399999999999999,2657.0623,0.7483333333333334,2545.0647,0.75,2506.8157,0.75,2527.1563,0.7483333333333334,2542.997,0.75,2568.511,0.75,2600.2172
ShapesAll,4,32554.7693,success,0.73,2674.1931,0.7266666666666666,2712.9203,0.73,2705.9802,0.73,2683.9339,0.7266666666666666,2665.2303,0.73,2664.1249,0.7383333333333333,2512.4236,0.7266666666666667,2550.0222,0.7283333333333334,2562.0198,0.7383333333333333,2536.2824,0.7266666666666667,2524.3635,0.7283333333333334,2557.3875
SmallKitchenAppliances,0,10627.9571,success,0.6853333333333333,937.8104,0.6613333333333333,964.1494,0.648,954.3254,0.6853333333333333,953.693,0.6613333333333333,966.9109,0.648,969.3161,0.6933333333333334,740.3778,0.6880000000000001,753.2465,0.6773333333333333,768.9618,0.6933333333333334,741.4571,0.6880000000000001,765.7027,0.6773333333333333,759.332
SmallKitchenAppliances,1,10698.374,success,0.6666666666666666,939.7757,0.664,979.4452,0.6666666666666666,961.4953,0.6666666666666666,944.9803,0.664,977.1401,0.6666666666666666,985.6979,0.672,742.7057,0.672,764.2788,0.6746666666666666,773.2649,0.672,737.2613,0.672,757.1918,0.6746666666666666,764.3169
SmallKitchenAppliances,2,10671.0418,success,0.6346666666666666,935.8505,0.6293333333333333,978.0106,0.6373333333333333,1006.6463,0.6346666666666666,958.7985,0.6293333333333333,970.9924,0.6373333333333333,989.9929,0.6586666666666666,726.4156,0.656,764.5558,0.6533333333333333,754.5094,0.6586666666666666,724.328,0.656,740.9677,0.6533333333333333,768.4726
SmallKitchenAppliances,3,10674.1284,success,0.68,938.3848,0.6666666666666666,981.7276,0.664,968.1764,0.68,948.4988,0.6666666666666666,957.8458,0.664,976.7623,0.6986666666666667,736.1347,0.6906666666666667,765.0878,0.6746666666666666,780.0385,0.6986666666666667,728.6534,0.6906666666666667,764.4241,0.6746666666666666,768.2309
SmallKitchenAppliances,4,10658.2124,success,0.6666666666666666,965.8661,0.6613333333333333,999.6426,0.6613333333333333,1006.7455,0.6666666666666666,910.878,0.6613333333333333,947.4299,0.6613333333333333,954.2997,0.6853333333333333,762.9,0.6853333333333333,772.1516,0.6906666666666667,766.2461,0.6853333333333333,718.7251,0.6853333333333333,736.8943,0.6906666666666667,749.8009
SmoothSubspace,0,192.1117,success,0.98,16.2246,0.9866666666666667,16.3424,0.9866666666666667,16.4158,0.98,17.5148,0.9866666666666667,17.1001,0.9866666666666667,17.6697,0.98,14.7934,0.98,14.6624,0.98,14.7237,0.98,14.1672,0.98,14.0463,0.98,13.1416
SmoothSubspace,1,186.4655,success,0.9933333333333333,15.3603,0.9933333333333333,16.3964,0.9933333333333333,16.3489,0.9933333333333333,16.186,0.9933333333333333,17.0534,0.9933333333333333,16.5482,0.9933333333333333,13.423,0.9933333333333333,14.2397,0.9933333333333333,13.6064,0.9933333333333333,14.703,0.9933333333333333,13.5638,0.9933333333333333,13.6113
SmoothSubspace,2,182.3686,success,0.9866666666666667,15.7593,0.9866666666666667,15.9122,0.9866666666666667,16.0012,0.9866666666666667,15.7556,0.9866666666666667,16.3035,0.9866666666666667,15.9945,0.9866666666666667,13.5155,0.9866666666666667,13.5787,0.9866666666666667,13.53,0.9866666666666667,13.5828,0.9866666666666667,13.5048,0.9866666666666667,13.5372
SmoothSubspace,3,178.0827,success,0.98,14.9503,0.98,15.088,0.9733333333333333,15.1253,0.98,14.9558,0.98,17.1801,0.9733333333333333,15.8521,0.9733333333333333,13.2965,0.9733333333333333,13.2279,0.9733333333333333,13.2675,0.9733333333333333,13.2378,0.9733333333333333,13.2359,0.9733333333333333,13.277
SmoothSubspace,4,195.0676,success,0.9866666666666667,16.2173,0.9933333333333333,16.3577,0.9866666666666667,16.8861,0.9866666666666667,17.2549,0.9933333333333333,17.5965,0.9866666666666667,18.4036,0.9933333333333333,14.5828,0.9933333333333333,14.5129,0.9933333333333333,14.5288,0.9933333333333333,14.4796,0.9933333333333333,14.5656,0.9933333333333333,13.9398
SonyAIBORobotSurface1,0,511.8676,success,0.7936507936507936,54.4756,0.746031746031746,48.1237,0.746031746031746,48.0894,0.7936507936507936,54.1387,0.746031746031746,51.7382,0.746031746031746,51.6431,0.8412698412698413,34.5608,0.8412698412698413,31.3181,0.8412698412698413,30.9601,0.8412698412698413,33.9256,0.8412698412698413,30.8322,0.8412698412698413,31.0869
SonyAIBORobotSurface1,1,501.7109,success,0.746031746031746,53.3758,0.746031746031746,47.5469,0.746031746031746,47.4814,0.746031746031746,53.3885,0.746031746031746,47.3723,0.746031746031746,47.6173,0.746031746031746,33.9468,0.746031746031746,30.5704,0.7936507936507936,30.7042,0.746031746031746,33.8904,0.746031746031746,30.6029,0.7936507936507936,33.9206
SonyAIBORobotSurface1,2,508.23,success,0.746031746031746,53.8301,0.746031746031746,48.0501,0.746031746031746,48.025,0.746031746031746,53.7723,0.746031746031746,47.8894,0.746031746031746,47.825,0.746031746031746,34.2463,0.746031746031746,30.8695,0.746031746031746,31.0184,0.746031746031746,34.239,0.746031746031746,30.8349,0.746031746031746,31.0177
SonyAIBORobotSurface1,3,505.7119,success,0.8015873015873015,53.424,0.8015873015873015,47.7075,0.8015873015873015,47.6732,0.8015873015873015,53.4967,0.8015873015873015,47.8193,0.8015873015873015,47.8086,0.753968253968254,34.0621,0.8015873015873015,30.7068,0.753968253968254,30.8167,0.753968253968254,34.0877,0.8015873015873015,30.7527,0.753968253968254,30.8481
SonyAIBORobotSurface1,4,521.3866,success,0.8015873015873015,54.6783,0.8015873015873015,49.6763,0.8015873015873015,48.726,0.8015873015873015,54.4912,0.8015873015873015,48.7501,0.8015873015873015,48.6945,0.8015873015873015,34.9641,0.8015873015873015,31.4773,0.8015873015873015,32.7258,0.8015873015873015,34.958,0.8015873015873015,31.4009,0.8015873015873015,33.2007
SonyAIBORobotSurface2,0,469.7708,success,0.9259259259259259,48.4233,0.9259259259259259,45.0837,0.9259259259259259,45.3122,0.9259259259259259,50.8484,0.9259259259259259,48.4868,0.9259259259259259,46.6604,0.9259259259259259,29.8129,0.9259259259259259,27.9738,0.9259259259259259,28.0508,0.9259259259259259,29.9371,0.9259259259259259,27.9836,0.9259259259259259,28.1238
SonyAIBORobotSurface2,1,468.5278,success,0.8518518518518517,47.2117,0.8518518518518517,43.6746,0.8518518518518517,42.5003,0.8518518518518517,45.8804,0.8518518518518517,44.4611,0.8518518518518517,48.2962,0.9259259259259259,33.7152,0.8888888888888888,31.5387,0.8518518518518517,31.6622,0.9259259259259259,32.6834,0.8888888888888888,28.7654,0.8518518518518517,28.9261
SonyAIBORobotSurface2,2,491.8634,success,0.8888888888888888,51.4471,0.9259259259259259,47.2095,0.8518518518518517,47.0981,0.8888888888888888,50.6162,0.9259259259259259,47.0038,0.8518518518518517,46.9776,0.9259259259259259,32.9263,0.9259259259259259,30.833,0.9259259259259259,30.7801,0.9259259259259259,32.5856,0.9259259259259259,30.2324,0.9259259259259259,30.1982
SonyAIBORobotSurface2,3,471.2768,success,0.9259259259259259,48.914,0.8888888888888888,44.7822,0.8888888888888888,44.8057,0.9259259259259259,48.2644,0.8888888888888888,44.8764,0.8888888888888888,44.8553,0.9259259259259259,31.4162,0.9259259259259259,29.5686,0.8518518518518517,29.6259,0.9259259259259259,31.4092,0.9259259259259259,29.3867,0.8518518518518517,29.6716
SonyAIBORobotSurface2,4,491.8991,success,0.8888888888888888,50.4595,0.8888888888888888,46.1778,0.8888888888888888,45.5024,0.8888888888888888,48.9027,0.8888888888888888,49.2763,0.8888888888888888,49.2913,0.8888888888888888,33.3123,0.8888888888888888,30.5175,0.8888888888888888,30.6389,0.8888888888888888,32.6367,0.8888888888888888,30.3966,0.8888888888888888,30.6252
Strawberry,0,3360.5327,success,0.9739120038259207,296.6322,0.9755459907540253,304.6038,0.9755459907540253,303.8983,0.9739120038259207,302.8756,0.9755459907540253,310.686,0.9755459907540253,300.7923,0.9755459907540253,235.2349,0.9739120038259207,235.729,0.9739120038259207,236.2915,0.9755459907540253,230.8178,0.9739120038259207,236.933,0.9739120038259207,240.2484
Strawberry,1,3299.4302,success,0.9738960624900367,295.5556,0.9722700462298741,297.5652,0.9739040331579787,298.7424,0.9738960624900367,294.3633,0.9722700462298741,300.5963,0.9739040331579787,295.9535,0.9738960624900367,234.3043,0.9755220787501994,234.4336,0.9738960624900367,234.2805,0.9738960624900367,234.4291,0.9755220787501994,234.8749,0.9738960624900367,237.139
Strawberry,2,3356.7885,success,0.9706599713055954,296.1797,0.972285987565758,297.9996,0.9706599713055954,299.555,0.9706599713055954,296.7532,0.972285987565758,306.4109,0.9706599713055954,309.354,0.9706520006376534,240.0505,0.972285987565758,241.0872,0.9690259843774909,241.3634,0.9706520006376534,233.1267,0.972285987565758,234.2468,0.9690259843774909,235.018
Strawberry,3,3331.7475,success,0.9706201179658857,295.8164,0.9689861310377811,301.1094,0.9706201179658857,302.2579,0.9706201179658857,297.2818,0.9689861310377811,306.282,0.9706201179658857,305.6763,0.9738801211541528,236.3635,0.9755061374143154,234.7159,0.9738721504862108,240.2703,0.9738801211541528,234.7128,0.9755061374143154,234.7094,0.9738721504862108,236.2181
Strawberry,4,3306.8872,success,0.9755380200860833,298.1394,0.9755380200860833,291.8997,0.9771640363462458,299.3445,0.9755380200860833,296.1809,0.9755380200860833,292.05,0.9771640363462458,295.8099,0.9722780168978161,232.049,0.9739120038259207,230.5466,0.9722780168978161,233.8245,0.9722780168978161,231.8109,0.9739120038259207,239.8907,0.9722780168978161,235.3862
SwedishLeaf,0,3290.9562,success,0.8820311184859198,281.7148,0.8800351105018879,284.2983,0.8840271264699516,280.8292,0.8820311184859198,278.1348,0.8800351105018879,282.8331,0.8840271264699516,278.4365,0.8760190462448597,244.7448,0.8860231344539836,247.4346,0.8940432388235577,246.6494,0.8760190462448597,245.2277,0.8860231344539836,245.6523,0.8940432388235577,251.3606
SwedishLeaf,1,3283.5837,success,0.8459226126061132,282.142,0.853918668686723,286.5419,0.8579347329437511,290.6553,0.8459226126061132,281.211,0.853918668686723,273.0822,0.8579347329437511,279.046,0.8619868696342255,245.5132,0.8639588293292931,245.7717,0.8539667652646514,246.9267,0.8619868696342255,246.2495,0.8639588293292931,244.8059,0.8539667652646514,242.5068
SwedishLeaf,2,3314.0851,success,0.8679989418752857,283.4314,0.8659788856022894,280.1216,0.8579828295216796,279.4526,0.8679989418752857,279.644,0.8659788856022894,283.7802,0.8579828295216796,288.6294,0.8720150061323136,251.5528,0.8699949498593176,253.7871,0.8739749416828992,252.4578,0.8720150061323136,247.4628,0.8699949498593176,247.6901,0.8739749416828992,245.1404
SwedishLeaf,3,3311.6737,success,0.8779188610730347,281.2204,0.8659187648798788,283.5885,0.875934877233485,282.3203,0.8779188610730347,284.8092,0.8659187648798788,273.7943,0.875934877233485,283.347,0.871930837120939,251.9723,0.8779308852175168,252.8038,0.8739268451049709,245.6523,0.871930837120939,248.3246,0.8779308852175168,254.7111,0.8739268451049709,247.5632
SwedishLeaf,4,3267.3303,success,0.8819349253300627,279.4044,0.8799268932015488,278.8514,0.8779308852175168,280.4927,0.8819349253300627,278.2765,0.8799268932015488,280.2021,0.8779308852175168,279.4233,0.8859509895870908,245.317,0.8859509895870908,246.9202,0.8879469975711228,247.4671,0.8859509895870908,245.0455,0.8859509895870908,243.513,0.8879469975711228,242.5856
Symbols,0,2941.2243,success,0.8796296296296297,312.6342,0.8796296296296297,280.6568,0.8796296296296297,283.5482,0.8796296296296297,320.423,0.8796296296296297,281.645,0.8796296296296297,281.3118,0.8796296296296297,191.4766,0.8796296296296297,178.583,0.8796296296296297,176.4558,0.8796296296296297,193.4562,0.8796296296296297,176.9991,0.8796296296296297,173.9719
Symbols,1,2842.1056,success,0.8842592592592592,307.8134,0.8842592592592592,257.1568,0.8842592592592592,277.1784,0.8842592592592592,310.1221,0.8842592592592592,275.0267,0.8842592592592592,257.1201,0.8842592592592592,178.2767,0.8842592592592592,178.9872,0.8842592592592592,174.1593,0.8842592592592592,190.3076,0.8842592592592592,174.6748,0.8842592592592592,170.3903
Symbols,2,2938.8656,success,0.875,307.9336,0.875,279.5125,0.875,274.6825,0.875,310.063,0.875,279.4734,0.875,274.8835,0.875,190.2449,0.875,178.2002,0.875,182.4365,0.875,203.3311,0.875,182.6601,0.875,181.9118
Symbols,3,2888.9549,success,0.875,300.1897,0.875,269.1707,0.875,267.3019,0.875,307.1775,0.875,273.1079,0.875,270.1155,0.875,187.6101,0.875,175.7569,0.875,181.4776,0.875,201.9298,0.875,181.5394,0.875,180.7844
Symbols,4,2936.7219,success,0.8796296296296297,315.702,0.8379629629629629,279.8701,0.8796296296296297,279.8451,0.8796296296296297,308.6845,0.8379629629629629,279.6334,0.8796296296296297,277.604,0.8379629629629629,193.9958,0.8379629629629629,181.2928,0.8379629629629629,180.7928,0.8379629629629629,186.3232,0.8379629629629629,176.956,0.8379629629629629,181.9835
SyntheticControl,0,786.1167,success,0.9633333333333333,69.7261,0.9633333333333333,69.996,0.9666666666666667,70.0876,0.9633333333333333,69.8467,0.9633333333333333,70.0724,0.9666666666666667,70.0161,0.9666666666666667,56.5695,0.98,56.8062,0.9766666666666666,58.0535,0.9666666666666667,56.7921,0.98,56.6676,0.9766666666666666,56.6532
SyntheticControl,1,829.9944,success,0.9533333333333333,70.103,0.9633333333333333,72.5203,0.9666666666666667,74.8583,0.9533333333333333,74.5183,0.9633333333333333,74.9182,0.9666666666666667,74.9342,0.96,59.4659,0.9666666666666667,59.6555,0.9666666666666667,59.7939,0.96,59.6034,0.9666666666666667,59.7807,0.9666666666666667,59.7666
SyntheticControl,2,791.6061,success,0.9633333333333333,73.5561,0.9633333333333333,68.7736,0.9666666666666667,69.0223,0.9633333333333333,68.6809,0.9633333333333333,69.0453,0.9666666666666667,70.9901,0.9633333333333333,57.4522,0.9733333333333333,57.5477,0.9666666666666667,58.9473,0.9633333333333333,57.3974,0.9733333333333333,57.5899,0.9666666666666667,57.5627
SyntheticControl,3,816.8553,success,0.9633333333333333,72.0995,0.9633333333333333,73.1315,0.9666666666666667,72.1878,0.9633333333333333,71.1718,0.9633333333333333,72.5123,0.9666666666666667,74.1161,0.9633333333333333,58.6568,0.9633333333333333,58.6004,0.9566666666666667,58.6486,0.9633333333333333,58.82,0.9633333333333333,60.4199,0.9566666666666667,57.6861
SyntheticControl,4,826.342,success,0.9733333333333333,75.048,0.9700000000000001,74.2285,0.9700000000000001,72.4143,0.9733333333333333,70.8391,0.9700000000000001,73.8805,0.9700000000000001,72.4394,0.9666666666666667,58.025,0.9633333333333333,58.5041,0.9700000000000001,59.4925,0.9666666666666667,60.2689,0.9633333333333333,60.4732,0.9700000000000001,60.7095
ToeSegmentation1,0,1813.3503,success,0.37545787545787546,179.5524,0.3772893772893773,181.4904,0.4267399267399267,181.3318,0.37545787545787546,177.9234,0.3772893772893773,180.6683,0.4267399267399267,183.3916,0.4249084249084249,113.0466,0.45054945054945056,111.1043,0.4249084249084249,111.5333,0.4249084249084249,124.4274,0.45054945054945056,117.4025,0.4249084249084249,113.5223
ToeSegmentation1,1,1845.5369,success,0.49633699633699635,186.6486,0.4450549450549451,190.9499,0.521978021978022,186.4454,0.49633699633699635,184.6825,0.4450549450549451,170.4313,0.521978021978022,171.0332,0.49633699633699635,114.4649,0.521978021978022,114.0596,0.49633699633699635,112.6742,0.49633699633699635,113.6957,0.521978021978022,120.116,0.49633699633699635,120.8611
ToeSegmentation1,2,1848.3879,success,0.4249084249084249,190.5884,0.49633699633699635,190.138,0.47252747252747246,185.941,0.4249084249084249,189.856,0.49633699633699635,190.791,0.47252747252747246,191.1986,0.5,118.172,0.5,111.5889,0.5,110.9475,0.5,109.205,0.5,112.292,0.5,111.6366
ToeSegmentation1,3,1815.4221,success,0.575091575091575,178.7402,0.575091575091575,182.5288,0.575091575091575,190.4567,0.575091575091575,190.0041,0.575091575091575,186.9019,0.575091575091575,180.3101,0.5476190476190477,111.1592,0.5732600732600733,116.8755,0.5989010989010989,109.3723,0.5476190476190477,107.0798,0.5732600732600733,110.9681,0.5989010989010989,114.3539
ToeSegmentation1,4,1853.5876,success,0.42124542124542125,186.8667,0.4468864468864469,189.7379,0.4468864468864469,190.0277,0.42124542124542125,189.6037,0.4468864468864469,189.6412,0.4468864468864469,190.398,0.4468864468864469,117.3504,0.42124542124542125,118.5843,0.47252747252747246,111.9161,0.4468864468864469,109.6659,0.42124542124542125,111.2921,0.47252747252747246,111.6166
ToeSegmentation2,0,2242.6802,success,0.6388888888888888,224.8758,0.6111111111111112,234.1908,0.638888888888889,222.3774,0.6388888888888888,216.6415,0.6111111111111112,223.9639,0.638888888888889,219.3708,0.5833333333333334,140.0003,0.5833333333333334,146.3495,0.6111111111111112,146.7974,0.5833333333333334,136.6228,0.5833333333333334,133.3222,0.6111111111111112,132.152
ToeSegmentation2,1,2215.9351,success,0.5833333333333334,230.8289,0.5555555555555555,232.411,0.5555555555555555,231.8657,0.5833333333333334,231.2651,0.5555555555555555,231.8922,0.5555555555555555,228.2891,0.47222222222222215,126.0249,0.5,127.9572,0.5277777777777778,128.1967,0.47222222222222215,125.7927,0.5,127.8784,0.5277777777777778,128.1738
ToeSegmentation2,2,2194.0704,success,0.5555555555555556,217.0802,0.5555555555555556,228.2933,0.5555555555555556,219.6102,0.5555555555555556,214.5804,0.5555555555555556,216.8272,0.5555555555555556,226.3978,0.5555555555555556,136.6603,0.5555555555555556,133.165,0.5,133.9088,0.5555555555555556,132.1919,0.5555555555555556,133.8368,0.5,133.4693
ToeSegmentation2,3,2269.2064,success,0.6388888888888888,224.218,0.5833333333333334,221.3133,0.47222222222222227,216.9217,0.6388888888888888,215.9483,0.5833333333333334,227.8655,0.47222222222222227,233.9449,0.5277777777777778,135.6736,0.4166666666666667,147.138,0.47222222222222227,146.7065,0.5277777777777778,144.3339,0.4166666666666667,145.9451,0.47222222222222227,142.938
ToeSegmentation2,4,2232.0228,success,0.6111111111111112,218.7932,0.5833333333333334,214.953,0.5833333333333334,213.9229,0.6111111111111112,218.8547,0.5833333333333334,219.9701,0.5833333333333334,241.0939,0.5833333333333334,136.446,0.5555555555555555,147.5663,0.5,144.2349,0.5833333333333334,135.0449,0.5555555555555555,138.2972,0.5,136.3942
Trace,0,2032.0501,success,0.8701723113487819,199.4951,0.8701723113487819,201.8722,0.8701723113487819,203.9249,0.8701723113487819,200.6338,0.8701723113487819,197.8024,0.8701723113487819,199.6425,0.8701723113487819,128.7105,0.8701723113487819,131.3175,0.880273321449792,131.3458,0.8701723113487819,128.5826,0.8701723113487819,130.6108,0.880273321449792,131.7913
Trace,1,2099.9422,success,0.9402852049910874,208.8339,0.9301841948900772,209.7678,0.9301841948900772,209.549,0.9402852049910874,208.7243,0.9301841948900772,200.8811,0.9301841948900772,199.1326,0.9402852049910874,124.3229,0.9402852049910874,124.8871,0.9301841948900772,130.3325,0.9402852049910874,137.0957,0.9402852049910874,138.7519,0.9301841948900772,139.2863
Trace,2,2103.1798,success,0.9595959595959597,207.9458,0.9595959595959597,209.3679,0.9595959595959597,211.5031,0.9595959595959597,208.3578,0.9595959595959597,210.1549,0.9595959595959597,209.7252,0.9595959595959597,128.5518,0.9595959595959597,130.5808,0.9595959595959597,131.3483,0.9595959595959597,128.4981,0.9595959595959597,132.2989,0.9595959595959597,130.5126
Trace,3,2038.1674,success,0.9099821746880571,205.3575,0.9099821746880571,206.3229,0.9099821746880571,203.1746,0.9099821746880571,204.9832,0.9099821746880571,202.9263,0.9099821746880571,202.3246,0.9099821746880571,128.1348,0.9301841948900772,130.9927,0.9099821746880571,127.9317,0.9099821746880571,125.5968,0.9301841948900772,127.604,0.9099821746880571,127.9938
Trace,4,1994.7538,success,0.9203802733214498,203.2401,0.9203802733214498,202.1946,0.93048128342246,206.3644,0.9203802733214498,192.875,0.9203802733214498,191.3597,0.93048128342246,193.661,0.9102792632204397,123.332,0.94058229352347,126.8723,0.9503862150920974,128.7097,0.9102792632204397,125.0773,0.94058229352347,126.6416,0.9503862150920974,128.9876
TwoLeadECG,0,595.2035,success,0.7321428571428571,61.2199,0.7738095238095237,56.4657,0.7738095238095237,56.7271,0.7321428571428571,61.1593,0.7738095238095237,57.0199,0.7738095238095237,58.7756,0.6904761904761904,41.5141,0.7321428571428571,38.7164,0.8154761904761904,38.3891,0.6904761904761904,39.6608,0.7321428571428571,36.8318,0.8154761904761904,37.0197
TwoLeadECG,1,611.2191,success,0.8095238095238094,65.8701,0.8095238095238094,61.1265,0.8571428571428571,61.3521,0.8095238095238094,66.2358,0.8095238095238094,61.3019,0.8571428571428571,61.2808,0.8095238095238094,41.9663,0.8571428571428571,38.567,0.9047619047619048,35.0208,0.8095238095238094,37.3946,0.8571428571428571,34.8428,0.9047619047619048,34.9975
TwoLeadECG,2,599.0471,success,0.8214285714285715,60.2124,0.8630952380952381,55.796,0.9047619047619048,56.0728,0.8214285714285715,60.3009,0.8630952380952381,58.5293,0.9047619047619048,59.4216,0.9047619047619048,40.495,0.9047619047619048,37.7518,0.9047619047619048,37.9134,0.9047619047619048,40.532,0.9047619047619048,37.6794,0.9047619047619048,37.4145
TwoLeadECG,3,611.2369,success,0.8630952380952381,65.0513,0.9047619047619048,60.1325,0.9047619047619048,60.2972,0.8630952380952381,65.0118,0.9047619047619048,58.5999,0.9047619047619048,54.9317,0.9047619047619048,38.1554,0.9047619047619048,35.7043,0.9047619047619048,38.2647,0.9047619047619048,41.0133,0.9047619047619048,37.9719,0.9047619047619048,38.0461
TwoLeadECG,4,586.4158,success,0.8154761904761904,60.7213,0.8630952380952381,56.1018,0.9107142857142857,56.2422,0.8154761904761904,60.6065,0.8630952380952381,56.2975,0.9107142857142857,58.8784,0.8154761904761904,38.4325,0.8630952380952381,35.9278,0.9107142857142857,35.9691,0.8154761904761904,38.4228,0.8630952380952381,35.8099,0.9107142857142857,35.9311
TwoPatterns,0,5063.1488,success,0.8659857462252672,426.0362,0.8609927292562022,433.5548,0.8619967272661883,419.9663,0.8659857462252672,429.8771,0.8609927292562022,421.2412,0.8619967272661883,420.5712,0.8679847512182842,383.732,0.8669867472262682,390.1062,0.871979764195333,385.4209,0.8679847512182842,387.4939,0.8669867472262682,383.7078,0.871979764195333,384.3901
TwoPatterns,1,5083.253,success,0.909007810205415,426.5823,0.9010327692962424,431.5791,0.914015812219405,428.8906,0.909007810205415,423.6278,0.9010327692962424,424.4153,0.914015812219405,425.1871,0.9080307852762942,389.2365,0.9200278122433811,394.7918,0.9170278062493632,384.7407,0.9080307852762942,384.4377,0.9200278122433811,386.9432,0.9170278062493632,384.5825
TwoPatterns,2,5088.1457,success,0.893989798181415,425.0559,0.8959977942013869,425.6221,0.8889937842033651,425.3821,0.893989798181415,428.0476,0.8959977942013869,437.9255,0.8889937842033651,424.874,0.883991776207345,384.023,0.8939927951904,385.6315,0.89398680117243,384.9826,0.883991776207345,387.5389,0.8939927951904,385.1382,0.89398680117243,383.6598
TwoPatterns,3,5066.1417,success,0.8910137682592771,435.2507,0.8790017562472653,432.991,0.8800117482752213,423.0947,0.8910137682592771,423.6686,0.8790017562472653,421.2063,0.8800117482752213,423.5897,0.8880407353461245,387.057,0.8830267393141645,383.4569,0.8940107772443101,383.64,0.8880407353461245,384.1404,0.8830267393141645,381.7117,0.8940107772443101,386.63
TwoPatterns,4,5024.3519,success,0.8759777741813671,422.9843,0.8699837562113011,422.1458,0.882978787170404,419.1455,0.8759777741813671,418.7289,0.8699837562113011,419.2374,0.882978787170404,419.2376,0.8809887732043421,384.0963,0.8849747951544358,382.8282,0.8919818021614428,383.147,0.8809887732043421,383.4735,0.8849747951544358,391.066,0.8919818021614428,381.7649
UMD,0,1039.5686,success,0.9444444444444443,106.5305,0.9444444444444443,105.6864,0.9722222222222222,103.0325,0.9444444444444443,101.2402,0.9444444444444443,101.03,0.9722222222222222,101.3124,0.9166666666666666,64.1689,0.9166666666666666,64.8906,0.9444444444444443,65.1212,0.9166666666666666,64.0145,0.9166666666666666,66.8453,0.9444444444444443,64.705
UMD,1,998.4292,success,0.8888888888888888,98.1554,0.8888888888888888,98.5956,0.9166666666666666,99.9071,0.8888888888888888,98.4514,0.8888888888888888,98.9605,0.9166666666666666,99.7967,0.8333333333333334,62.5231,0.8333333333333334,63.2851,0.9166666666666666,64.8417,0.8333333333333334,61.4976,0.8333333333333334,61.3223,0.9166666666666666,61.5038
UMD,2,979.111,success,0.75,97.1165,0.8055555555555555,96.8719,0.8055555555555555,98.4875,0.75,97.2246,0.8055555555555555,101.6591,0.8055555555555555,95.5894,0.6944444444444445,60.8761,0.7777777777777777,61.7575,0.8333333333333334,62.3052,0.6944444444444445,60.6562,0.7777777777777777,62.6246,0.8333333333333334,63.3843
UMD,3,1004.0816,success,0.8333333333333334,104.7862,0.888888888888889,105.3995,0.888888888888889,103.7207,0.8333333333333334,97.0998,0.888888888888889,97.4463,0.888888888888889,97.7309,0.8611111111111112,60.6484,0.8611111111111112,61.4522,0.888888888888889,62.5373,0.8611111111111112,61.6351,0.8611111111111112,60.502,0.888888888888889,61.3378
UMD,4,995.1266,success,0.8333333333333334,101.3173,0.8888888888888888,105.4558,0.8333333333333334,101.2744,0.8333333333333334,99.7507,0.8888888888888888,95.7652,0.8333333333333334,93.3465,0.8333333333333334,59.8098,0.8333333333333334,61.9167,0.8888888888888888,61.9461,0.8333333333333334,60.9722,0.8333333333333334,61.7617,0.8888888888888888,62.0047
UWaveGestureLibraryAll,0,27998.5334,success,0.9441950423858799,2510.6111,0.9453061285567852,2522.049,0.9419653879823123,2526.2055,0.9441950423858799,2529.0879,0.9453061285567852,2558.6954,0.9419653879823123,2547.3679,0.9441950423858799,2288.0668,0.9397282515169881,2279.7638,0.9397282515169881,2219.5972,0.9441950423858799,1861.6125,0.9397282515169881,1819.8641,0.9397282515169881,1526.2913
UWaveGestureLibraryAll,1,27446.1674,success,0.9341204462301632,2478.9826,0.9318907918265958,2514.0197,0.9352352734319469,2510.685,0.9341204462301632,2482.588,0.9318907918265958,2504.5792,0.9352352734319469,2519.1603,0.9408168915026224,2293.7125,0.9396945822390818,2302.3564,0.9385909781299335,2317.3764,0.9408168915026224,1800.7875,0.9396945822390818,1479.9084,0.9385909781299335,1483.062
UWaveGestureLibraryAll,2,28939.1333,success,0.9397207694552311,2532.4376,0.9397207694552311,2532.1849,0.9408355966570149,2559.3488,0.9397207694552311,2527.2126,0.9397207694552311,2556.656,0.9408355966570149,2590.888,0.9430764741532176,2301.7498,0.941954164889677,2249.7797,0.9408355966570149,2211.2546,0.9430764741532176,2231.8795,0.941954164889677,2119.6399,0.9408355966570149,1768.9375
UWaveGestureLibraryAll,3,28790.4683,success,0.9453248337111774,2514.1762,0.9430989203384885,2522.4466,0.9397432156405019,2542.7545,0.9453248337111774,2513.4369,0.9430989203384885,2545.2656,0.9397432156405019,2571.8391,0.9408543018114072,2298.818,0.9397469566713804,2313.7855,0.9464471429747182,2204.6844,0.9408543018114072,2230.5476,0.9397469566713804,2227.8441,0.9464471429747182,1547.0821
UWaveGestureLibraryAll,4,28111.2724,success,0.9486543511930149,2551.2374,0.9441950423858799,2554.2975,0.9441950423858799,2538.185,0.9486543511930149,2539.2894,0.9441950423858799,2588.5917,0.9441950423858799,2569.1826,0.9464284378203258,2293.5538,0.9475395239912311,2235.0568,0.9475395239912311,2311.7966,0.9464284378203258,1719.8416,0.9475395239912311,1724.4886,0.9475395239912311,1671.2327
UWaveGestureLibraryX,0,12018.3274,success,0.7511316618407369,1002.2749,0.7600577615167636,993.0718,0.7533575752134257,996.7144,0.7511316618407369,1014.061,0.7600577615167636,999.562,0.7533575752134257,994.2021,0.7622799338585741,926.5452,0.756702056818777,913.397,0.7544724024152095,913.6866,0.7622799338585741,924.7377,0.756702056818777,916.1192,0.7544724024152095,929.4469
UWaveGestureLibraryX,1,11987.3571,success,0.7388498574667235,988.7605,0.7455425617083042,1001.9823,0.7366052389396422,990.6623,0.7388498574667235,1008.7374,0.7455425617083042,997.3908,0.7366052389396422,989.6931,0.7377088430487905,913.9625,0.7287827433727637,909.4,0.7366052389396422,908.7159,0.7377088430487905,916.0191,0.7287827433727637,919.3371,0.7366052389396422,933.1742
UWaveGestureLibraryX,2,11944.3113,success,0.7511391439024938,991.0894,0.7455500437700612,996.4001,0.7522427480116421,996.0694,0.7511391439024938,983.404,0.7455500437700612,988.5111,0.7522427480116421,992.5849,0.7511279208098584,908.4048,0.746664870971845,913.732,0.7399646846685073,921.6056,0.7511279208098584,925.2767,0.746664870971845,911.8565,0.7399646846685073,915.8711
UWaveGestureLibraryX,3,11943.0749,success,0.7600390563623711,997.2823,0.7555722654934792,997.7416,0.7566945747570201,992.9876,0.7600390563623711,986.1521,0.7555722654934792,1001.4469,0.7566945747570201,1001.1151,0.7522315249190067,911.2594,0.7633872789986008,915.0243,0.7566945747570201,921.53,0.7522315249190067,915.7164,0.7633872789986008,909.4171,0.7566945747570201,910.3394
UWaveGestureLibraryX,4,11959.416,success,0.726597981339738,997.0553,0.7187867088654949,995.9009,0.7199090181290356,995.5019,0.726597981339738,982.7206,0.7187867088654949,999.344,0.7199090181290356,992.7961,0.7277202906032786,909.4267,0.7333131317665895,918.7823,0.7355353041084002,915.7798,0.7277202906032786,918.3568,0.7333131317665895,921.1291,0.7355353041084002,927.667
UWaveGestureLibraryY,0,11837.9105,success,0.712045371222494,977.5301,0.7220937801620614,977.8968,0.7198678667893725,973.2401,0.712045371222494,977.4542,0.7220937801620614,998.8879,0.7198678667893725,1000.3313,0.7254307797056557,906.8205,0.7209752119293992,910.8794,0.7176232482622912,902.8971,0.7254307797056557,910.3501,0.7209752119293992,919.7105,0.7176232482622912,915.9885
UWaveGestureLibraryY,1,11841.5889,success,0.709819457849805,980.2827,0.7008896171428999,978.4595,0.7053414438882779,981.215,0.709819457849805,991.2738,0.7008896171428999,982.4776,0.7053414438882779,993.4778,0.7075785803536022,912.3019,0.6997635668484806,904.9282,0.7031155305155888,904.9576,0.7075785803536022,896.0307,0.6997635668484806,912.4582,0.7031155305155888,911.3562
UWaveGestureLibraryY,2,11859.7092,success,0.7332420521798987,995.3768,0.7377013609870335,994.1152,0.734360620412561,981.998,0.7332420521798987,977.8669,0.7377013609870335,992.6919,0.734360620412561,994.043,0.7388161881888173,894.3899,0.7466124965395465,900.4714,0.7410533246541416,916.995,0.7388161881888173,909.4028,0.7466124965395465,908.9135,0.7410533246541416,913.8964
UWaveGestureLibraryY,3,11845.1259,success,0.7421718928868039,994.4375,0.7343681024743178,980.6883,0.7354717065834663,987.5513,0.7421718928868039,999.1094,0.7343681024743178,992.8918,0.7354717065834663,981.7498,0.7444090293521283,894.611,0.739938497452358,897.2898,0.7444090293521283,901.7467,0.7444090293521283,915.6125,0.739938497452358,921.552,0.7444090293521283,912.6284
UWaveGestureLibraryY,4,11815.5275,success,0.708700889617143,981.0963,0.7142787666569399,981.7342,0.7142862487186968,982.3408,0.708700889617143,980.6304,0.7142787666569399,984.2429,0.7142862487186968,978.6626,0.7142862487186968,913.4688,0.715404816951359,899.9054,0.7165196441531428,901.7285,0.7142862487186968,903.7028,0.715404816951359,925.8587,0.7165196441531428,909.762
UWaveGestureLibraryZ,0,12257.5922,success,0.6953079990722243,1007.6914,0.6941969129013191,1004.2461,0.6953154811339813,1008.401,0.6953079990722243,1011.3519,0.6941969129013191,1010.2582,0.6953154811339813,1013.7211,0.7009083222972922,933.3457,0.7031454587626166,943.1678,0.7053751131661841,952.0188,0.7009083222972922,948.0471,0.7031454587626166,943.5951,0.7053751131661841,971.4728
UWaveGestureLibraryZ,1,12318.6385,success,0.7008783940502644,1018.0393,0.7064487890283045,1021.9554,0.7031080484538319,1024.8143,0.7008783940502644,1014.6877,0.7064487890283045,1026.1127,0.7031080484538319,1020.6011,0.7098082347571696,946.1969,0.7086896665245076,955.7933,0.7109193209280749,944.7968,0.7098082347571696,938.0197,0.7086896665245076,948.0103,0.7109193209280749,953.1995
UWaveGestureLibraryZ,2,12294.9625,success,0.6975264303831564,1009.142,0.7109342850515888,1013.8065,0.702000703313805,1012.0451,0.6975264303831564,1019.1078,0.7109342850515888,1025.0137,0.702000703313805,1025.7801,0.7142712845951831,947.8163,0.7086896665245076,946.0261,0.705333961826521,947.0369,0.7142712845951831,951.4328,0.7086896665245076,948.7879,0.705333961826521,945.8172
UWaveGestureLibraryZ,3,12181.881,success,0.7042490628717649,1018.4577,0.7031417177317382,1037.9382,0.7053638900735487,1002.4843,0.7042490628717649,1006.2054,0.7031417177317382,1008.5561,0.7053638900735487,1006.6118,0.7176344713549265,924.155,0.7165271262148997,941.0503,0.7154085579822377,943.3667,0.7176344713549265,924.7662,0.7165271262148997,930.7031,0.7154085579822377,933.7364
UWaveGestureLibraryZ,4,12212.2106,success,0.6986375165540616,1013.4332,0.6975189483213994,1007.7237,0.6997560847867238,1007.5177,0.6986375165540616,1012.7609,0.6975189483213994,1005.6764,0.6997560847867238,1003.2967,0.7098044937262912,934.6282,0.7176195072314128,941.7084,0.7120491122533726,937.6162,0.7098044937262912,944.9495,0.7176195072314128,947.5095,0.7120491122533726,946.1516
Wafer,0,2649.7759,success,0.99500398602195,231.9103,0.99500398602195,233.1964,0.99500398602195,233.8889,0.99500398602195,231.6151,0.99500398602195,232.4633,0.99500398602195,233.2345,0.99500398602195,191.3603,0.99500398602195,192.171,0.99500398602195,193.5703,0.99500398602195,191.7523,0.99500398602195,192.3823,0.99500398602195,194.1195
Wafer,1,2613.1362,success,0.995000989012965,225.4558,0.995000989012965,226.4638,0.995000989012965,227.2325,0.995000989012965,225.3279,0.995000989012965,226.6209,0.995000989012965,227.2583,0.995000989012965,192.6514,0.995000989012965,196.1431,0.995000989012965,192.6646,0.995000989012965,191.7521,0.995000989012965,191.7976,0.995000989012965,192.0687
Wafer,2,2629.1207,success,0.9980009950069831,229.8519,0.9980009950069831,232.7719,0.9980009950069831,234.5158,0.9980009950069831,228.8489,0.9980009950069831,225.4178,0.9980009950069831,227.1143,0.9980009950069831,191.2276,0.9980009950069831,193.6948,0.9980009950069831,192.5907,0.9980009950069831,191.4923,0.9980009950069831,191.5291,0.9980009950069831,192.4039
Wafer,3,2541.6815,success,0.9970059880239521,219.9078,0.9970059880239521,223.7107,0.9970059880239521,221.4888,0.9970059880239521,220.8503,0.9970059880239521,223.986,0.9970059880239521,233.8799,0.9970059880239521,187.083,0.9970059880239521,183.7121,0.9980039920159681,184.751,0.9970059880239521,183.5777,0.9970059880239521,184.5756,0.9980039920159681,186.0908
Wafer,4,2637.5967,success,0.9980009950069831,227.0908,0.9980009950069831,235.1026,0.9980009950069831,236.1702,0.9980009950069831,229.8238,0.9980009950069831,230.6887,0.9980009950069831,231.2893,0.9980009950069831,191.2627,0.9980009950069831,190.0771,0.9980009950069831,191.0824,0.9980009950069831,191.8819,0.9980009950069831,193.3011,0.9980009950069831,193.2907
Wine,0,1506.2643,success,1.0,149.2059,1.0,149.3205,1.0,149.3742,1.0,149.253,1.0,150.0238,1.0,145.5149,1.0,95.4115,1.0,95.2675,0.9824561403508771,92.8608,1.0,93.5554,1.0,94.8866,0.9824561403508771,95.3007
Wine,1,1530.6266,success,1.0,148.865,1.0,150.2877,1.0,150.3348,1.0,149.0092,1.0,149.1918,1.0,150.846,1.0,97.471,1.0,97.4719,1.0,97.4935,1.0,96.6757,1.0,98.2635,1.0,97.5426
Wine,2,1529.6347,success,0.9649122807017544,147.8513,0.9298245614035089,148.3292,0.9298245614035089,149.0539,0.9649122807017544,148.0235,0.9298245614035089,149.0763,0.9298245614035089,152.451,0.9473684210526315,97.253,0.9649122807017544,98.0874,0.9298245614035089,98.0429,0.9473684210526315,97.9532,0.9649122807017544,99.9905,0.9298245614035089,96.5998
Wine,3,1513.4306,success,0.9824561403508771,146.1337,0.9824561403508771,144.0058,1.0,144.072,0.9824561403508771,143.8543,0.9824561403508771,150.9329,1.0,157.5363,1.0,97.2394,0.9824561403508771,97.6851,0.9824561403508771,97.2732,1.0,94.5317,0.9824561403508771,95.3977,0.9824561403508771,96.7025
Wine,4,1525.1584,success,0.9649122807017544,150.8687,0.9649122807017544,151.325,0.9473684210526315,152.1477,0.9649122807017544,147.789,0.9649122807017544,149.4923,0.9473684210526315,157.3652,0.9649122807017544,99.8086,0.9649122807017544,98.9731,1.0,96.2561,0.9649122807017544,95.4533,0.9649122807017544,95.8641,1.0,97.0093
WordSynonyms,0,5232.1848,success,0.5730337078651685,452.5091,0.5730337078651685,450.6184,0.5692883895131087,446.7826,0.5730337078651685,450.2197,0.5730337078651685,448.0799,0.5692883895131087,450.6936,0.5767790262172285,376.169,0.5692883895131086,395.949,0.5730337078651685,396.0417,0.5767790262172285,388.2077,0.5692883895131086,392.2522,0.5730337078651685,393.6152
WordSynonyms,1,5230.2452,success,0.5767790262172284,453.0321,0.5917602996254682,446.2099,0.5880149812734082,450.052,0.5767790262172284,461.3813,0.5917602996254682,473.5498,0.5880149812734082,473.5456,0.5842696629213483,387.9121,0.5805243445692884,376.2014,0.5805243445692884,376.0251,0.5842696629213483,371.9836,0.5805243445692884,374.7884,0.5805243445692884,375.9641
WordSynonyms,2,5170.3783,success,0.5580524344569289,450.9899,0.5543071161048689,449.4205,0.5617977528089888,449.4478,0.5580524344569289,458.794,0.5543071161048689,453.0583,0.5617977528089888,450.4025,0.5543071161048689,375.4242,0.5655430711610486,378.0085,0.5468164794007491,381.8929,0.5543071161048689,376.1126,0.5655430711610486,379.5895,0.5468164794007491,379.5773
WordSynonyms,3,5168.5023,success,0.5655430711610486,465.6423,0.5655430711610486,456.0185,0.5730337078651685,453.0867,0.5655430711610486,447.0487,0.5655430711610486,447.6667,0.5730337078651685,446.8747,0.5580524344569288,374.2874,0.5617977528089888,376.3492,0.5767790262172284,377.2669,0.5580524344569288,377.5778,0.5617977528089888,374.8235,0.5767790262172284,380.6054
WordSynonyms,4,5175.808,success,0.5655430711610486,451.5212,0.5692883895131086,451.122,0.5880149812734082,448.2604,0.5655430711610486,450.4793,0.5692883895131086,452.2113,0.5880149812734082,461.6237,0.5767790262172284,374.2512,0.5842696629213483,386.6287,0.5805243445692884,375.9307,0.5767790262172284,374.104,0.5842696629213483,371.9847,0.5805243445692884,372.9585
Worms,0,8898.9234,success,0.5358834244080146,813.3722,0.5303278688524591,816.1349,0.519216757741348,836.7415,0.5358834244080146,845.5853,0.5303278688524591,837.4533,0.519216757741348,822.7724,0.5525500910746813,602.6877,0.5358834244080146,613.9162,0.5303278688524591,612.6481,0.5525500910746813,594.0584,0.5358834244080146,623.1958,0.5303278688524591,625.3436
Worms,1,8950.8311,success,0.5744990892531876,815.1171,0.5745901639344263,837.7308,0.5745901639344263,858.8399,0.5744990892531876,834.8422,0.5745901639344263,825.1781,0.5745901639344263,838.9206,0.5966302367941713,600.4647,0.5744990892531876,609.0474,0.5689435336976321,624.6469,0.5966302367941713,625.7802,0.5744990892531876,616.2734,0.5689435336976321,613.9757
Worms,2,9045.9858,success,0.5575591985428051,832.3731,0.5741347905282331,839.0421,0.546448087431694,840.706,0.5575591985428051,845.8981,0.5741347905282331,861.9986,0.546448087431694,847.4422,0.5795992714025501,625.6868,0.5740437158469945,613.2825,0.5683970856102004,610.8682,0.5795992714025501,612.1981,0.5740437158469945,629.0509,0.5683970856102004,628.5877
Worms,3,9107.4289,success,0.6078324225865209,832.103,0.6078324225865209,854.5659,0.6133879781420766,847.0385,0.6078324225865209,834.1757,0.6078324225865209,844.7299,0.6133879781420766,866.1849,0.6189435336976321,640.6146,0.6078324225865209,629.5455,0.607832422586521,621.6853,0.6189435336976321,606.7435,0.6078324225865209,619.5103,0.607832422586521,646.3187
Worms,4,9030.9773,success,0.6240437158469945,823.7963,0.624408014571949,831.9056,0.5913479052823315,831.8785,0.6240437158469945,853.1175,0.624408014571949,890.2111,0.5913479052823315,825.6946,0.5856102003642988,595.8184,0.6022768670309654,605.0808,0.6131147540983607,603.884,0.5856102003642988,591.5237,0.6022768670309654,618.6302,0.6131147540983607,628.1608
WormsTwoClass,0,7873.5524,success,0.6350637522768671,735.4721,0.6352459016393442,757.4645,0.6517304189435337,739.1663,0.6350637522768671,744.7474,0.6352459016393442,732.8796,0.6517304189435337,747.6294,0.6460837887067394,513.5503,0.6350637522768671,508.5256,0.6295992714025501,542.1457,0.6460837887067394,525.4077,0.6350637522768671,527.9161,0.6295992714025501,521.5212
WormsTwoClass,1,8046.1024,success,0.6576502732240438,731.5393,0.6685792349726776,744.709,0.6462659380692167,772.2927,0.6576502732240438,772.3247,0.6685792349726776,766.277,0.6462659380692167,765.4249,0.6354280510018215,527.1062,0.6463570127504553,542.377,0.6464480874316939,544.9087,0.6354280510018215,542.244,0.6463570127504553,523.0806,0.6464480874316939,532.8685
WormsTwoClass,2,7954.1069,success,0.6575591985428051,739.4851,0.6740437158469946,754.4689,0.6685792349726776,785.8249,0.6575591985428051,755.991,0.6740437158469946,763.1871,0.6685792349726776,746.6243,0.6795992714025502,528.4066,0.6851548269581057,524.2585,0.663023679417122,535.9604,0.6795992714025502,524.864,0.6851548269581057,526.435,0.663023679417122,544.0477
WormsTwoClass,3,7923.2145,success,0.679417122040073,727.3251,0.6795992714025502,739.9512,0.685063752276867,766.4472,0.679417122040073,741.8652,0.6795992714025502,734.6567,0.685063752276867,742.9659,0.6793260473588342,538.4101,0.6793260473588343,525.1265,0.6740437158469946,535.4142,0.6793260473588342,520.919,0.6793260473588343,537.2502,0.6740437158469946,532.5811
WormsTwoClass,4,8167.5596,success,0.6520036429872494,774.9127,0.6631147540983606,787.4525,0.6631147540983606,779.1359,0.6520036429872494,768.3571,0.6631147540983606,768.5116,0.6631147540983606,774.9358,0.6465391621129326,538.9013,0.668670309653916,545.7549,0.6520947176684881,552.0386,0.6465391621129326,537.0933,0.668670309653916,549.6265,0.6520947176684881,563.4577
Yoga,0,5083.0881,success,0.7933333333333333,477.6856,0.7866666666666667,473.119,0.7933333333333333,480.9329,0.7933333333333333,469.9858,0.7866666666666667,455.2566,0.7933333333333333,462.822,0.8000000000000002,344.9959,0.7966666666666667,358.7356,0.8033333333333333,350.0681,0.8000000000000002,349.0932,0.7966666666666667,352.6829,0.8033333333333333,349.3176
Yoga,1,5205.5829,success,0.8033333333333333,473.6829,0.81,475.8672,0.8033333333333333,471.3863,0.8033333333333333,486.4246,0.81,473.44,0.8033333333333333,475.3443,0.8066666666666666,358.4577,0.8066666666666666,359.8992,0.7999999999999999,355.1408,0.8066666666666666,359.4194,0.8066666666666666,361.4682,0.7999999999999999,357.6791
Yoga,2,4988.1633,success,0.7866666666666667,450.7341,0.8066666666666666,445.0821,0.8033333333333333,447.0839,0.7866666666666667,454.249,0.8066666666666666,454.5233,0.8033333333333333,459.5249,0.79,356.008,0.8000000000000002,359.3917,0.8166666666666668,353.5419,0.79,347.7399,0.8000000000000002,350.1057,0.8166666666666668,351.6801
Yoga,3,5112.396,success,0.7699999999999999,465.6574,0.7766666666666667,472.201,0.7733333333333334,476.0337,0.7699999999999999,474.1683,0.7766666666666667,471.1024,0.7733333333333334,470.2323,0.79,358.9663,0.7833333333333333,360.8043,0.7833333333333332,349.4922,0.79,355.2874,0.7833333333333333,351.8561,0.7833333333333332,349.8763
Yoga,4,5188.7033,success,0.8166666666666668,465.1385,0.8066666666666666,468.7093,0.8033333333333333,469.1088,0.8166666666666668,466.8196,0.8066666666666666,491.9315,0.8033333333333333,473.382,0.81,365.0031,0.7999999999999999,348.027,0.8033333333333333,350.3289,0.81,352.3273,0.7999999999999999,376.4628,0.8033333333333333,367.3625
ArticularyWordRecognition,0,21763.8732,success,0.9454530976270107,1953.9851,0.9454530976270107,1948.8934,0.9381669055582099,1958.3911,0.9454530976270107,1946.915,0.9454530976270107,1997.0378,0.9381669055582099,1965.4201,0.9418299092212136,1598.3294,0.9491161012900143,1589.8901,0.9454530976270107,1534.6899,0.9418299092212136,1529.8929,0.9491161012900143,1626.7585,0.9454530976270107,1624.2713
ArticularyWordRecognition,1,21585.7612,success,0.9382067208154163,1942.9553,0.9345835324096194,1957.1047,0.9382465360726231,1947.5701,0.9382067208154163,2014.7557,0.9345835324096194,1928.8243,0.9382465360726231,2014.23,0.949155916547221,1601.4297,0.9491161012900143,1586.1375,0.9382067208154163,1597.6931,0.949155916547221,1575.5179,0.9491161012900143,1555.7772,0.9382067208154163,1393.5866
ArticularyWordRecognition,2,20930.0087,success,0.9345039018952063,1951.3679,0.9417502787068005,1895.5822,0.9381270903010034,2007.4255,0.9345039018952063,1947.7421,0.9417502787068005,1877.0022,0.9381270903010034,1933.3651,0.956322662844402,1607.1901,0.9454530976270107,1592.2371,0.9381270903010034,1441.7883,0.956322662844402,1422.9901,0.9454530976270107,1417.518,0.9381270903010034,1289.6304
ArticularyWordRecognition,3,21312.5054,success,0.9527392896958115,1934.7713,0.9527392896958115,1914.7576,0.9491161012900143,1978.8028,0.9527392896958115,1966.5071,0.9527392896958115,1952.623,0.9491161012900143,1930.3314,0.9563624781016086,1538.5604,0.9526596591813984,1623.7143,0.9563624781016086,1654.4068,0.9563624781016086,1608.1829,0.9526596591813984,1525.9465,0.9563624781016086,1207.3745
ArticularyWordRecognition,4,20847.4349,success,0.9418697244784201,1934.6366,0.9382067208154163,1986.5987,0.9381669055582099,1980.6821,0.9418697244784201,1982.3676,0.9382067208154163,1971.2935,0.9381669055582099,1990.0225,0.9491161012900143,1578.2317,0.9382067208154165,1586.93,0.9455327281414238,1597.5998,0.9491161012900143,1576.7546,0.9382067208154165,1151.2036,0.9455327281414238,1041.3537
AtrialFibrillation,0,9090.2729,success,0.4666666666666666,991.1211,0.4000000000000001,832.4644,0.46666666666666673,802.2313,0.4666666666666666,1138.7586,0.4000000000000001,868.8583,0.46666666666666673,780.513,0.4000000000000001,672.3192,0.4000000000000001,551.4898,0.4000000000000001,492.5966,0.4000000000000001,665.5136,0.4000000000000001,548.1037,0.4000000000000001,497.6157
AtrialFibrillation,1,9447.6444,success,0.4000000000000001,1084.9659,0.20000000000000004,940.0484,0.26666666666666666,824.8411,0.4000000000000001,1076.9106,0.20000000000000004,938.989,0.26666666666666666,815.1339,0.3333333333333333,674.9727,0.4000000000000001,575.8462,0.26666666666666666,521.4984,0.3333333333333333,647.6879,0.4000000000000001,571.5565,0.26666666666666666,493.454
AtrialFibrillation,2,9215.3589,success,0.4666666666666666,1048.3673,0.4000000000000001,925.4139,0.4000000000000001,760.539,0.4666666666666666,1054.5744,0.4000000000000001,874.8257,0.4000000000000001,852.0937,0.4666666666666666,668.5043,0.4000000000000001,587.9314,0.3333333333333333,519.3282,0.4666666666666666,683.364,0.4000000000000001,503.9083,0.3333333333333333,454.005
AtrialFibrillation,3,9086.0872,success,0.39999999999999997,1049.5102,0.20000000000000004,875.6568,0.26666666666666666,811.1081,0.39999999999999997,1063.3967,0.20000000000000004,867.6391,0.26666666666666666,780.2425,0.20000000000000004,654.606,0.3333333333333333,532.6247,0.13333333333333333,508.3912,0.20000000000000004,636.0275,0.3333333333333333,523.626,0.13333333333333333,490.5317
AtrialFibrillation,4,8896.2101,success,0.3333333333333333,1015.4555,0.26666666666666666,894.6587,0.26666666666666666,745.4893,0.3333333333333333,1060.9428,0.26666666666666666,884.562,0.26666666666666666,747.3617,0.26666666666666666,609.7343,0.20000000000000004,498.3618,0.20000000000000004,465.0347,0.26666666666666666,670.3567,0.20000000000000004,526.2587,0.20000000000000004,495.0689
BasicMotions,0,4057.8086,success,0.7509157509157509,444.387,0.7509157509157509,394.4064,0.7765567765567765,367.8245,0.7509157509157509,441.3331,0.7509157509157509,404.595,0.7765567765567765,378.1621,0.7252747252747254,271.8158,0.7509157509157509,249.1804,0.7252747252747254,252.7015,0.7252747252747254,273.701,0.7509157509157509,235.3143,0.7252747252747254,229.3395
BasicMotions,1,4160.0069,success,0.7234432234432235,460.0448,0.7728937728937728,418.3608,0.7234432234432235,418.3247,0.7234432234432235,469.9128,0.7728937728937728,417.1992,0.7234432234432235,373.8011,0.6996336996336995,261.9896,0.6996336996336995,239.5846,0.7234432234432235,238.4196,0.6996336996336995,265.6051,0.6996336996336995,239.2705,0.7234432234432235,238.5449
BasicMotions,2,3959.8328,success,0.7728937728937728,432.6304,0.7490842490842491,366.8296,0.7490842490842491,364.5648,0.7728937728937728,423.6623,0.7490842490842491,371.3098,0.7490842490842491,363.4199,0.7490842490842491,260.7555,0.7490842490842491,233.9641,0.7490842490842491,239.3694,0.7490842490842491,277.015,0.7490842490842491,248.5229,0.7490842490842491,254.5206
BasicMotions,3,4239.0979,success,0.8260073260073261,463.499,0.8260073260073261,409.2086,0.7985347985347985,388.5091,0.8260073260073261,440.2858,0.8260073260073261,398.7583,0.7985347985347985,404.3352,0.8003663003663003,282.0608,0.7509157509157509,253.1151,0.7490842490842491,259.5311,0.8003663003663003,290.7562,0.7509157509157509,258.7665,0.7490842490842491,262.6081
BasicMotions,4,3992.5593,success,0.6996336996336995,410.5355,0.6483516483516483,373.8308,0.6483516483516484,369.941,0.6996336996336995,444.8037,0.6483516483516483,402.708,0.6483516483516484,392.5286,0.7252747252747254,267.7555,0.6758241758241758,235.4809,0.6483516483516483,248.6043,0.7252747252747254,277.3541,0.6758241758241758,248.8911,0.6483516483516483,242.3647
Cricket,0,41073.244,success,0.9537037037037036,4072.8224,0.9537037037037036,4109.8587,0.9537037037037036,4095.2432,0.9537037037037036,3952.1264,0.9537037037037036,3980.5162,0.9351851851851851,3898.1289,0.9722222222222223,2704.6262,0.9722222222222222,2642.7623,0.9814814814814815,2658.6388,0.9722222222222223,2694.8997,0.9722222222222222,2624.5856,0.9814814814814815,2632.4046
Cricket,1,39941.456,success,0.9444444444444443,4091.8033,0.9444444444444443,4089.6945,0.9351851851851851,4087.7947,0.9444444444444443,3879.1741,0.9351851851851851,3839.9045,0.9351851851851851,3674.5957,0.9444444444444443,2558.8713,0.9537037037037036,2510.0329,0.9351851851851851,2528.9801,0.9444444444444443,2592.437,0.9537037037037036,2544.0833,0.9351851851851851,2562.7294
Cricket,2,39909.8769,success,0.9629629629629629,4108.6391,0.9629629629629629,4103.4934,0.9629629629629629,4089.2144,0.9444444444444443,3933.4457,0.9629629629629629,3722.6837,0.9537037037037036,3721.7106,0.9814814814814815,2569.8473,1.0,2516.5263,0.9814814814814815,2547.1109,0.9814814814814815,2579.7917,1.0,2515.8684,0.9814814814814815,2535.9448
Cricket,3,40200.7401,success,0.9351851851851851,4080.5623,0.9537037037037036,4101.9828,0.9351851851851851,4077.7823,0.9351851851851851,4045.7296,0.9444444444444443,3699.4522,0.9444444444444443,3744.3059,0.9537037037037036,2608.0692,0.9537037037037037,2565.7747,0.9629629629629629,2578.8297,0.9537037037037036,2607.7457,0.9537037037037037,2549.2986,0.9629629629629629,2556.291
Cricket,4,40416.6829,success,0.9814814814814815,4095.0622,0.9814814814814815,4122.0653,1.0,4102.8284,0.9814814814814815,4003.1442,0.9814814814814815,3721.423,0.9814814814814815,3725.0196,0.9907407407407408,2602.6804,0.9907407407407408,2542.2023,1.0,2553.3216,0.9907407407407408,2593.9109,0.9907407407407408,2534.1185,1.0,2570.401
Epilepsy,0,5154.8086,success,0.7668276972624799,481.1933,0.8033816425120772,484.8846,0.8028985507246377,510.3523,0.7668276972624799,488.0399,0.8033816425120772,501.1961,0.8028985507246377,496.74,0.8107890499194846,332.4842,0.7959742351046698,347.3745,0.8177133655394525,343.8617,0.8107890499194846,334.499,0.7959742351046698,348.9323,0.8177133655394525,350.4739
Epilepsy,1,5116.0669,success,0.788244766505636,470.4563,0.7811594202898551,489.2118,0.803059581320451,493.502,0.788244766505636,490.4518,0.7811594202898551,486.668,0.803059581320451,505.3509,0.7592592592592592,343.3068,0.8099838969404187,342.1395,0.8173913043478261,339.1201,0.7592592592592592,333.4073,0.8099838969404187,349.1745,0.8173913043478261,343.3132
Epilepsy,2,5135.7893,success,0.7148148148148148,498.1453,0.6782608695652175,504.1517,0.7146537842190016,510.185,0.7148148148148148,500.7403,0.6782608695652175,501.1717,0.7146537842190016,490.3204,0.7223832528180353,328.8555,0.7222222222222222,342.6373,0.7148148148148148,348.4373,0.7223832528180353,323.793,0.7222222222222222,328.0778,0.7148148148148148,330.8463
Epilepsy,3,5191.1263,success,0.8035426731078905,467.1579,0.7816425120772946,496.3144,0.7962962962962963,478.8669,0.8035426731078905,466.1766,0.7816425120772946,503.8725,0.7962962962962963,506.95,0.7814814814814816,340.4313,0.7959742351046698,345.6081,0.7961352657004831,352.0168,0.7814814814814816,363.964,0.7959742351046698,343.8284,0.7961352657004831,348.7619
Epilepsy,4,5307.316,success,0.7814814814814816,505.8988,0.7813204508856684,512.8304,0.774074074074074,514.8331,0.7814814814814816,508.9525,0.7813204508856684,512.9903,0.774074074074074,514.5063,0.7814814814814816,348.4987,0.7668276972624799,353.5562,0.7668276972624799,353.7766,0.7814814814814816,329.3476,0.7668276972624799,328.8602,0.7668276972624799,349.7095
ERing,0,1848.9846,success,0.8666666666666667,196.5863,0.9,184.463,0.8666666666666667,166.4223,0.8666666666666667,190.6234,0.9,181.7834,0.8666666666666667,178.8287,0.9,128.7636,0.9,114.1764,0.9,103.0638,0.9,126.381,0.9,112.5183,0.9,111.2423
ERing,1,1828.2037,success,0.8666666666666667,200.0883,0.9,171.4171,0.9,163.0448,0.8666666666666667,193.3357,0.9,186.3012,0.9,181.7344,0.9,129.7921,0.9,113.006,0.9333333333333332,109.7011,0.9,124.7254,0.9,116.3867,0.9333333333333332,104.5908
ERing,2,1943.1371,success,0.9,211.6128,0.9,193.9318,0.9,181.2565,0.9,210.0761,0.9,191.9154,0.9,183.1541,0.8666666666666667,132.5779,0.9333333333333332,121.5069,0.9333333333333332,115.4096,0.8666666666666667,132.5619,0.9333333333333332,119.8281,0.9333333333333332,113.019
ERing,3,1971.4388,success,0.9,216.6753,0.9,197.6022,0.9,186.7949,0.9,210.1775,0.9,187.2794,0.9,183.8589,0.9,134.4625,0.9333333333333332,123.1986,0.9,117.0186,0.9,134.3926,0.9333333333333332,124.475,0.9,117.7556
ERing,4,1953.9977,success,0.8666666666666666,215.1889,0.8666666666666667,196.1402,0.8333333333333334,175.9192,0.8666666666666666,198.6312,0.8666666666666667,180.7446,0.8333333333333334,173.6232,0.8333333333333334,142.3837,0.8666666666666666,134.1287,0.7999999999999999,127.3984,0.8333333333333334,147.0406,0.8666666666666666,110.5681,0.7999999999999999,102.1801
FingerMovements,0,15252.6795,success,0.6139862234201857,1607.5397,0.6013477088948788,1623.1238,0.5981431566337228,1565.1595,0.6139862234201857,1586.7249,0.6013477088948788,1613.819,0.5981431566337228,1656.6435,0.6297993411200958,1212.2501,0.6172207247678946,866.9092,0.6234800838574424,791.8485,0.6297993411200958,786.5741,0.6172207247678946,788.8006,0.6234800838574424,789.619
FingerMovements,1,15655.7655,success,0.5632524707996406,1560.7721,0.5917640011979635,1583.657,0.5760407307577119,1607.5537,0.5632524707996406,1577.5172,0.5917640011979635,1560.8643,0.5760407307577119,1527.1831,0.5664570230607967,1007.9084,0.5760407307577119,1023.4557,0.5696016771488469,1268.0539,0.5664570230607967,832.9113,0.5760407307577119,829.285,0.5696016771488469,829.0114
FingerMovements,2,16259.438,success,0.566397124887691,1606.0666,0.5949386043725666,1610.2818,0.5855345911949685,1571.5834,0.566397124887691,1616.2593,0.5949386043725666,1547.3339,0.5855345911949685,1495.828,0.5759209344115005,1157.8772,0.5791254866726564,1161.6388,0.5854746930218628,1162.9295,0.5759209344115005,1157.1806,0.5791254866726564,832.4429,0.5854746930218628,895.2854
FingerMovements,3,16759.6242,success,0.6296495956873315,1550.6168,0.6232704402515723,1579.7324,0.6138065289008685,1584.7801,0.6296495956873315,1559.1784,0.6232704402515723,1596.6224,0.6138065289008685,1515.3114,0.6169811320754718,1173.761,0.6295896975142258,1210.4089,0.6200958370769691,1246.8722,0.6169811320754718,1235.3178,0.6295896975142258,1239.8294,0.6200958370769691,834.2988
FingerMovements,4,16654.066,success,0.6108116202455826,1606.3487,0.5949685534591195,1609.742,0.5728361784965559,1592.5524,0.6108116202455826,1534.7437,0.5949685534591195,1570.9176,0.5728361784965559,1604.2507,0.5981731057202756,1220.8651,0.6044025157232704,1229.6453,0.5981132075471698,1231.7525,0.5981731057202756,1216.624,0.6044025157232704,1012.6921,0.5981132075471698,788.5896
HandMovementDirection,0,28684.7426,success,0.405427440018635,3555.0485,0.405427440018635,3584.0606,0.4118332168646634,3662.2471,0.405427440018635,2530.8502,0.405427440018635,2519.7989,0.4118332168646634,2334.2409,0.4371069182389937,1622.8846,0.3997204751921733,1640.7802,0.3807360819939436,1646.4702,0.4371069182389937,1624.9548,0.3997204751921733,1639.3994,0.3807360819939436,1647.8939
HandMovementDirection,1,29157.2929,success,0.37502911716748194,3493.5604,0.3372932681108782,3550.1214,0.41905427440018633,3471.5308,0.37502911716748194,3415.8949,0.3372932681108782,2333.7964,0.41905427440018633,2292.8724,0.4000698812019567,1593.019,0.39378057302585606,1626.4658,0.41229909154437455,1634.4694,0.4000698812019567,1612.065,0.39378057302585606,1626.3319,0.41229909154437455,1634.7443
HandMovementDirection,2,28064.2735,success,0.39412997903563946,3606.0441,0.43792219892848827,3357.9254,0.3937805730258561,3318.5162,0.39412997903563946,2288.9954,0.43792219892848827,2223.0409,0.3937805730258561,2394.4993,0.4064756580479851,1651.3837,0.38784067085953877,1664.4652,0.3751455858374097,1673.271,0.4064756580479851,1652.7575,0.38784067085953877,1667.2664,0.3751455858374097,1673.2972
HandMovementDirection,3,28486.5996,success,0.3936641043559283,3542.4999,0.4185883997204751,3491.1051,0.4064756580479851,3481.3785,0.3936641043559283,3408.311,0.4185883997204751,2457.209,0.4064756580479851,2199.4244,0.41229909154437455,1540.6274,0.43139995341253207,1559.392,0.4188213370603308,1548.2768,0.41229909154437455,1521.8759,0.43139995341253207,1538.4589,0.4188213370603308,1545.4211
HandMovementDirection,4,28465.6209,success,0.4063591893780574,3481.6124,0.38749126484975543,3458.9445,0.375029117167482,3522.6891,0.4063591893780574,2765.7845,0.38749126484975543,2680.5659,0.375029117167482,2222.2699,0.37514558583740976,1569.3697,0.39983694386210106,1585.3351,0.40624272070812956,1590.8967,0.37514558583740976,1568.3418,0.39983694386210106,1585.8711,0.40624272070812956,1589.5963
Handwriting,0,6044.4964,success,0.2333333333333333,559.514,0.22,560.0532,0.22666666666666666,559.9723,0.2333333333333333,567.3784,0.22,559.6834,0.22666666666666666,553.2813,0.24666666666666667,411.3182,0.22,408.6583,0.24,419.752,0.24666666666666667,416.8974,0.22,416.6315,0.24,424.227
Handwriting,1,6012.8777,success,0.24,550.7204,0.19333333333333336,548.3249,0.19999999999999998,536.441,0.24,544.9225,0.19333333333333336,542.8777,0.19999999999999998,535.8677,0.21333333333333335,408.5911,0.22666666666666668,433.0502,0.18666666666666668,413.6008,0.21333333333333335,405.3251,0.22666666666666668,424.7263,0.18666666666666668,432.4175
Handwriting,2,6014.6411,success,0.2133333333333333,542.2301,0.19999999999999998,562.4525,0.21333333333333335,549.1817,0.2133333333333333,557.4398,0.19999999999999998,556.8588,0.21333333333333335,543.2329,0.25333333333333335,421.6852,0.2333333333333333,415.9359,0.2333333333333333,418.6971,0.25333333333333335,411.4072,0.2333333333333333,409.0988,0.2333333333333333,432.6616
Handwriting,3,6007.8548,success,0.22666666666666666,570.3188,0.2333333333333333,546.9449,0.24666666666666667,545.6386,0.22666666666666666,550.5856,0.2333333333333333,554.0955,0.24666666666666667,536.7711,0.2733333333333334,405.634,0.26,423.1844,0.24,430.4551,0.2733333333333334,404.962,0.26,412.0018,0.24,432.332
Handwriting,4,5980.3572,success,0.22666666666666668,543.0791,0.21333333333333335,538.9366,0.23333333333333336,536.1167,0.22666666666666668,582.5704,0.21333333333333335,532.6883,0.23333333333333336,531.3933,0.2333333333333333,401.3653,0.24,405.7307,0.2333333333333333,419.9466,0.2333333333333333,427.5976,0.24,429.7251,0.2333333333333333,431.2601
Libras,0,1133.6992,success,0.7611111111111111,99.5031,0.75,99.0947,0.7444444444444445,101.4148,0.7611111111111111,106.3036,0.75,106.3703,0.7444444444444445,103.3235,0.7611111111111111,78.9694,0.7555555555555555,81.5302,0.7611111111111111,79.1166,0.7611111111111111,77.7712,0.7555555555555555,80.7792,0.7611111111111111,80.338
Libras,1,1175.9139,success,0.8111111111111112,104.9328,0.8166666666666668,106.4842,0.8111111111111112,107.0473,0.8111111111111112,105.128,0.8166666666666668,106.5579,0.8111111111111112,106.7418,0.8111111111111112,81.2395,0.8222222222222223,84.6505,0.8166666666666668,85.2509,0.8111111111111112,82.9871,0.8222222222222223,85.922,0.8166666666666668,84.1583
Libras,2,1113.8585,success,0.7777777777777778,100.3332,0.7722222222222223,104.1012,0.7833333333333333,104.8294,0.7777777777777778,102.4623,0.7722222222222223,104.1551,0.7833333333333333,104.1237,0.7944444444444444,74.5771,0.7833333333333333,76.198,0.7888888888888889,76.6927,0.7944444444444444,74.543,0.7833333333333333,78.3589,0.7888888888888889,80.1411
Libras,3,1133.2241,success,0.8166666666666668,101.5289,0.8222222222222223,99.7558,0.8111111111111112,98.8577,0.8166666666666668,99.1257,0.8222222222222223,105.1385,0.8111111111111112,104.1297,0.8222222222222223,81.2281,0.8111111111111112,82.6582,0.8111111111111112,81.1342,0.8222222222222223,77.5488,0.8111111111111112,79.5381,0.8111111111111112,82.7829
Libras,4,1161.5501,success,0.7944444444444444,103.2614,0.811111111111111,104.6923,0.8166666666666668,105.275,0.7944444444444444,103.398,0.811111111111111,104.9165,0.8166666666666668,105.1995,0.7944444444444444,80.4683,0.8055555555555555,82.4662,0.8055555555555555,83.2799,0.7944444444444444,81.211,0.8055555555555555,83.3342,0.8055555555555555,83.1828
LSST,0,33556.5266,success,0.5506278725790921,3612.5193,0.5498138717650912,3631.5108,0.5514408807091734,3580.2328,0.5506278725790921,2952.3709,0.5506268798951726,2334.3552,0.5514408807091734,2339.4207,0.55672940429038,2313.9393,0.55632141119946,2320.0279,0.5518523481938117,2311.7657,0.55672940429038,2311.5028,0.55632141119946,2307.8881,0.5518523481938117,2338.2002
LSST,1,32300.3008,success,0.556325381935138,3628.7074,0.5546944022553778,3589.1005,0.5473723656650485,2717.2865,0.5559188778700974,2478.0394,0.5546944022553778,2606.6436,0.5473723656650485,2314.404,0.5607919632309877,2290.8941,0.5510328876182534,2288.0171,0.5542883945322971,2293.2746,0.5607919632309877,2296.8748,0.5510328876182534,2284.3341,0.5542883945322971,2308.7422
LSST,2,33284.1057,success,0.546158313231484,3630.7457,0.5522563705490535,3627.6298,0.550634325024569,3539.3684,0.5453453051014027,2684.2776,0.5518498664840129,2345.2812,0.550634325024569,2345.0071,0.5530743420987324,2320.1768,0.5551098404756941,2313.5105,0.5530753347826519,2323.6996,0.5530743420987324,2318.885,0.5551098404756941,2313.9382,0.5530753347826519,2319.2566
LSST,3,33301.3364,success,0.5530678896532556,3622.4727,0.5526569185105771,3628.0903,0.5481858701370896,3614.4393,0.5526613855882149,2598.1853,0.5522499181035766,2363.2795,0.54859287054409,2357.9239,0.5583539315246633,2334.9888,0.556323396567299,2324.0508,0.5571329303036621,2323.4681,0.5583539315246633,2328.9931,0.556323396567299,2300.2503,0.5571329303036621,2300.8923
LSST,4,33756.8401,success,0.5461588095734438,3617.9873,0.5510418217735291,3634.9467,0.5481943079504056,3632.0599,0.5457523055084031,3139.5638,0.5498228059203669,2334.9616,0.5469747957552836,2331.5575,0.550222361197971,2305.7522,0.5506328359986897,2315.6589,0.5481883518468885,2311.513,0.550222361197971,2323.7196,0.5506328359986897,2302.2233,0.5481883518468885,2304.7067
NATOPS,0,10476.9669,success,0.8388888888888889,1060.3163,0.8333333333333334,1061.837,0.8444444444444444,1034.3714,0.8388888888888889,991.7306,0.8333333333333334,1017.5227,0.8444444444444444,959.9261,0.8555555555555556,680.2057,0.8722222222222222,711.4092,0.8777777777777778,632.9491,0.8555555555555556,584.1221,0.8722222222222222,691.7307,0.8777777777777778,753.3248
NATOPS,1,9738.2037,success,0.7944444444444444,1000.3109,0.8000000000000002,1036.6682,0.8055555555555557,1056.296,0.7944444444444444,1014.3855,0.8000000000000002,987.8983,0.8055555555555557,981.9843,0.8444444444444444,685.5346,0.8666666666666667,708.0011,0.8777777777777778,553.4921,0.8444444444444444,485.2669,0.8666666666666667,471.3887,0.8777777777777778,562.8583
NATOPS,2,11054.4608,success,0.8666666666666667,1062.4623,0.8722222222222222,1059.4222,0.8722222222222222,1011.0089,0.8666666666666667,1035.2246,0.8722222222222222,1004.0269,0.8722222222222222,1000.3044,0.8944444444444444,752.9954,0.9055555555555556,770.7435,0.9055555555555554,771.7567,0.8944444444444444,755.5286,0.9055555555555556,764.0711,0.9055555555555554,765.8549
NATOPS,3,11145.8192,success,0.8444444444444444,1076.7402,0.8611111111111112,1082.0729,0.8666666666666667,1007.0427,0.8444444444444444,1043.4267,0.8611111111111112,1085.9192,0.8666666666666667,1026.4092,0.8611111111111112,727.5393,0.8611111111111112,772.2405,0.8666666666666667,775.841,0.8611111111111112,763.1945,0.8611111111111112,772.6546,0.8666666666666667,753.1108
NATOPS,4,10844.9613,success,0.7999999999999999,1049.9879,0.7944444444444444,1054.433,0.8055555555555557,1061.229,0.7999999999999999,1024.903,0.7944444444444444,1080.7587,0.8055555555555557,1083.0464,0.8222222222222223,752.8146,0.8333333333333334,616.6914,0.8333333333333334,727.0782,0.8222222222222223,715.3504,0.8333333333333334,722.7872,0.8333333333333334,723.1346
PenDigits,0,5499.4302,success,0.9943955164131305,423.8184,0.9945289564985321,431.1033,0.9942620763277289,435.8999,0.9943955164131305,426.299,0.9945289564985321,429.8206,0.9942620763277289,431.3639,0.9950627168401387,471.3323,0.9951961569255404,466.6629,0.9949292767547372,475.1891,0.9950627168401387,452.0152,0.9951961569255404,423.1128,0.9949292767547372,424.7102
PenDigits,1,5573.835,success,0.9947958366693355,427.5406,0.9945289564985321,430.5525,0.9945289564985321,434.5311,0.9947958366693355,426.1488,0.9945289564985321,432.2485,0.9945289564985321,436.1517,0.9951961569255404,469.2509,0.9950627168401388,433.4832,0.995329597010942,454.3237,0.9951961569255404,442.4581,0.9950627168401388,476.8882,0.995329597010942,477.8325
PenDigits,2,5613.4744,success,0.9942620763277289,427.2504,0.9939951961569257,432.9012,0.9943955164131305,432.2369,0.9942620763277289,425.9232,0.9939951961569257,435.4704,0.9943955164131305,430.2402,0.9938617560715238,477.455,0.9945289564985321,430.7586,0.9938617560715239,471.2421,0.9938617560715238,466.9418,0.9945289564985321,468.412,0.9938617560715239,468.9137
PenDigits,3,5719.8042,success,0.9949292767547372,433.7048,0.9951961569255404,435.6716,0.994929276754737,435.8109,0.9949292767547372,432.7701,0.9951961569255404,432.9901,0.994929276754737,438.1853,0.9955964771817453,486.4707,0.9958633573525487,479.8707,0.995729917267147,480.801,0.9955964771817453,481.2434,0.9958633573525487,472.3086,0.995729917267147,465.8514
PenDigits,4,5586.6075,success,0.9949292767547372,429.3533,0.9950627168401388,433.9665,0.9945289564985321,430.4806,0.9949292767547372,427.1796,0.9950627168401388,427.3756,0.9945289564985321,422.6383,0.9949292767547372,472.3059,0.9945289564985322,428.9773,0.9949292767547372,469.7829,0.9949292767547372,465.9676,0.9945289564985322,477.1386,0.9949292767547372,478.0837
RacketSports,0,1574.3408,success,0.8145098039215686,146.6789,0.8410457516339869,142.8962,0.8477124183006536,143.5731,0.8145098039215686,145.2848,0.8410457516339869,151.2361,0.8477124183006536,151.5861,0.8145098039215686,103.6601,0.8210457516339869,104.5282,0.8078431372549019,104.6161,0.8145098039215686,103.5851,0.8210457516339869,107.9772,0.8078431372549019,112.7521
RacketSports,1,1623.686,success,0.8611764705882353,146.5921,0.8414379084967321,146.7233,0.854640522875817,147.4373,0.8611764705882353,145.6397,0.8414379084967321,150.4726,0.854640522875817,157.9586,0.8281045751633987,109.1009,0.834640522875817,113.5605,0.8413071895424836,115.3275,0.8281045751633987,112.8886,0.834640522875817,111.015,0.8413071895424836,111.6907
RacketSports,2,1582.1762,success,0.8142483660130718,153.9428,0.8143790849673204,152.1841,0.8011764705882353,151.6639,0.8142483660130718,151.7688,0.8143790849673204,153.8331,0.8011764705882353,152.1614,0.8277124183006536,103.3221,0.8343790849673202,104.8274,0.8143790849673204,103.9297,0.8277124183006536,102.8981,0.8343790849673202,103.8979,0.8143790849673204,105.234
RacketSports,3,1535.5652,success,0.7813071895424836,143.6043,0.794640522875817,144.9126,0.7813071895424836,147.365,0.7813071895424836,143.383,0.794640522875817,144.7303,0.7813071895424836,146.1189,0.834640522875817,103.1701,0.8147712418300653,104.2614,0.794640522875817,104.5343,0.834640522875817,103.2298,0.8147712418300653,104.312,0.794640522875817,104.4968
RacketSports,4,1618.4076,success,0.7815686274509804,148.4684,0.7616993464052287,154.7153,0.7550326797385619,155.6363,0.7815686274509804,155.8152,0.7616993464052287,154.6574,0.7550326797385619,151.8103,0.8081045751633987,106.4423,0.8213071895424836,106.6999,0.7949019607843137,107.2693,0.8081045751633987,109.1148,0.8213071895424836,111.7961,0.7949019607843137,112.2387
StandWalkJump,0,42543.8582,success,0.25,4039.4771,0.3333333333333333,4127.9663,0.25,4122.0695,0.25,3987.2699,0.25,4055.9522,0.25,4119.1409,0.25,3269.7416,0.25,2772.2906,0.25,2470.1044,0.25,3232.1516,0.25,2734.2596,0.25,2441.6393
StandWalkJump,1,43342.2643,success,0.25,4073.2628,0.25,4149.203,0.25,4082.4739,0.25,3989.6105,0.25,4055.8851,0.25,4128.0317,0.25,3544.2419,0.25,3047.0602,0.25,2549.1254,0.25,3189.2061,0.25,2784.3333,0.25,2484.9814
StandWalkJump,2,42568.7909,success,0.08333333333333333,4045.7462,0.16666666666666666,4118.6837,0.16666666666666666,4104.4198,0.08333333333333333,3991.1199,0.16666666666666666,4058.8432,0.16666666666666666,4089.8481,0.16666666666666666,3239.6584,0.16666666666666666,2783.0245,0.16666666666666666,2480.2064,0.16666666666666666,3221.425,0.16666666666666666,2774.1101,0.16666666666666666,2478.4704
StandWalkJump,3,42711.3863,success,0.25,4075.9669,0.25,4095.763,0.25,4081.3832,0.25,3986.9754,0.25,4051.9573,0.25,4113.0208,0.25,3245.3515,0.25,2791.3567,0.25,2490.254,0.25,3236.9928,0.25,2785.7401,0.25,2486.5458
StandWalkJump,4,43893.6458,success,0.16666666666666666,4034.7572,0.25,4084.3892,0.3333333333333333,4136.4346,0.08333333333333333,4003.6035,0.3333333333333333,4072.4656,0.25,4141.3803,0.25,3469.6927,0.16666666666666666,2975.1298,0.25,2653.1297,0.25,3446.4615,0.16666666666666666,2965.8798,0.25,2648.9536
UWaveGestureLibrary,0,8044.0613,success,0.8166666666666668,764.2677,0.8249999999999998,792.4064,0.8249999999999998,795.2682,0.8166666666666668,738.2716,0.8249999999999998,774.0333,0.8249999999999998,793.3171,0.8583333333333334,523.9677,0.8416666666666667,533.8392,0.8333333333333334,538.7621,0.8583333333333334,521.0367,0.8416666666666667,532.8756,0.8333333333333334,538.3358
UWaveGestureLibrary,1,7572.5331,success,0.8249999999999998,718.8362,0.8249999999999998,713.3992,0.8249999999999998,716.5081,0.8249999999999998,745.5855,0.8249999999999998,780.2187,0.8249999999999998,784.9655,0.8416666666666667,517.1075,0.8583333333333334,531.2055,0.8583333333333334,534.9291,0.8416666666666667,518.3288,0.8583333333333334,528.0463,0.8583333333333334,350.4738
UWaveGestureLibrary,2,6961.775,success,0.8083333333333332,735.8646,0.8333333333333334,732.4866,0.8250000000000001,785.7543,0.8083333333333332,699.8996,0.8333333333333334,692.8156,0.8250000000000001,490.6129,0.8583333333333334,327.8065,0.8666666666666667,336.067,0.8583333333333334,486.864,0.8583333333333334,518.4834,0.8666666666666667,520.6713,0.8583333333333334,432.822
UWaveGestureLibrary,3,7320.2071,success,0.8666666666666666,695.1929,0.875,731.1543,0.875,735.5297,0.8666666666666666,554.9221,0.875,697.5057,0.875,708.3052,0.8833333333333333,488.5899,0.875,504.26,0.8916666666666666,508.1485,0.8833333333333333,490.1308,0.875,504.4877,0.8916666666666666,508.4556
UWaveGestureLibrary,4,7938.3576,success,0.8666666666666667,766.1979,0.8666666666666667,790.2546,0.8416666666666667,792.3223,0.8666666666666667,778.229,0.8666666666666667,789.8714,0.8416666666666667,788.1257,0.875,520.1951,0.8666666666666667,534.8972,0.8833333333333333,537.72,0.875,519.641,0.8666666666666667,534.7255,0.8833333333333333,452.8486
