dataset,seed,time_taken,status,"{'max_group': 3, 'n_estimators': 20, 'remove_proportion': 0.25}","time_{'max_group': 3, 'n_estimators': 20, 'remove_proportion': 0.25}","{'max_group': 3, 'n_estimators': 20, 'remove_proportion': 0.5}","time_{'max_group': 3, 'n_estimators': 20, 'remove_proportion': 0.5}","{'max_group': 3, 'n_estimators': 20, 'remove_proportion': 0.75}","time_{'max_group': 3, 'n_estimators': 20, 'remove_proportion': 0.75}","{'max_group': 3, 'n_estimators': 50, 'remove_proportion': 0.25}","time_{'max_group': 3, 'n_estimators': 50, 'remove_proportion': 0.25}","{'max_group': 3, 'n_estimators': 50, 'remove_proportion': 0.5}","time_{'max_group': 3, 'n_estimators': 50, 'remove_proportion': 0.5}","{'max_group': 3, 'n_estimators': 50, 'remove_proportion': 0.75}","time_{'max_group': 3, 'n_estimators': 50, 'remove_proportion': 0.75}","{'max_group': 7, 'n_estimators': 20, 'remove_proportion': 0.25}","time_{'max_group': 7, 'n_estimators': 20, 'remove_proportion': 0.25}","{'max_group': 7, 'n_estimators': 20, 'remove_proportion': 0.5}","time_{'max_group': 7, 'n_estimators': 20, 'remove_proportion': 0.5}","{'max_group': 7, 'n_estimators': 20, 'remove_proportion': 0.75}","time_{'max_group': 7, 'n_estimators': 20, 'remove_proportion': 0.75}","{'max_group': 7, 'n_estimators': 50, 'remove_proportion': 0.25}","time_{'max_group': 7, 'n_estimators': 50, 'remove_proportion': 0.25}","{'max_group': 7, 'n_estimators': 50, 'remove_proportion': 0.5}","time_{'max_group': 7, 'n_estimators': 50, 'remove_proportion': 0.5}","{'max_group': 7, 'n_estimators': 50, 'remove_proportion': 0.75}","time_{'max_group': 7, 'n_estimators': 50, 'remove_proportion': 0.75}"
ACSF1,0,7537.2148,success,0.6390374331550802,676.3349,0.6390374331550802,676.5733,0.6491384432560903,717.3448,0.6390374331550802,740.6453,0.6390374331550802,710.7787,0.6491384432560903,715.0486,0.6592394533571003,524.7134,0.6488413547237076,507.9135,0.6390374331550802,511.6386,0.6592394533571003,525.7376,0.6488413547237076,516.393,0.6390374331550802,523.0089
ACSF1,1,7193.2151,success,0.700237670825906,744.5421,0.7198455139631611,679.0233,0.7198455139631611,681.2312,0.700237670825906,697.4984,0.7198455139631611,679.2943,0.7198455139631611,682.8783,0.7599524658348188,480.3247,0.7498514557338086,468.6303,0.7596553773024363,474.1917,0.7599524658348188,482.8031,0.7498514557338086,467.4717,0.7596553773024363,472.6898
ACSF1,2,7111.7685,success,0.6598336304218658,786.1283,0.6500297088532383,754.8447,0.6702317290552585,639.9455,0.6598336304218658,652.9152,0.6500297088532383,631.6559,0.6702317290552585,637.3802,0.6800356506238859,454.8601,0.6601307189542484,443.7354,0.6702317290552585,469.5441,0.6800356506238859,489.9326,0.6601307189542484,479.1056,0.6702317290552585,485.0104
ACSF1,3,7334.9112,success,0.6696375519904931,658.7788,0.6696375519904931,703.5585,0.6898395721925134,678.7393,0.6696375519904931,719.5381,0.6696375519904931,725.2827,0.6898395721925134,716.6902,0.7103386809269162,502.436,0.7302436125965537,489.3878,0.7400475341651812,496.3481,0.7103386809269162,492.6129,0.7302436125965537,470.6453,0.7400475341651812,486.3199
ACSF1,4,7109.5576,success,0.6209150326797386,685.1886,0.6209150326797386,611.29,0.6108140225787285,648.7307,0.6209150326797386,722.2555,0.6209150326797386,662.8057,0.6108140225787285,743.5645,0.6209150326797386,523.1449,0.6310160427807486,488.4576,0.6310160427807486,442.8849,0.6209150326797386,522.8197,0.6310160427807486,439.6533,0.6310160427807486,437.7536
Adiac,0,3976.5273,success,0.7230769230769231,348.7198,0.7256410256410257,337.1115,0.7282051282051283,331.6701,0.7230769230769231,329.3379,0.7256410256410257,330.2222,0.7282051282051283,330.2519,0.7435897435897436,300.3116,0.7512820512820513,303.5743,0.7384615384615385,304.4274,0.7435897435897436,298.8534,0.7512820512820513,302.5246,0.7384615384615385,304.5782
Adiac,1,4027.5441,success,0.7384615384615385,343.2514,0.7384615384615385,345.722,0.735897435897436,330.9247,0.7384615384615385,340.9843,0.7384615384615385,330.4512,0.735897435897436,331.3088,0.7410256410256411,311.0614,0.7589743589743589,317.2044,0.7435897435897436,316.5451,0.7410256410256411,299.9248,0.7589743589743589,305.9059,0.7435897435897436,300.3574
Adiac,2,3951.3536,success,0.7410256410256411,344.9328,0.7333333333333334,341.9851,0.7282051282051283,323.5758,0.7410256410256411,318.4221,0.7333333333333334,324.491,0.7282051282051283,327.6382,0.7333333333333334,303.5892,0.735897435897436,312.1605,0.7307692307692308,300.6562,0.7333333333333334,295.3117,0.735897435897436,298.1745,0.7307692307692308,300.2833
Adiac,3,4077.8862,success,0.7128205128205128,349.3282,0.7230769230769232,352.4828,0.7410256410256411,348.8138,0.7128205128205128,338.0117,0.7230769230769232,338.9419,0.7410256410256411,338.9483,0.7282051282051283,305.918,0.7333333333333334,307.2153,0.7410256410256411,307.7065,0.7282051282051283,303.1129,0.7333333333333334,306.0994,0.7410256410256411,312.0769
Adiac,4,3999.3648,success,0.7435897435897436,337.61,0.7333333333333334,341.6339,0.7410256410256411,335.658,0.7435897435897436,327.4412,0.7333333333333334,334.0049,0.7410256410256411,334.5675,0.7435897435897436,305.1885,0.7538461538461538,300.9465,0.7487179487179487,305.9473,0.7435897435897436,306.4512,0.7538461538461538,299.13,0.7487179487179487,310.9852
ArrowHead,0,951.1084,success,0.7777777777777778,104.2063,0.8055555555555557,106.1346,0.7777777777777778,84.1607,0.7777777777777778,101.1562,0.8055555555555557,88.6169,0.7777777777777778,83.9093,0.8055555555555557,53.0925,0.7777777777777778,53.1379,0.7777777777777778,54.5391,0.8055555555555557,58.1565,0.7777777777777778,65.4876,0.7777777777777778,66.062
ArrowHead,1,938.0324,success,0.8333333333333334,92.9602,0.8333333333333334,95.8576,0.8055555555555557,94.9108,0.8333333333333334,95.5793,0.8333333333333334,101.7557,0.8055555555555557,88.5739,0.8055555555555555,54.5791,0.8055555555555555,55.4912,0.75,56.3551,0.8055555555555555,54.6767,0.8055555555555555,57.2124,0.75,60.0541
ArrowHead,2,980.2181,success,0.7777777777777778,90.9523,0.7777777777777778,97.6138,0.7777777777777778,107.6086,0.7777777777777778,102.8348,0.7777777777777778,83.3438,0.7777777777777778,89.8967,0.7777777777777778,63.1053,0.75,64.0546,0.7777777777777777,64.8107,0.7777777777777778,63.1347,0.75,64.3218,0.7777777777777777,62.1381
ArrowHead,3,932.8861,success,0.8333333333333334,93.4135,0.7777777777777778,93.4581,0.7777777777777778,94.2946,0.8333333333333334,93.2695,0.7777777777777778,92.9646,0.7777777777777778,90.7694,0.8333333333333334,56.5702,0.7777777777777778,57.6125,0.75,58.1824,0.8333333333333334,56.3978,0.7777777777777778,57.0196,0.75,59.6802
ArrowHead,4,945.2664,success,0.8333333333333334,85.7413,0.8333333333333334,87.9701,0.8333333333333334,87.4139,0.8333333333333334,87.503,0.8333333333333334,88.3653,0.8333333333333334,86.7833,0.8055555555555555,63.73,0.8055555555555555,65.3326,0.8055555555555555,65.3769,0.8055555555555555,64.1837,0.8055555555555555,65.1783,0.8055555555555555,65.5638
Beef,0,2017.0292,success,0.5666666666666667,185.3249,0.6,193.1851,0.6333333333333333,202.781,0.5666666666666667,221.4844,0.6,201.3589,0.6333333333333333,200.6143,0.6333333333333333,136.1406,0.7666666666666666,124.7523,0.7666666666666666,125.3352,0.6333333333333333,135.8418,0.7666666666666666,124.5518,0.7666666666666666,125.388
Beef,1,1840.5218,success,0.5666666666666667,193.397,0.6333333333333333,179.0295,0.6666666666666666,178.2481,0.5666666666666667,196.632,0.6333333333333333,179.6638,0.6666666666666666,178.7576,0.6,122.1884,0.7000000000000001,112.7045,0.7666666666666667,113.7202,0.6,122.5328,0.7000000000000001,112.4394,0.7666666666666667,113.6622
Beef,2,1895.9544,success,0.7000000000000001,206.3984,0.7666666666666666,188.7973,0.7666666666666666,188.9893,0.7000000000000001,206.5006,0.7666666666666666,188.3232,0.7666666666666666,186.918,0.7333333333333334,126.9505,0.8333333333333334,116.5789,0.8333333333333334,117.1796,0.7333333333333334,131.6536,0.8333333333333334,102.1471,0.8333333333333334,101.0002
Beef,3,1762.8956,success,0.7666666666666666,180.9376,0.7666666666666666,165.3768,0.7666666666666666,165.2887,0.7666666666666666,177.6943,0.7666666666666666,160.7191,0.7666666666666666,160.9501,0.7666666666666666,112.6107,0.7666666666666666,117.1256,0.8333333333333334,118.4759,0.7666666666666666,128.6508,0.7666666666666666,117.2216,0.8333333333333334,118.3365
Beef,4,1873.4662,success,0.7333333333333334,183.5453,0.6999999999999998,170.5568,0.7666666666666666,173.5691,0.7333333333333334,184.2976,0.6999999999999998,192.6552,0.7666666666666666,193.3945,0.6999999999999998,131.6048,0.7666666666666666,119.1749,0.7333333333333334,114.7266,0.6999999999999998,123.8222,0.7666666666666666,113.6625,0.7333333333333334,115.7009
BeetleFly,0,1831.6731,success,0.4444444444444444,213.6223,0.4444444444444444,169.2849,0.5,169.8874,0.4444444444444444,213.6508,0.4444444444444444,168.3943,0.5,168.8424,0.3968253968253968,130.8762,0.3968253968253968,102.3007,0.3968253968253968,104.2208,0.3968253968253968,131.0932,0.3968253968253968,103.4365,0.3968253968253968,104.2519
BeetleFly,1,1897.4015,success,0.6587301587301587,231.5796,0.6587301587301587,184.0239,0.6587301587301587,169.9585,0.6587301587301587,212.9388,0.6587301587301587,167.6877,0.6587301587301587,171.1865,0.6587301587301587,143.939,0.6587301587301587,110.1615,0.6587301587301587,116.4292,0.6587301587301587,146.0116,0.6587301587301587,97.4831,0.6587301587301587,97.73
BeetleFly,2,1818.5658,success,0.49206349206349204,231.9433,0.49206349206349204,173.242,0.49206349206349204,167.784,0.49206349206349204,210.542,0.49206349206349204,166.4177,0.49206349206349204,166.9805,0.5,129.425,0.49206349206349204,101.2213,0.49206349206349204,103.3427,0.5,129.3679,0.49206349206349204,102.4201,0.49206349206349204,102.155
BeetleFly,3,2113.0674,success,0.5555555555555555,246.0422,0.5555555555555555,195.3392,0.5555555555555555,197.569,0.5555555555555555,247.5962,0.5555555555555555,196.1486,0.5555555555555555,197.1871,0.6031746031746031,153.3712,0.6031746031746031,121.565,0.6507936507936507,122.5196,0.6031746031746031,153.182,0.6031746031746031,120.9028,0.6507936507936507,121.777
BeetleFly,4,2165.1735,success,0.6587301587301587,217.0509,0.6587301587301587,204.7237,0.7063492063492064,208.4452,0.6587301587301587,262.3276,0.6587301587301587,206.4061,0.7063492063492064,206.1578,0.6587301587301587,159.109,0.7619047619047619,125.7584,0.7063492063492064,126.9715,0.6587301587301587,158.9787,0.7619047619047619,125.5114,0.7063492063492064,124.3694
BirdChicken,0,1887.8377,success,0.6507936507936507,236.9476,0.746031746031746,184.8809,0.7936507936507936,167.9379,0.6507936507936507,197.815,0.746031746031746,162.19,0.7936507936507936,174.6894,0.6984126984126983,125.0449,0.6984126984126983,115.6105,0.6984126984126985,105.4643,0.6984126984126983,131.1064,0.6984126984126983,111.4206,0.6984126984126985,116.7716
BirdChicken,1,1994.5429,success,0.5476190476190476,254.243,0.5,171.7662,0.5,176.1992,0.5476190476190476,229.2902,0.5,181.7814,0.5,179.8762,0.6031746031746031,151.9134,0.5555555555555555,121.5318,0.6587301587301587,125.8687,0.6031746031746031,148.009,0.5555555555555555,116.2381,0.6587301587301587,100.774
BirdChicken,2,2168.7214,success,0.7063492063492064,253.4314,0.6587301587301587,201.1126,0.7063492063492064,200.9188,0.7063492063492064,252.0105,0.6587301587301587,199.9917,0.7063492063492064,200.8098,0.6587301587301587,155.6174,0.6587301587301587,122.5595,0.6111111111111112,122.9452,0.6587301587301587,153.9817,0.6587301587301587,121.8127,0.6111111111111112,123.0249
BirdChicken,3,2019.5361,success,0.6904761904761904,266.1661,0.7380952380952381,210.2297,0.7380952380952381,192.6398,0.6904761904761904,222.0736,0.7380952380952381,174.8485,0.7380952380952381,182.5562,0.6904761904761904,137.1559,0.6428571428571428,108.8876,0.7380952380952381,109.0314,0.6904761904761904,137.7312,0.6428571428571428,115.1191,0.7380952380952381,109.0001
BirdChicken,4,2194.6783,success,0.6428571428571429,255.916,0.746031746031746,204.2412,0.746031746031746,203.8581,0.6428571428571429,257.4216,0.746031746031746,204.0952,0.746031746031746,202.0458,0.6428571428571429,156.2649,0.6984126984126983,123.7857,0.6984126984126983,124.2295,0.6428571428571429,156.1831,0.6984126984126983,122.8223,0.6984126984126983,122.7295
BME,0,517.8615,success,0.9666666666666667,55.8611,0.9666666666666667,48.2525,0.9666666666666667,48.5774,0.9666666666666667,56.8758,0.9666666666666667,49.3113,0.9666666666666667,48.9965,0.9666666666666667,35.9758,0.9666666666666667,31.2026,0.9666666666666667,31.6254,0.9666666666666667,35.3679,0.9666666666666667,30.51,0.9666666666666667,30.6031
BME,1,492.9011,success,1.0,51.3979,0.9666666666666667,44.7747,0.9666666666666667,46.1029,1.0,52.5513,0.9666666666666667,45.0474,0.9666666666666667,46.3873,1.0,33.3793,1.0,28.9158,0.9666666666666667,29.1041,1.0,33.5386,1.0,33.6691,0.9666666666666667,34.3677
BME,2,587.5451,success,0.9666666666666667,63.7356,0.9666666666666667,55.3552,0.9666666666666667,55.5093,0.9666666666666667,64.4933,0.9666666666666667,55.8951,0.9666666666666667,55.7277,0.9666666666666667,41.1019,1.0,35.9357,0.9666666666666667,35.7561,0.9666666666666667,40.9257,1.0,35.6754,0.9666666666666667,35.8948
BME,3,574.7617,success,0.9333333333333332,64.4848,0.9333333333333332,55.3844,0.9333333333333332,55.964,0.9333333333333332,60.2445,0.9333333333333332,56.7735,0.9333333333333332,56.1443,0.9333333333333332,41.3679,0.9333333333333332,35.8007,0.9333333333333332,36.1639,0.9333333333333332,36.6184,0.9333333333333332,30.1611,0.9333333333333332,31.1361
BME,4,488.7315,success,1.0,50.4744,1.0,43.8768,1.0,44.7243,1.0,51.6371,1.0,45.0088,1.0,44.5531,1.0,33.0228,1.0,29.2913,1.0,28.9053,1.0,32.9681,1.0,32.5824,1.0,35.0284
Car,0,2535.5665,success,0.8333333333333334,254.5489,0.85,251.0653,0.85,252.3835,0.8333333333333334,253.3291,0.85,249.7586,0.85,252.312,0.85,160.9883,0.85,161.0324,0.8333333333333334,162.2705,0.85,160.9154,0.85,148.7059,0.8333333333333334,151.6662
Car,1,2285.2688,success,0.8166666666666665,225.325,0.8333333333333334,224.6917,0.85,219.9176,0.8166666666666665,220.6065,0.8333333333333334,221.9145,0.85,224.0365,0.85,143.5306,0.8166666666666668,140.6537,0.8333333333333334,141.7928,0.85,140.3376,0.8166666666666668,140.1855,0.8333333333333334,160.0893
Car,2,2244.6933,success,0.8666666666666667,257.831,0.8833333333333333,255.2208,0.8666666666666666,223.2006,0.8666666666666667,212.3511,0.8833333333333333,207.739,0.8666666666666666,210.2013,0.8333333333333334,134.5031,0.85,134.851,0.85,135.758,0.8333333333333334,134.5702,0.85,134.2419,0.85,135.4644
Car,3,2467.9835,success,0.7666666666666666,247.163,0.8000000000000002,244.2474,0.8166666666666668,244.8246,0.7666666666666666,246.4895,0.8000000000000002,241.5042,0.8166666666666668,242.585,0.75,154.7551,0.7999999999999999,154.5529,0.7999999999999999,155.0224,0.75,153.4731,0.7999999999999999,152.0336,0.7999999999999999,152.551
Car,4,2288.3993,success,0.85,225.8369,0.8666666666666667,224.0883,0.8666666666666667,225.9472,0.85,225.9797,0.8666666666666667,223.35,0.8666666666666667,223.3497,0.8666666666666667,143.8834,0.85,143.723,0.85,144.8146,0.8666666666666667,143.5649,0.85,143.861,0.85,145.3059
CBF,0,586.0045,success,0.9,60.8435,0.9333333333333332,55.4188,0.9,55.889,0.9,62.2951,0.9333333333333332,56.0275,0.9,56.0495,0.9,39.3965,0.9,36.0352,0.9,36.1532,0.9,39.2537,0.9,35.6814,0.9,35.7287
CBF,1,505.024,success,0.9333333333333332,54.0528,0.9333333333333332,48.9865,0.9333333333333332,50.6196,0.9333333333333332,56.1187,0.9333333333333332,51.3938,0.9333333333333332,48.6796,0.9333333333333332,32.4558,0.9333333333333332,28.8389,0.9,29.0255,0.9333333333333332,31.7267,0.9333333333333332,29.8408,0.9,29.1605
CBF,2,473.9529,success,0.9666666666666667,48.815,0.9666666666666667,44.3997,0.9666666666666667,45.4631,0.9666666666666667,49.4499,0.9666666666666667,45.6737,0.9666666666666667,45.0956,0.9333333333333332,31.72,0.9333333333333332,28.934,0.9333333333333332,29.8791,0.9333333333333332,31.644,0.9333333333333332,29.0152,0.9333333333333332,29.1047
CBF,3,516.7383,success,0.9666666666666667,53.1892,0.9333333333333332,48.7807,0.9333333333333332,48.8985,0.9666666666666667,54.4348,0.9333333333333332,49.7231,0.9333333333333332,49.0779,0.9333333333333332,34.8756,0.9333333333333332,31.4293,0.9666666666666667,32.0176,0.9333333333333332,34.8716,0.9333333333333332,31.9768,0.9666666666666667,31.8493
CBF,4,492.3655,success,0.8666666666666667,50.7339,0.9,45.5506,0.9,46.9602,0.8666666666666667,51.0124,0.9,46.2118,0.9,47.4199,0.9,32.7419,0.8666666666666667,29.8954,0.9,30.0813,0.9,33.8179,0.8666666666666667,29.9583,0.9,30.9045
Chinatown,0,141.1718,success,1.0,15.1567,0.9444444444444445,12.3165,1.0,12.592,1.0,15.0198,0.9444444444444445,12.6144,1.0,12.6372,0.9444444444444445,10.9384,0.9444444444444445,9.351,0.9444444444444445,9.2779,0.9444444444444445,11.0598,0.9444444444444445,8.6788,0.9444444444444445,8.0462
Chinatown,1,135.2313,success,1.0,13.7476,1.0,11.6815,1.0,11.8819,1.0,14.0606,1.0,11.8373,1.0,11.8561,0.9523809523809524,10.3819,0.9523809523809524,8.9516,1.0,8.8531,0.9523809523809524,10.5179,0.9523809523809524,8.7956,1.0,8.8145
Chinatown,2,110.1905,success,1.0,12.0963,1.0,9.4878,0.9444444444444445,9.6074,1.0,11.4518,1.0,9.5523,0.9444444444444445,9.5465,0.9444444444444445,8.3938,0.9444444444444445,7.1276,0.9444444444444445,7.1099,0.9444444444444445,8.4994,0.9444444444444445,7.0621,0.9444444444444445,7.155
Chinatown,3,124.9047,success,0.9523809523809524,11.5836,0.9523809523809524,10.0412,0.9523809523809524,10.1443,0.9523809523809524,12.1074,0.9523809523809524,10.3537,0.9523809523809524,11.5455,0.9523809523809524,10.175,0.9523809523809524,8.7085,0.9523809523809524,8.6251,0.9523809523809524,10.3059,0.9523809523809524,9.1533,0.9523809523809524,8.3839
Chinatown,4,140.0479,success,1.0,14.8071,1.0,12.0715,1.0,12.251,1.0,14.6203,1.0,12.1188,1.0,12.241,0.9523809523809524,10.7119,0.9523809523809524,9.156,0.9523809523809524,9.0672,0.9523809523809524,10.8285,0.9523809523809524,9.0945,0.9523809523809524,9.1629
ChlorineConcentration,0,2438.3874,success,0.811552247036118,211.8873,0.8051282051282053,212.8761,0.8136889991728701,211.5596,0.811552247036118,210.4791,0.8051282051282053,215.9392,0.8136889991728701,209.1127,0.8094017094017095,184.7695,0.8157981803143093,179.1034,0.8136889991728701,178.9449,0.8094017094017095,177.543,0.8157981803143093,177.5215,0.8136889991728701,179.2194
ChlorineConcentration,1,2402.0378,success,0.788006617038875,217.9902,0.788006617038875,204.1923,0.7858698649021228,215.5937,0.788006617038875,215.1971,0.788006617038875,208.7852,0.7858698649021228,198.7041,0.7730079955886406,173.3294,0.7901295836779708,173.9893,0.7773090708574579,176.0326,0.7730079955886406,175.2882,0.7901295836779708,177.1866,0.7773090708574579,176.6429
ChlorineConcentration,2,2502.8124,success,0.8094292803970223,214.919,0.800854700854701,217.0493,0.8051006341328922,215.1372,0.8094292803970223,215.2858,0.800854700854701,214.6985,0.8051006341328922,215.0707,0.8072787427626137,185.2451,0.8072925282602702,184.5367,0.8029776674937965,185.1523,0.8072787427626137,184.9794,0.8072925282602702,183.9298,0.8029776674937965,184.7808
ChlorineConcentration,3,2425.792,success,0.8308243727598565,217.2078,0.8308381582575132,220.5575,0.8372897711607389,208.1816,0.8308243727598565,209.2733,0.8308381582575132,218.8564,0.8372897711607389,201.0546,0.8137303556658395,175.6914,0.830865729252826,175.2586,0.8223187207058175,173.7147,0.8137303556658395,173.6661,0.830865729252826,172.8678,0.8223187207058175,179.7188
ChlorineConcentration,4,2441.422,success,0.8478770333609044,207.6508,0.8457678522194652,208.4098,0.8543424317617866,206.4415,0.8478770333609044,205.4966,0.8457678522194652,203.9928,0.8543424317617866,202.8801,0.8500413564929694,182.7986,0.8479321753515302,185.4153,0.8500551419906258,184.9552,0.8500413564929694,184.4454,0.8479321753515302,184.045,0.8500551419906258,184.1299
CinCECGTorso,0,5872.1335,success,0.6483516483516484,644.1252,0.6465201465201466,617.3508,0.6227106227106227,598.8392,0.6483516483516484,687.6144,0.6465201465201466,600.1054,0.6227106227106227,532.1339,0.6227106227106227,350.1258,0.6739926739926739,345.6484,0.598901098901099,338.0755,0.6227106227106227,350.5287,0.6739926739926739,344.1123,0.598901098901099,338.6075
CinCECGTorso,1,5676.8789,success,0.7216117216117217,556.8604,0.7216117216117216,538.5488,0.6959706959706958,529.8265,0.7216117216117217,559.1954,0.7216117216117216,538.412,0.6959706959706958,527.0919,0.7472527472527473,345.612,0.7472527472527473,339.6963,0.7472527472527473,334.1714,0.7472527472527473,436.3087,0.7472527472527473,421.2924,0.7472527472527473,414.4627
CinCECGTorso,2,6589.1884,success,0.6483516483516484,698.4493,0.6978021978021979,691.2583,0.6978021978021979,677.6419,0.6483516483516484,695.3482,0.6978021978021979,665.8828,0.6978021978021979,644.5255,0.6739926739926739,377.4897,0.6721611721611721,366.2772,0.6245421245421245,356.4538,0.6739926739926739,389.3601,0.6721611721611721,407.2477,0.6245421245421245,409.1188
CinCECGTorso,3,6480.6859,success,0.5750915750915752,600.307,0.5494505494505494,620.7189,0.5750915750915752,648.9275,0.5750915750915752,655.0262,0.5494505494505494,663.165,0.5750915750915752,647.1757,0.5494505494505494,410.4084,0.5494505494505494,413.0546,0.5494505494505494,388.7848,0.5494505494505494,416.7682,0.5494505494505494,406.6648,0.5494505494505494,399.4141
CinCECGTorso,4,6116.9136,success,0.6813186813186812,605.4093,0.63003663003663,582.2096,0.6813186813186812,562.919,0.6813186813186812,591.5484,0.63003663003663,649.9058,0.6813186813186812,665.6223,0.6813186813186812,435.2766,0.6556776556776557,423.4674,0.7545787545787546,416.0262,0.6813186813186812,369.0536,0.6556776556776557,348.6515,0.7545787545787546,343.5212
Coffee,0,1024.7867,success,1.0,114.5738,1.0,105.4601,1.0,117.2318,1.0,103.0905,1.0,101.171,1.0,99.2854,1.0,59.8022,1.0,59.891,1.0,60.0091,1.0,56.4298,1.0,58.902,1.0,60.8113
Coffee,1,1152.1019,success,1.0,113.3575,1.0,114.9488,1.0,115.5896,1.0,114.4555,1.0,115.0082,1.0,115.0059,1.0,70.3192,1.0,71.5235,1.0,72.2311,1.0,70.4229,1.0,71.3115,1.0,72.4564
Coffee,2,961.5322,success,1.0,93.5452,1.0,96.6251,1.0,97.5747,1.0,95.0323,1.0,96.7241,1.0,96.5544,1.0,57.7821,1.0,60.0125,1.0,59.5373,1.0,57.956,1.0,60.1127,1.0,59.6456
Coffee,3,954.9328,success,1.0,88.4239,1.0,88.6837,1.0,89.3665,1.0,88.2298,1.0,98.66,1.0,102.1203,1.0,60.0391,1.0,60.8871,1.0,61.5823,1.0,59.9979,1.0,60.925,1.0,65.7706
Coffee,4,977.8562,success,1.0,95.997,1.0,97.8426,1.0,98.7012,1.0,97.1976,1.0,98.0845,1.0,97.9506,1.0,59.1494,1.0,60.8989,1.0,60.8542,1.0,59.809,1.0,60.1722,1.0,61.734
Computers,0,5058.5269,success,0.6118760757314975,468.2158,0.5999235035379614,470.5013,0.6118282654427233,468.7684,0.6118760757314975,461.4853,0.5999235035379614,464.9705,0.6118282654427233,470.1735,0.5919391853126793,352.8105,0.5919391853126793,342.3703,0.5879231210556511,353.4401,0.5919391853126793,351.6028,0.5919391853126793,336.9699,0.5879231210556511,332.9384
Computers,1,4845.6782,success,0.6397494740868235,442.9068,0.6477337923121056,443.6227,0.6438611589213998,445.0756,0.6397494740868235,434.9555,0.6477337923121056,427.1637,0.6438611589213998,410.8015,0.667766303308472,354.7871,0.6557659208261618,358.1977,0.6717823675655001,358.5473,0.667766303308472,342.8378,0.6557659208261618,333.3295,0.6717823675655001,338.715
Computers,2,4744.7976,success,0.643908969210174,474.2126,0.6519410977242303,411.0004,0.6518932874354562,410.5512,0.643908969210174,409.098,0.6519410977242303,410.6118,0.6518932874354562,411.586,0.627988143048384,337.5978,0.6439089692101739,350.8885,0.6480206540447505,337.4312,0.627988143048384,333.6413,0.6439089692101739,337.7016,0.6480206540447505,337.9002
Computers,3,4524.3799,success,0.6119716963090457,462.9106,0.6158921399885255,404.9488,0.6359246509848919,404.4228,0.6119716963090457,400.3401,0.6158921399885255,403.4728,0.6359246509848919,404.6947,0.6359724612736661,312.8797,0.6079078217632434,314.5309,0.627988143048384,314.8368,0.6359724612736661,312.9568,0.6079078217632434,314.3022,0.627988143048384,322.1035
Computers,4,5037.9615,success,0.7040543124880475,465.7889,0.692006119716963,429.4495,0.707926945878753,435.6229,0.7040543124880475,480.5139,0.692006119716963,481.9677,0.707926945878753,466.1087,0.6921495505832856,340.2896,0.6881812966150315,342.2478,0.6721648498756932,343.5816,0.6921495505832856,340.7013,0.6881812966150315,358.0725,0.6721648498756932,359.2298
CricketX,0,4865.7433,success,0.6025641025641025,419.5014,0.617948717948718,398.6961,0.6205128205128205,400.424,0.6025641025641025,410.1736,0.617948717948718,419.2048,0.6205128205128205,417.9608,0.6128205128205129,367.3449,0.6256410256410256,369.954,0.6307692307692307,370.5271,0.6128205128205129,368.6454,0.6256410256410256,371.45,0.6307692307692307,367.1248
CricketX,1,4654.4278,success,0.5974358974358974,403.0707,0.6025641025641025,396.8364,0.6102564102564103,390.3457,0.5974358974358974,386.2383,0.6025641025641025,387.3319,0.6102564102564103,386.135,0.6230769230769231,344.0316,0.6153846153846154,347.4602,0.6025641025641026,347.6372,0.6230769230769231,349.0426,0.6153846153846154,368.7591,0.6025641025641026,364.2925
CricketX,2,4655.0509,success,0.6230769230769231,392.44,0.6076923076923076,392.4581,0.6153846153846154,392.1615,0.6230769230769231,390.7672,0.6076923076923076,392.4091,0.6153846153846154,392.8268,0.6179487179487179,346.9875,0.6128205128205128,352.8213,0.6102564102564102,347.5072,0.6179487179487179,344.0586,0.6128205128205128,358.466,0.6102564102564102,362.2376
CricketX,3,4676.9406,success,0.6307692307692307,399.9784,0.6384615384615384,405.4413,0.6282051282051282,388.0654,0.6307692307692307,393.2368,0.6384615384615384,403.2094,0.6282051282051282,393.8098,0.6282051282051282,351.0757,0.6282051282051282,346.1189,0.6333333333333333,345.5044,0.6282051282051282,346.6032,0.6282051282051282,361.2261,0.6333333333333333,353.7412
CricketX,4,4741.092,success,0.5974358974358974,398.0234,0.6230769230769231,399.4438,0.6153846153846154,399.3459,0.5974358974358974,397.0163,0.6230769230769231,396.1876,0.6153846153846154,394.5731,0.6153846153846154,352.5454,0.617948717948718,354.7651,0.6230769230769231,355.4882,0.6153846153846154,363.6063,0.617948717948718,367.3556,0.6230769230769231,367.2013
CricketY,0,4583.0001,success,0.6051282051282052,380.0106,0.6282051282051282,384.3872,0.6128205128205129,386.6296,0.6051282051282052,388.252,0.6282051282051282,387.1075,0.6128205128205129,388.0866,0.6076923076923078,338.9352,0.6128205128205129,349.5131,0.6102564102564102,349.5798,0.6076923076923078,347.6499,0.6128205128205129,347.9906,0.6102564102564102,348.0626
CricketY,1,4535.7774,success,0.6076923076923078,385.8569,0.6025641025641026,371.5455,0.5948717948717949,369.6361,0.6076923076923078,376.8428,0.6025641025641026,384.7776,0.5948717948717949,385.1586,0.5923076923076923,339.2553,0.5666666666666668,342.9482,0.5871794871794872,341.2488,0.5923076923076923,345.9604,0.5666666666666668,357.1129,0.5871794871794872,347.0702
CricketY,2,4769.1973,success,0.6128205128205128,408.4817,0.6076923076923076,409.2041,0.6076923076923078,409.0658,0.6128205128205128,406.7033,0.6076923076923076,404.2295,0.6076923076923078,401.8888,0.5923076923076923,354.8405,0.5871794871794872,358.6899,0.576923076923077,358.4425,0.5923076923076923,355.0323,0.5871794871794872,358.5695,0.576923076923077,357.173
CricketY,3,4551.4074,success,0.6128205128205128,409.6135,0.6307692307692307,408.8597,0.635897435897436,387.5393,0.6128205128205128,376.1476,0.6307692307692307,377.6937,0.635897435897436,376.7024,0.5974358974358974,336.623,0.617948717948718,339.4395,0.6,339.2734,0.5974358974358974,336.2743,0.617948717948718,339.9109,0.6,339.5119
CricketY,4,4575.839,success,0.5948717948717949,412.5951,0.5820512820512821,392.1592,0.5897435897435898,380.0118,0.5948717948717949,379.7261,0.5820512820512821,381.1258,0.5897435897435898,379.5375,0.5717948717948719,337.0271,0.5743589743589743,340.0653,0.5820512820512821,338.8857,0.5717948717948719,337.0672,0.5743589743589743,359.8756,0.5820512820512821,351.2178
CricketZ,0,4645.5612,success,0.5897435897435898,408.4877,0.5923076923076923,382.7476,0.5948717948717949,382.6063,0.5897435897435898,381.5491,0.5923076923076923,381.6004,0.5948717948717949,381.4749,0.6,343.6028,0.5948717948717949,367.878,0.6,371.1331,0.6,351.0925,0.5948717948717949,352.2501,0.6,357.409
CricketZ,1,4777.5727,success,0.6076923076923076,416.6683,0.5641025641025642,413.837,0.5820512820512821,403.1029,0.6076923076923076,415.943,0.5641025641025642,403.1553,0.5820512820512821,399.0079,0.5820512820512821,350.7942,0.5897435897435898,352.2415,0.5871794871794872,354.8074,0.5820512820512821,346.9523,0.5897435897435898,360.3364,0.5871794871794872,362.5312
CricketZ,2,4823.6858,success,0.5820512820512821,393.3093,0.5923076923076923,421.1735,0.5871794871794872,419.9297,0.5820512820512821,418.7273,0.5923076923076923,405.3169,0.5871794871794872,405.7342,0.6128205128205129,350.8005,0.5923076923076923,355.806,0.6051282051282052,359.1744,0.6128205128205129,367.1645,0.5923076923076923,372.4744,0.6051282051282052,371.4364
CricketZ,3,4629.8687,success,0.6,420.2904,0.5897435897435898,393.8993,0.6153846153846154,385.5068,0.6,384.7419,0.5897435897435898,385.0432,0.6153846153846154,385.0446,0.6205128205128204,347.1294,0.6230769230769231,349.5077,0.6153846153846153,349.6984,0.6205128205128204,347.0159,0.6230769230769231,350.6538,0.6153846153846153,350.7399
CricketZ,4,4768.8092,success,0.6102564102564102,424.6579,0.6,415.5733,0.6025641025641025,402.0123,0.6102564102564102,398.0197,0.6,395.7844,0.6025641025641025,398.8965,0.6102564102564103,352.7635,0.5897435897435898,363.3938,0.5923076923076923,360.829,0.6102564102564103,356.3982,0.5897435897435898,358.3887,0.5923076923076923,357.2841
Crop,0,22256.2673,success,0.7654166666666665,1832.1205,0.7661111111111111,1831.4956,0.765,1828.3432,0.7654166666666665,1816.3019,0.7661111111111111,1820.5004,0.765,1812.5609,0.7656944444444443,1809.9964,0.7663888888888889,1809.3663,0.7661111111111111,1824.6376,0.7656944444444443,1820.295,0.7663888888888889,1796.1794,0.7661111111111111,1622.9245
Crop,1,21859.8589,success,0.7609722222222223,1851.8203,0.7606944444444445,1849.8792,0.7613888888888889,1841.3591,0.7609722222222223,1815.2195,0.7606944444444445,1807.5226,0.7613888888888889,1809.7996,0.7625000000000001,1814.2728,0.7608333333333333,1816.6942,0.7644444444444445,1836.636,0.7625000000000001,1821.4696,0.7608333333333333,1727.4719,0.7644444444444445,1238.7748
Crop,2,21711.2936,success,0.763888888888889,1825.4787,0.7637499999999999,1819.2713,0.7619444444444444,1836.5298,0.763888888888889,1829.6301,0.7637499999999999,1804.7067,0.7619444444444444,1801.7203,0.7675000000000001,1799.846,0.7683333333333334,1810.1066,0.7683333333333332,1812.805,0.7675000000000001,1815.7218,0.7683333333333334,1719.8858,0.7683333333333332,1209.671
Crop,3,21816.3752,success,0.7627777777777777,1829.2051,0.75875,1827.1395,0.7623611111111112,1842.8531,0.7627777777777777,1819.5364,0.75875,1816.8878,0.7623611111111112,1801.9394,0.7652777777777778,1809.8294,0.7661111111111111,1800.4529,0.7663888888888889,1812.0818,0.7652777777777778,1813.7116,0.7661111111111111,1799.646,0.7663888888888889,1220.9579
Crop,4,22182.5936,success,0.7670833333333333,1833.0455,0.7680555555555556,1819.7137,0.7676388888888889,1841.1649,0.7670833333333333,1838.9434,0.7680555555555556,1821.4416,0.7676388888888889,1822.7718,0.7725,1808.7408,0.7677777777777779,1811.9778,0.7711111111111112,1815.0888,0.7725,1809.7641,0.7677777777777779,1660.7643,0.7711111111111112,1664.6364
DiatomSizeReduction,0,1466.2853,success,0.9444444444444445,177.5835,0.9444444444444445,142.391,0.9444444444444445,124.4577,0.9444444444444445,153.9541,0.9444444444444445,132.8087,0.9444444444444445,125.9311,0.9444444444444445,96.785,0.9444444444444445,82.1071,0.9444444444444445,83.8318,0.9444444444444445,108.4023,0.9444444444444445,97.6611,0.9444444444444445,92.3407
DiatomSizeReduction,1,1392.4407,success,0.9333333333333332,167.2498,0.9333333333333332,116.3786,0.9333333333333332,141.4986,0.9333333333333332,173.0431,0.9333333333333332,127.3328,0.9333333333333332,121.3932,0.9333333333333332,93.7065,0.9333333333333332,79.081,0.9333333333333332,75.1188,0.9333333333333332,99.318,0.9333333333333332,78.8379,0.9333333333333332,75.6442
DiatomSizeReduction,2,1447.8433,success,0.9444444444444445,182.2508,0.9444444444444445,152.6131,0.9444444444444445,142.8351,0.9444444444444445,158.0964,0.9444444444444445,130.6632,0.9444444444444445,123.054,0.9444444444444445,97.0467,0.9444444444444445,80.9239,0.9444444444444445,76.9196,0.9444444444444445,96.7887,0.9444444444444445,80.9308,0.9444444444444445,81.2968
DiatomSizeReduction,3,1533.1114,success,0.9333333333333332,155.5304,0.9333333333333332,132.9096,0.9333333333333332,132.8993,0.9333333333333332,159.0231,0.9333333333333332,138.6791,0.9333333333333332,151.5453,0.8777777777777779,113.2288,0.9333333333333332,96.931,0.9333333333333332,94.2105,0.8777777777777779,113.285,0.9333333333333332,97.5916,0.9333333333333332,94.674
DiatomSizeReduction,4,1507.7468,success,0.9444444444444445,170.1381,0.9444444444444445,145.644,0.9444444444444445,135.9917,0.9444444444444445,172.3361,0.9444444444444445,143.2692,0.9444444444444445,135.7099,0.9444444444444445,105.4656,0.9444444444444445,89.5353,0.9444444444444445,83.4313,0.9444444444444445,106.8162,0.9444444444444445,87.7038,0.9444444444444445,83.8003
DistalPhalanxOutlineCorrect,0,1103.0218,success,0.8416666666666667,93.0604,0.8416666666666667,94.1446,0.8466666666666667,94.668,0.8416666666666667,93.9438,0.8416666666666667,94.3897,0.8466666666666667,93.9616,0.8433333333333334,82.5142,0.8383333333333333,82.3986,0.8449999999999999,82.8748,0.8433333333333334,82.2552,0.8383333333333333,82.7125,0.8449999999999999,82.1894
DistalPhalanxOutlineCorrect,1,1042.4468,success,0.835,88.253,0.8383333333333333,90.1841,0.8333333333333334,91.2039,0.835,87.7882,0.8383333333333333,87.8696,0.8333333333333334,88.1797,0.8316666666666667,77.5837,0.8233333333333333,78.2155,0.8266666666666667,78.0935,0.8316666666666667,77.7263,0.8233333333333333,77.7826,0.8266666666666667,78.0956
DistalPhalanxOutlineCorrect,2,1056.333,success,0.83,86.0525,0.8333333333333334,91.59,0.8316666666666667,90.5869,0.83,93.2524,0.8333333333333334,92.7241,0.8316666666666667,92.5568,0.8366666666666666,78.8895,0.8283333333333333,77.9135,0.83,77.8729,0.8366666666666666,77.7655,0.8283333333333333,77.6497,0.83,79.8177
DistalPhalanxOutlineCorrect,3,1070.9109,success,0.8416666666666667,92.6332,0.8266666666666665,95.5505,0.8249999999999998,92.8271,0.8416666666666667,93.9727,0.8266666666666665,95.9286,0.8249999999999998,88.5668,0.8300000000000001,78.3457,0.835,78.105,0.835,78.1497,0.8300000000000001,78.0103,0.835,79.5562,0.835,78.1264
DistalPhalanxOutlineCorrect,4,1088.193,success,0.8383333333333333,95.5285,0.8316666666666666,92.4175,0.8450000000000001,92.747,0.8383333333333333,90.1493,0.8316666666666666,87.1849,0.8450000000000001,93.7219,0.8466666666666667,82.6529,0.8450000000000001,82.1874,0.8399999999999999,82.5774,0.8466666666666667,83.4802,0.8450000000000001,83.8553,0.8399999999999999,81.8557
DistalPhalanxOutlineAgeGroup,0,675.9539,success,0.8599857853589197,58.5484,0.8599857853589196,60.417,0.86249205102308,60.8267,0.8599857853589197,60.6827,0.8599857853589196,60.7838,0.86249205102308,60.7678,0.8499794261773838,48.5258,0.8499794261773838,49.0693,0.8574982231698649,48.0632,0.8499794261773838,47.4046,0.8499794261773838,47.9522,0.8574982231698649,47.8951
DistalPhalanxOutlineAgeGroup,1,704.8192,success,0.8300602251898402,64.311,0.8325664908540006,61.3813,0.8325664908540006,61.739,0.8300602251898402,61.546,0.8325664908540006,61.7127,0.8325664908540006,61.5139,0.8425915535106423,48.9583,0.8425728500355366,49.376,0.8375790221823215,52.5957,0.8425915535106423,52.3495,0.8425728500355366,53.1839,0.8375790221823215,52.6819
DistalPhalanxOutlineAgeGroup,2,670.0398,success,0.8425354430853252,56.1606,0.8400291774211648,57.8866,0.8475105674634347,58.2069,0.8425354430853252,58.3048,0.8400291774211648,58.6937,0.8475105674634347,60.8221,0.8450417087494856,48.2726,0.8450043017992743,48.8366,0.8400104739460592,49.9692,0.8450417087494856,48.5294,0.8450043017992743,48.8741,0.8400104739460592,49.6883
DistalPhalanxOutlineAgeGroup,3,690.294,success,0.8498859088018554,56.9156,0.8448920809486403,57.552,0.8523921744660158,58.4805,0.8498859088018554,57.7124,0.8448920809486403,58.6937,0.8523921744660158,64.785,0.8549171436052818,51.8167,0.8498859088018554,52.4046,0.8549171436052818,52.4988,0.8549171436052818,51.5904,0.8498859088018554,52.2155,0.8549171436052818,52.2902
DistalPhalanxOutlineAgeGroup,4,712.5367,success,0.8474544570381176,63.9186,0.8474357535630119,64.4652,0.8424232222346912,64.8156,0.8474544570381176,64.7905,0.8474357535630119,64.2972,0.8424232222346912,64.306,0.8474357535630119,51.0134,0.8449668948490631,48.6441,0.8374668013316874,48.4077,0.8474357535630119,48.2426,0.8449668948490631,51.4928,0.8374668013316874,51.4608
DistalPhalanxTW,0,812.3564,success,0.7925036471776455,70.7461,0.795009912841806,71.4171,0.7975161785059663,71.8937,0.7925036471776455,71.4049,0.795009912841806,71.7648,0.7975161785059663,72.2035,0.7950286163169117,58.0373,0.7900160849885909,58.9439,0.7900160849885909,59.3664,0.7950286163169117,58.025,0.7900160849885909,58.9297,0.7900160849885909,59.226
DistalPhalanxTW,1,788.5913,success,0.804960161598025,67.7246,0.8124415516402946,71.8519,0.804960161598025,72.564,0.804960161598025,66.4793,0.8124415516402946,68.1579,0.804960161598025,72.3643,0.8049788650731305,58.6573,0.8149665207795608,59.5007,0.8149852242546666,59.4407,0.8049788650731305,52.6698,0.8149665207795608,53.6795,0.8149852242546666,58.6864
DistalPhalanxTW,2,812.9116,success,0.8150413346799835,71.282,0.8125350690158232,72.1403,0.815022631204878,72.5367,0.8150413346799835,72.2123,0.8125350690158232,72.4788,0.815022631204878,72.644,0.8100475068267684,58.1967,0.8174914899188269,59.089,0.8025100063591815,59.3662,0.8100475068267684,57.735,0.8174914899188269,58.8728,0.8025100063591815,59.2939
DistalPhalanxTW,3,783.5595,success,0.8050349754984477,69.4097,0.8150039277297721,71.3665,0.815022631204878,71.9606,0.8050349754984477,71.4977,0.8150039277297721,71.4702,0.815022631204878,71.4815,0.8150787416301949,57.7026,0.822541428197359,56.6603,0.8200351625331986,54.3228,0.8150787416301949,53.2247,0.822541428197359,54.2359,0.8200351625331986,54.3843
DistalPhalanxTW,4,793.9324,success,0.807485130737291,69.1136,0.8199790521078816,69.6305,0.8225040212471476,69.9931,0.807485130737291,70.1074,0.8199790521078816,70.3039,0.8225040212471476,70.2439,0.8125163655407174,57.0956,0.8125163655407174,57.8806,0.8150039277297721,57.7067,0.8125163655407174,56.5795,0.8125163655407174,57.4194,0.8150039277297721,57.7801
Earthquakes,0,3795.7781,success,0.8044594438675435,344.1002,0.8013730241144571,347.5173,0.8013730241144571,347.9902,0.8044594438675435,346.6146,0.8013730241144571,347.7417,0.8013730241144571,343.3823,0.8168051228798893,259.8259,0.8137187031268028,263.2042,0.8168051228798893,269.4186,0.8168051228798893,265.6825,0.8137187031268028,268.1116,0.8168051228798893,270.0268
Earthquakes,1,3658.0341,success,0.8136610130379601,346.8356,0.8167762778354679,325.9838,0.8198915426329757,318.6723,0.8136610130379601,335.9866,0.8167762778354679,343.4772,0.8198915426329757,342.4671,0.8167762778354679,261.4522,0.8136610130379601,255.5488,0.8167762778354679,250.1211,0.8167762778354679,244.1038,0.8136610130379601,247.301,0.8167762778354679,251.3902
Earthquakes,2,3425.3075,success,0.8167762778354678,307.8386,0.8230068074304834,309.9244,0.8198915426329756,311.2231,0.8167762778354678,306.2096,0.8230068074304834,308.1336,0.8198915426329756,309.2271,0.8198915426329756,239.001,0.8167762778354678,243.047,0.8230068074304834,241.6055,0.8198915426329756,237.2769,0.8167762778354678,239.8471,0.8230068074304834,241.2668
Earthquakes,3,3557.4519,success,0.8074593284873659,322.3231,0.8105745932848737,323.5596,0.8105745932848737,324.0781,0.8074593284873659,322.8068,0.8105745932848737,322.0772,0.8105745932848737,334.3718,0.8198915426329756,237.5538,0.8198915426329756,241.3317,0.8136610130379601,265.2715,0.8198915426329756,261.2885,0.8198915426329756,249.5511,0.8136610130379601,240.0073
Earthquakes,4,3685.8856,success,0.8198915426329756,312.1472,0.8198915426329756,313.2787,0.8198915426329756,327.1404,0.8198915426329756,326.4511,0.8198915426329756,339.0962,0.8198915426329756,342.9695,0.8198915426329756,258.718,0.8198915426329756,262.4709,0.8198915426329756,266.1813,0.8198915426329756,262.6999,0.8198915426329756,265.1896,0.8198915426329756,266.0961
ECG200,0,485.8104,success,0.8897801544860369,45.6845,0.8897801544860369,46.522,0.8799762329174095,46.7224,0.8897801544860369,46.1085,0.8897801544860369,46.8223,0.8799762329174095,47.2666,0.8698752228163994,31.6355,0.8897801544860369,31.8939,0.8698752228163994,32.1724,0.8698752228163994,31.6249,0.8897801544860369,32.0543,0.8698752228163994,32.1636
ECG200,1,416.787,success,0.8906714200831848,44.1474,0.8906714200831848,44.8132,0.8906714200831848,44.9018,0.8906714200831848,35.7332,0.8906714200831848,36.1541,0.8906714200831848,36.508,0.8906714200831848,24.9394,0.8805704099821746,25.2049,0.8906714200831848,25.306,0.8906714200831848,24.7478,0.8805704099821746,28.3589,0.8906714200831848,31.1296
ECG200,2,401.6099,success,0.8202614379084968,37.1788,0.8303624480095069,37.8912,0.8202614379084968,38.069,0.8202614379084968,38.4588,0.8303624480095069,38.0731,0.8202614379084968,38.4925,0.8104575163398694,26.2697,0.8202614379084968,27.662,0.8199643493761141,26.7689,0.8104575163398694,26.2154,0.8202614379084968,26.621,0.8199643493761141,26.7471
ECG200,3,435.4666,success,0.8594771241830066,39.8989,0.8594771241830066,41.6506,0.8493761140819963,41.933,0.8594771241830066,41.388,0.8594771241830066,42.005,0.8493761140819963,42.4806,0.8490790255496137,28.5509,0.8493761140819963,29.0311,0.8389780154486036,29.0362,0.8490790255496137,28.5161,0.8493761140819963,28.9285,0.8389780154486036,28.4658
ECG200,4,461.9664,success,0.8799762329174095,43.9074,0.8701723113487819,44.5632,0.8600713012477718,44.9725,0.8799762329174095,44.1442,0.8701723113487819,45.1301,0.8600713012477718,45.3563,0.8698752228163994,30.3828,0.8499702911467617,30.685,0.8597742127153892,30.7054,0.8698752228163994,28.9136,0.8499702911467617,29.3575,0.8597742127153892,29.5749
ECG5000,0,1289.4699,success,0.9540196715003727,112.8831,0.9580116874684367,113.6569,0.9560036553399226,114.0172,0.9540196715003727,114.1967,0.9580116874684367,113.2655,0.9560036553399226,113.3311,0.9520236635163407,91.5849,0.9560156794844047,92.5503,0.9560156794844047,93.1362,0.9520236635163407,92.1047,0.9560156794844047,92.2019,0.9560156794844047,93.4512
ECG5000,1,1320.3355,success,0.9540196715003727,124.2673,0.9540196715003727,124.4562,0.9560277036288868,117.6702,0.9540196715003727,118.0703,0.9540196715003727,115.7865,0.9560277036288868,111.9413,0.9540196715003727,90.2445,0.9540316956448548,92.0638,0.9540316956448548,91.3245,0.9540196715003727,92.7219,0.9540316956448548,94.508,0.9540316956448548,94.3819
ECG5000,2,1350.9669,success,0.9459995671307985,124.8652,0.9480075992593126,126.6734,0.9459995671307985,126.499,0.9459995671307985,126.2026,0.9480075992593126,115.5211,0.9459995671307985,114.6572,0.9479955751148306,92.9137,0.9479955751148306,93.544,0.9459875429863165,96.473,0.9479955751148306,93.1151,0.9479955751148306,94.001,0.9459875429863165,94.5539
ECG5000,3,1341.4026,success,0.9499675348098983,126.1875,0.9519755669384123,127.5621,0.9519755669384123,120.2723,0.9499675348098983,120.2995,0.9519755669384123,122.5087,0.9519755669384123,118.9186,0.9539715749224443,94.1147,0.9539715749224443,92.8879,0.9519755669384123,93.3056,0.9539715749224443,95.4668,0.9539715749224443,92.2944,0.9519755669384123,93.277
ECG5000,4,1273.6274,success,0.9540316956448548,111.87,0.9540316956448548,113.1175,0.9540316956448548,113.5414,0.9540316956448548,114.4445,0.9540316956448548,112.6847,0.9540316956448548,112.7274,0.9560397277733689,91.8415,0.9560397277733689,91.5195,0.9560397277733689,92.6517,0.9560397277733689,91.3748,0.9560397277733689,91.2289,0.9560397277733689,92.2733
ECGFiveDays,0,556.7338,success,0.8690476190476191,56.7465,0.8273809523809524,50.7647,0.8273809523809524,51.1501,0.8690476190476191,57.7799,0.8273809523809524,54.428,0.8273809523809524,54.3116,0.8214285714285715,39.8531,0.8690476190476191,33.8973,0.8273809523809524,33.6501,0.8214285714285715,41.0827,0.8690476190476191,35.5028,0.8273809523809524,32.2385
ECGFiveDays,1,519.6104,success,0.7857142857142857,57.6651,0.7857142857142857,48.6413,0.8273809523809524,50.0909,0.7857142857142857,54.9433,0.7857142857142857,49.0546,0.8273809523809524,50.039,0.7857142857142857,34.4887,0.8273809523809524,30.7452,0.8273809523809524,31.0643,0.7857142857142857,35.7259,0.8273809523809524,30.9756,0.8273809523809524,31.0336
ECGFiveDays,2,568.7966,success,0.7321428571428571,57.5565,0.6071428571428571,52.8122,0.6904761904761904,52.9562,0.7321428571428571,59.6998,0.6071428571428571,54.8749,0.6904761904761904,55.7688,0.7380952380952381,39.8756,0.6488095238095238,35.6311,0.6071428571428571,36.0817,0.7380952380952381,40.1784,0.6488095238095238,35.9459,0.6071428571428571,35.8311
ECGFiveDays,3,499.2139,success,0.7797619047619048,54.7913,0.7797619047619048,46.7593,0.7797619047619048,48.8857,0.7797619047619048,54.2799,0.7797619047619048,47.5054,0.7797619047619048,48.9258,0.8214285714285715,33.8948,0.8214285714285715,30.2267,0.8214285714285715,30.3082,0.8214285714285715,34.5441,0.8214285714285715,29.8041,0.8214285714285715,29.7733
ECGFiveDays,4,554.9181,success,0.8333333333333334,57.9727,0.8333333333333334,53.1815,0.8333333333333334,58.9927,0.8333333333333334,59.0322,0.8333333333333334,54.1005,0.8333333333333334,55.605,0.8333333333333334,40.814,0.8333333333333334,31.4811,0.8333333333333334,31.7052,0.8333333333333334,35.0916,0.8333333333333334,30.4126,0.8333333333333334,30.7057
ElectricDevices,0,33129.8074,success,0.8062970241860185,3133.7283,0.8077533432727929,3115.1111,0.8060725580554803,3096.4717,0.8062970241860185,3075.6613,0.8077533432727929,3049.0957,0.8060725580554803,3047.379,0.80528824432999,2964.3348,0.8066327444956477,2200.153,0.8067449775609168,2112.4582,0.80528824432999,2096.4989,0.8066327444956477,2088.0034,0.8067449775609168,2081.443
ElectricDevices,1,32971.4441,success,0.8076405831149663,3111.4254,0.8078647480497575,3127.3151,0.8071924791421945,3084.8267,0.8076405831149663,3049.4654,0.8078647480497575,3051.2877,0.8071924791421945,3064.4288,0.8089851962290292,2929.4385,0.8087608806963646,2108.7889,0.8071927426884732,2106.3457,0.8089851962290292,2090.9762,0.8087608806963646,2076.761,0.8071927426884732,2071.8361
ElectricDevices,2,32680.6843,success,0.8077534185717298,3123.7811,0.8061850923164965,3161.996,0.8077536821180084,3098.8752,0.8077534185717298,3079.8066,0.8061850923164965,3081.2823,0.8077536821180084,3057.7613,0.8073048251558688,2544.9675,0.8086488735279058,2121.1839,0.8075290653895967,2092.3472,0.8073048251558688,2087.3384,0.8086488735279058,2072.008,0.8075290653895967,2063.7228
ElectricDevices,3,32770.6807,success,0.804616163669769,3066.9861,0.8050641170446674,3084.9346,0.8065206996777206,3103.1099,0.804616163669769,3090.3619,0.8050641170446674,3060.765,0.8065206996777206,3063.9492,0.8041683232432758,2795.3705,0.8021516671184603,2110.8198,0.8040558266317279,2096.446,0.8041683232432758,2091.0077,0.8021516671184603,2071.4128,0.8040558266317279,2069.5252
ElectricDevices,4,32651.3762,success,0.807078853046595,3059.2504,0.8064070359326525,3069.8708,0.8074152886961237,3124.7156,0.807078853046595,3105.6921,0.8064070359326525,3106.8118,0.8074152886961237,3037.7112,0.8067426056444083,2764.4344,0.8071911614108008,2081.9105,0.8073027544351074,2073.2334,0.8067426056444083,2068.2305,0.8071911614108008,2045.83,0.8073027544351074,2046.4092
EOGHorizontalSignal,0,14362.3324,success,0.6988980716253442,1240.8182,0.690633608815427,1241.631,0.6851010101010102,1239.8649,0.6988980716253442,1265.9471,0.690633608815427,1261.3328,0.6851010101010102,1277.0868,0.707208448117539,1048.9446,0.7127410468319559,1083.7713,0.7238062442607897,1061.585,0.707208448117539,1024.7095,0.7127410468319559,1042.7484,0.7238062442607897,1053.1701
EOGHorizontalSignal,1,14518.8243,success,0.7183654729109276,1290.2236,0.7155647382920111,1292.5905,0.7073002754820936,1298.746,0.7183654729109276,1273.1819,0.7155647382920111,1275.3561,0.7073002754820936,1265.2411,0.7101239669421487,1036.3927,0.7127869605142333,1051.0664,0.707277318640955,1051.9373,0.7101239669421487,1029.4538,0.7127869605142333,1041.6081,0.707277318640955,1044.7451
EOGHorizontalSignal,2,14420.403,success,0.7182047750229569,1218.9184,0.7043847566574839,1213.9274,0.7126951331496786,1229.1087,0.7182047750229569,1331.4016,0.7043847566574839,1251.9908,0.7126951331496786,1255.6327,0.7182506887052341,1061.9458,0.7210055096418734,1076.5302,0.7099173553719007,1066.8727,0.7182506887052341,1036.5632,0.7210055096418734,1052.655,0.7099173553719007,1084.5585
EOGHorizontalSignal,3,14395.0944,success,0.707208448117539,1273.533,0.7099862258953168,1205.6752,0.7071854912764004,1205.0902,0.707208448117539,1201.2816,0.7099862258953168,1220.0757,0.7071854912764004,1316.5239,0.7237603305785124,1079.3441,0.7210514233241506,1101.122,0.7238062442607897,1111.5774,0.7237603305785124,1049.8057,0.7210514233241506,1057.4409,0.7238062442607897,1049.1936
EOGHorizontalSignal,4,14366.1054,success,0.7072314049586778,1313.1353,0.6988980716253442,1300.0942,0.7126951331496786,1303.3895,0.7072314049586778,1300.751,0.6988980716253442,1243.2428,0.7126951331496786,1208.1343,0.7209825528007346,1070.0067,0.7210055096418734,1031.8712,0.7237144168962351,1027.1426,0.7209825528007346,1012.7257,0.7210055096418734,1019.7552,0.7237144168962351,1023.9133
EOGVerticalSignal,0,15981.5645,success,0.7207988980716253,1353.8165,0.7346189164370983,1366.9817,0.7264003673094583,1462.365,0.7207988980716253,1448.0217,0.7346189164370983,1408.1847,0.7264003673094583,1365.8944,0.7181359044995409,1167.6782,0.7070247933884297,1175.6083,0.7180670339761249,1161.7511,0.7181359044995409,1144.523,0.7070247933884297,1158.3181,0.7180670339761249,1150.4155
EOGVerticalSignal,1,15787.2442,success,0.7182966023875115,1352.7457,0.7044995408631772,1396.2366,0.7127640036730947,1387.6444,0.7182966023875115,1362.1104,0.7044995408631772,1377.3764,0.7127640036730947,1343.4288,0.7073002754820936,1137.1804,0.7045684113865932,1200.3666,0.7101010101010101,1177.2795,0.7073002754820936,1136.1925,0.7045684113865932,1138.3316,0.7101010101010101,1136.0254
EOGVerticalSignal,2,15783.0179,success,0.7071625344352617,1353.1175,0.6933884297520662,1385.5535,0.6933654729109274,1360.1592,0.7071625344352617,1377.6926,0.6933884297520662,1356.7115,0.6933654729109274,1373.4189,0.7017217630853995,1184.1032,0.7044536271809,1174.9026,0.6878558310376492,1153.7463,0.7017217630853995,1127.9482,0.7044536271809,1145.1217,0.6878558310376492,1165.5018
EOGVerticalSignal,3,15981.0922,success,0.7375573921028465,1397.233,0.7210743801652892,1450.8934,0.7293617998163452,1448.9522,0.7375573921028465,1416.6363,0.7210743801652892,1383.1501,0.7293617998163452,1369.2119,0.7238292011019284,1134.63,0.7403810835629017,1125.6907,0.73767217630854,1168.4964,0.7238292011019284,1165.768,0.7403810835629017,1176.9571,0.73767217630854,1161.9541
EOGVerticalSignal,4,15654.0913,success,0.729315886134068,1404.6587,0.7459136822773186,1405.3993,0.7182736455463729,1334.5164,0.729315886134068,1337.8894,0.7459136822773186,1306.7438,0.7182736455463729,1334.2349,0.743067033976125,1140.8477,0.7430899908172636,1165.3993,0.7403810835629017,1153.4576,0.743067033976125,1137.5085,0.7430899908172636,1149.8542,0.7403810835629017,1159.8128
EthanolLevel,0,19524.7258,success,0.8690476190476191,1724.1901,0.8650793650793651,1719.2038,0.873015873015873,1733.5947,0.8690476190476191,1721.4939,0.8650793650793651,1821.262,0.873015873015873,1690.8574,0.884920634920635,1422.2406,0.8928571428571429,1481.5295,0.8948412698412698,1431.3871,0.884920634920635,1378.7667,0.8928571428571429,1397.7578,0.8948412698412698,1420.1502
EthanolLevel,1,19465.6777,success,0.8908730158730158,1710.1165,0.8888888888888888,1703.3133,0.8888888888888888,1750.8745,0.8908730158730158,1697.0113,0.8888888888888888,1683.3915,0.8888888888888888,1685.3176,0.9107142857142857,1392.1812,0.8988095238095237,1383.8092,0.9107142857142857,1422.1375,0.9107142857142857,1450.8996,0.8988095238095237,1454.6113,0.9107142857142857,1446.3911
EthanolLevel,2,19476.3271,success,0.8492063492063492,1777.2472,0.8472222222222222,1752.7056,0.8472222222222223,1739.1881,0.8492063492063492,1726.1597,0.8472222222222222,1735.864,0.8472222222222223,1664.663,0.8829365079365079,1392.8192,0.873015873015873,1375.1116,0.8829365079365079,1412.9847,0.8829365079365079,1431.5819,0.873015873015873,1374.3702,0.8829365079365079,1401.9627
EthanolLevel,3,19214.9898,success,0.873015873015873,1695.6338,0.871031746031746,1696.869,0.871031746031746,1659.0146,0.873015873015873,1716.7758,0.871031746031746,1712.2984,0.871031746031746,1714.1297,0.9027777777777777,1405.7424,0.9107142857142857,1395.3035,0.9166666666666666,1392.5265,0.9027777777777777,1375.6983,0.9107142857142857,1385.9292,0.9166666666666666,1388.8929
EthanolLevel,4,19594.9605,success,0.871031746031746,1829.6603,0.871031746031746,1766.894,0.8630952380952381,1802.4296,0.871031746031746,1738.7579,0.871031746031746,1688.6667,0.8630952380952381,1684.5297,0.8948412698412698,1393.4397,0.9007936507936508,1385.1066,0.8988095238095237,1413.8983,0.8948412698412698,1406.8934,0.9007936507936508,1410.853,0.8988095238095237,1396.0887
FaceAll,0,3107.6843,success,0.8768328445747801,259.7268,0.8768328445747801,259.6298,0.8768232610737354,258.9938,0.8768328445747801,257.8727,0.8768328445747801,257.5868,0.8768232610737354,257.4294,0.9000345006037606,238.5421,0.892904375826577,239.5368,0.8839917198550974,239.4426,0.9000345006037606,238.9566,0.892904375826577,239.3034,0.8839917198550974,238.6341
FaceAll,1,2989.0986,success,0.8678818545991221,254.6219,0.876784927069557,249.7255,0.8660801564027371,244.1264,0.8678818545991221,243.6757,0.876784927069557,245.4826,0.8660801564027371,248.2035,0.8803691564602381,230.9923,0.8785866252659421,233.2925,0.8839629693519636,232.569,0.8803691564602381,230.403,0.8785866252659421,230.5269,0.8839629693519636,228.0825
FaceAll,2,2974.3086,success,0.8839150518467407,249.2344,0.8803595729591934,248.2664,0.8750023958752612,245.716,0.8839150518467407,246.0738,0.8803595729591934,246.05,0.8750023958752612,246.4397,0.892856458321354,229.7686,0.8999865830985376,229.1184,0.9035420619860847,229.086,0.892856458321354,228.321,0.8999865830985376,229.0094,0.9035420619860847,229.0027
FaceAll,3,3034.5437,success,0.8839150518467407,255.4946,0.8874896977363771,248.5866,0.8892434784275393,246.3892,0.8839150518467407,245.1282,0.8874896977363771,258.8069,0.8892434784275393,249.4912,0.8964215207099459,238.2791,0.8928468748203094,236.9556,0.8982040519042417,233.8362,0.8964215207099459,233.0854,0.8928468748203094,233.41,0.8982040519042417,233.9312
FaceAll,4,2978.0912,success,0.8803979069633718,245.9094,0.8803979069633718,246.7444,0.8714948344929371,246.9193,0.8803979069633718,247.7328,0.8803979069633718,247.294,0.8714948344929371,247.1505,0.8839917198550974,230.3995,0.8911218446322811,230.2299,0.8822091886608016,229.6533,0.8839917198550974,229.4541,0.8911218446322811,229.4663,0.8822091886608016,228.9096
FaceFour,0,1594.6324,success,0.875,173.1663,0.875,155.5959,0.9166666666666666,152.3501,0.875,173.4516,0.875,156.1125,0.9166666666666666,152.1499,0.875,106.6981,0.9166666666666666,96.6055,0.9166666666666666,94.8238,0.875,105.883,0.9166666666666666,95.7581,0.9166666666666666,90.0979
FaceFour,1,1394.2537,success,0.875,145.1811,0.875,127.2301,0.875,119.9207,0.875,158.3547,0.875,144.6908,0.875,149.7725,0.875,88.8946,0.875,84.6445,0.875,85.7792,0.875,88.245,0.875,80.0921,0.875,80.6067
FaceFour,2,1447.4697,success,0.875,167.0601,0.8333333333333334,150.1176,0.8333333333333334,147.7279,0.875,161.6415,0.8333333333333334,116.5307,0.8333333333333334,114.1645,0.875,94.2507,0.8333333333333334,94.9302,0.875,94.3073,0.875,105.9475,0.8333333333333334,90.0408,0.875,72.9507
FaceFour,3,1336.4662,success,0.875,143.6005,0.9166666666666666,132.1787,0.9583333333333334,125.8369,0.875,142.7637,0.9166666666666666,132.171,0.9583333333333334,125.131,0.9583333333333334,88.4056,0.9583333333333334,79.4842,0.9166666666666666,78.5636,0.9583333333333334,92.3107,0.9583333333333334,79.6344,0.9166666666666666,78.1664
FaceFour,4,1359.0241,success,0.875,146.4541,0.875,128.556,0.875,121.9404,0.875,138.4883,0.875,126.5317,0.875,131.3079,0.875,102.6338,0.875,77.1682,0.875,82.3231,0.875,101.6452,0.875,81.8642,0.875,79.5918
FacesUCR,0,1259.1686,success,0.7901402080506559,110.6747,0.770239710538218,111.8405,0.7701643298658224,112.1895,0.7901402080506559,110.9733,0.770239710538218,111.8669,0.7701643298658224,112.1446,0.770239710538218,88.9014,0.7651892054877129,90.6884,0.7651892054877129,91.1793,0.770239710538218,89.3138,0.7651892054877129,90.4869,0.7651892054877129,91.5222
FacesUCR,1,1276.2448,success,0.7902909693954471,113.5146,0.7952660937735564,113.9145,0.785240464344942,114.3497,0.7902909693954471,113.2962,0.7952660937735564,114.2679,0.785240464344942,114.6042,0.7701643298658224,90.4617,0.8002412181516659,92.0025,0.7703150912106137,92.7544,0.7701643298658224,90.1686,0.8002412181516659,92.1154,0.7703150912106137,92.402
FacesUCR,2,1189.3176,success,0.7899894467058646,114.2974,0.7899140660334689,108.3413,0.7899894467058646,108.6751,0.7899894467058646,104.1564,0.7899140660334689,104.1356,0.7899894467058646,103.1288,0.8050655811849842,83.028,0.8050655811849842,84.9274,0.8100407055630936,85.2392,0.8050655811849842,83.2714,0.8050655811849842,84.4782,0.8100407055630936,85.693
FacesUCR,3,1184.6902,success,0.7997889341172923,106.8149,0.8098145635459068,107.8961,0.7948891904115785,103.9643,0.7997889341172923,104.8732,0.8098145635459068,103.9032,0.7948891904115785,102.2152,0.814865068596412,82.9942,0.8048394391677972,84.224,0.8048394391677972,85.3781,0.814865068596412,82.7297,0.8048394391677972,85.1065,0.8048394391677972,93.0078
FacesUCR,4,1165.8582,success,0.7551635760590983,104.6111,0.7551635760590983,103.559,0.7602894617819991,103.0905,0.7551635760590983,101.8032,0.7551635760590983,103.272,0.7602894617819991,103.1049,0.7802653399668324,83.6374,0.7651138248153174,84.2823,0.7751394542439319,85.5765,0.7802653399668324,82.8163,0.7651138248153174,84.8666,0.7751394542439319,85.7067
FiftyWords,0,8724.0969,success,0.6111111111111112,705.3414,0.6,728.1467,0.5911111111111111,729.9357,0.6111111111111112,725.777,0.6,727.2674,0.5911111111111111,730.5722,0.6155555555555555,660.0322,0.6088888888888889,659.2382,0.6000000000000001,680.6267,0.6155555555555555,673.0508,0.6088888888888889,670.3996,0.6000000000000001,673.3869
FiftyWords,1,8623.0432,success,0.6311111111111112,705.7395,0.6333333333333333,723.1873,0.6355555555555555,704.5371,0.6311111111111112,691.5645,0.6333333333333333,712.5273,0.6355555555555555,738.2427,0.6333333333333333,665.474,0.6288888888888889,667.6766,0.6422222222222222,671.6411,0.6333333333333333,654.8321,0.6288888888888889,653.2194,0.6422222222222222,671.401
FiftyWords,2,8720.5992,success,0.6133333333333333,702.9553,0.6222222222222222,708.0686,0.6177777777777779,729.4402,0.6133333333333333,707.6576,0.6222222222222222,717.425,0.6177777777777779,747.4691,0.6177777777777779,662.6727,0.6222222222222222,659.6517,0.6244444444444444,680.2739,0.6177777777777779,669.1625,0.6222222222222222,687.4653,0.6244444444444444,684.6726
FiftyWords,3,8617.3159,success,0.6133333333333334,705.2047,0.6155555555555555,706.2448,0.6222222222222222,703.7905,0.6133333333333334,700.7061,0.6155555555555555,703.2143,0.6222222222222222,722.7933,0.6133333333333334,679.4885,0.6155555555555556,671.8921,0.6266666666666666,667.8362,0.6133333333333334,659.927,0.6155555555555556,664.548,0.6266666666666666,668.7892
FiftyWords,4,8649.5493,success,0.6044444444444445,698.9692,0.6088888888888889,710.6958,0.6044444444444445,710.1977,0.6044444444444445,707.1189,0.6088888888888889,709.6154,0.6044444444444445,711.2851,0.6000000000000001,663.1142,0.6022222222222222,668.622,0.5977777777777779,674.9342,0.6000000000000001,669.4657,0.6022222222222222,673.5394,0.5977777777777779,675.7785
Fish,0,2752.224,success,0.8288525228910967,252.7427,0.8231053964543152,256.2326,0.8173582700175336,256.9911,0.8288525228910967,252.7695,0.8231053964543152,253.6998,0.8173582700175336,253.1271,0.8402493668420027,187.3468,0.8516462107929086,191.8704,0.8459964932787843,191.7789,0.8402493668420027,187.1908,0.8516462107929086,192.0181,0.8459964932787843,192.0975
Fish,1,2957.4094,success,0.862556010130528,275.9886,0.8625560101305281,273.9233,0.8625560101305281,288.5467,0.862556010130528,276.6808,0.8625560101305281,268.2054,0.8625560101305281,258.2275,0.8569062926164038,201.2297,0.8568088836937463,200.611,0.8568088836937463,201.3722,0.8569062926164038,192.6997,0.8568088836937463,211.2667,0.8568088836937463,203.7002
Fish,2,3066.5782,success,0.845899084356127,258.2911,0.8459964932787843,292.2815,0.8515488018702513,293.5903,0.845899084356127,287.4834,0.8459964932787843,289.2674,0.8515488018702513,277.1905,0.8573933372296901,196.749,0.8631404636664719,216.5212,0.8573933372296901,217.5053,0.8573933372296901,211.9956,0.8631404636664719,216.2214,0.8573933372296901,217.3793
Fish,3,2802.3982,success,0.8454120397428405,274.9425,0.8396649133060589,274.4715,0.8282680693551528,240.8826,0.8454120397428405,237.2535,0.8396649133060589,239.251,0.8282680693551528,241.2249,0.8627508279758427,193.7704,0.8569062926164038,206.0166,0.862556010130528,195.2131,0.8627508279758427,197.3633,0.8569062926164038,206.6946,0.862556010130528,206.8679
Fish,4,2990.6106,success,0.8685953633352815,256.5832,0.8799922072861874,292.1708,0.8742450808494059,292.6315,0.8685953633352815,284.2224,0.8799922072861874,284.2209,0.8742450808494059,276.6125,0.8742450808494059,196.8042,0.8799922072861874,200.4067,0.8798947983635301,201.0367,0.8742450808494059,195.7021,0.8799922072861874,200.8945,0.8798947983635301,202.7394
FreezerRegularTrain,0,1297.0411,success,1.0,135.8462,1.0,135.1199,1.0,127.3824,1.0,124.5922,1.0,126.3951,1.0,127.0552,1.0,81.0695,1.0,79.8463,1.0,80.3523,1.0,79.6037,1.0,79.7248,1.0,79.9083
FreezerRegularTrain,1,1363.9537,success,1.0,131.4558,1.0,133.4922,1.0,135.1724,1.0,131.5532,1.0,132.9752,1.0,135.0794,1.0,86.4049,1.0,86.6937,1.0,86.9135,1.0,86.241,1.0,86.5001,1.0,87.4002
FreezerRegularTrain,2,1357.265,success,1.0,133.2069,1.0,135.5891,1.0,136.465,1.0,133.0684,1.0,134.983,1.0,136.2138,0.9933333333333333,87.3554,1.0,87.802,1.0,85.3883,0.9933333333333333,81.2332,1.0,82.6407,1.0,82.1009
FreezerRegularTrain,3,1166.3215,success,1.0,112.3125,1.0,113.9301,1.0,114.6745,1.0,111.8746,1.0,113.2898,1.0,114.6768,1.0,73.9966,1.0,74.9843,1.0,74.789,1.0,74.6961,1.0,74.7378,1.0,74.9435
FreezerRegularTrain,4,1300.2643,success,1.0,125.3399,1.0,126.7243,1.0,128.2004,1.0,126.0787,1.0,127.4083,1.0,127.9018,1.0,83.0439,1.0,82.8188,1.0,83.5619,1.0,82.2586,1.0,82.9187,1.0,82.1114
FreezerSmallTrain,0,1101.4843,success,1.0,109.9455,1.0,110.9048,1.0,111.0472,1.0,107.3468,1.0,110.1578,1.0,111.6956,1.0,66.7507,1.0,68.3384,1.0,68.8113,1.0,65.8008,1.0,68.9889,1.0,68.1005
FreezerSmallTrain,1,1030.973,success,0.9333333333333332,102.563,0.9333333333333332,103.0784,0.9333333333333332,103.5339,0.9333333333333332,101.3476,0.9333333333333332,103.3526,0.9333333333333332,103.3643,0.9333333333333332,62.2788,0.9333333333333332,64.5122,0.9333333333333332,63.9912,0.9333333333333332,63.3014,0.9333333333333332,63.5374,0.9333333333333332,65.0933
FreezerSmallTrain,2,1050.8529,success,1.0,107.4341,1.0,103.4528,1.0,104.023,1.0,102.7849,1.0,103.5646,1.0,108.6797,1.0,63.4494,1.0,64.4783,1.0,65.0121,1.0,63.0796,1.0,64.4565,1.0,64.5479
FreezerSmallTrain,3,1058.6458,success,1.0,101.567,1.0,101.8614,1.0,102.2418,1.0,102.3255,1.0,104.4879,1.0,112.4356,1.0,69.1175,1.0,70.2823,1.0,72.1606,1.0,66.386,1.0,62.724,1.0,62.0684
FreezerSmallTrain,4,1091.2658,success,1.0,102.7621,1.0,103.6671,1.0,104.0858,1.0,107.0634,1.0,103.577,1.0,119.9746,1.0,73.787,1.0,75.0423,1.0,75.3064,1.0,72.1475,1.0,62.3626,1.0,61.2712
GunPoint,0,590.324,success,0.8799019607843137,55.1198,0.9007352941176471,55.7584,0.9007352941176471,65.6597,0.8799019607843137,57.0636,0.9007352941176471,55.1378,0.9007352941176471,52.7281,0.9399509803921569,42.2855,0.9007352941176471,42.9104,0.8995098039215685,42.9701,0.9399509803921569,37.4817,0.9007352941176471,33.3499,0.8995098039215685,36.3248
GunPoint,1,621.6802,success,0.9203431372549019,61.0201,0.8995098039215685,61.1083,0.8995098039215685,60.6943,0.9203431372549019,60.8469,0.8995098039215685,60.7685,0.8995098039215685,60.6533,0.8811274509803922,39.3107,0.9203431372549019,39.6564,0.8799019607843137,39.8176,0.8811274509803922,39.0563,0.9203431372549019,39.7457,0.8799019607843137,39.8173
GunPoint,2,662.7589,success,0.8602941176470589,65.5072,0.8590686274509803,65.939,0.8382352941176471,65.8349,0.8602941176470589,65.6458,0.8590686274509803,65.5547,0.8382352941176471,65.5123,0.9007352941176471,42.3498,0.8602941176470589,42.5385,0.8995098039215685,42.704,0.9007352941176471,42.0959,0.8602941176470589,42.6138,0.8995098039215685,42.6609
GunPoint,3,622.7513,success,0.9411764705882352,61.3618,0.9215686274509803,61.5039,0.9607843137254902,61.0748,0.9411764705882352,60.2605,0.9215686274509803,60.6683,0.9607843137254902,60.9184,0.9411764705882352,39.0956,0.9607843137254902,39.4583,0.9411764705882352,40.0079,0.9411764705882352,39.1183,0.9607843137254902,39.5139,0.9411764705882352,40.0059
GunPoint,4,540.5801,success,0.9019607843137255,51.6781,0.9019607843137255,52.6111,0.9019607843137255,53.1478,0.9019607843137255,52.6779,0.9019607843137255,52.7482,0.9019607843137255,53.1945,0.9019607843137255,34.1122,0.9019607843137255,34.4029,0.9215686274509803,34.8366,0.9019607843137255,34.1875,0.9019607843137255,34.5026,0.9215686274509803,39.6192
GunPointAgeSpan,0,634.0491,success,0.9629629629629629,59.3596,0.9555555555555556,61.3393,0.9555555555555556,60.5633,0.9629629629629629,60.2203,0.9555555555555556,60.4217,0.9555555555555556,61.9133,0.9629629629629631,42.0195,0.9555555555555556,42.2803,0.9481481481481481,43.311,0.9629629629629631,41.7896,0.9555555555555556,42.2066,0.9481481481481481,43.2085
GunPointAgeSpan,1,688.3663,success,0.9703703703703703,66.309,0.9703703703703703,67.3585,0.9703703703703703,66.8311,0.9703703703703703,65.5982,0.9703703703703703,65.0982,0.9703703703703703,64.9934,0.9703703703703703,45.0931,0.9703703703703703,44.5763,0.9629629629629629,45.6871,0.9703703703703703,44.2348,0.9703703703703703,45.1731,0.9629629629629629,44.8333
GunPointAgeSpan,2,694.7095,success,0.9703703703703703,67.0862,0.9703703703703703,68.1031,0.9703703703703703,67.5046,0.9703703703703703,67.2061,0.9703703703703703,67.6874,0.9703703703703703,67.5832,0.9777777777777777,46.4281,0.9703703703703703,46.0653,0.9703703703703703,47.6225,0.9777777777777777,45.7208,0.9703703703703703,47.0254,0.9703703703703703,41.741
GunPointAgeSpan,3,656.5687,success,0.9703703703703704,64.6261,0.9703703703703704,59.0019,0.9703703703703704,65.1715,0.9703703703703704,67.7635,0.9703703703703704,60.7083,0.9703703703703704,59.8282,0.9629629629629631,41.1122,0.9703703703703704,41.3014,0.9629629629629631,41.4207,0.9629629629629631,41.1957,0.9703703703703704,45.8303,0.9629629629629631,46.0572
GunPointAgeSpan,4,739.0188,success,0.9703703703703703,59.8606,0.9703703703703703,68.4136,0.9703703703703703,73.9373,0.9703703703703703,71.8705,0.9703703703703703,73.2096,0.9703703703703703,73.6356,0.9629629629629629,49.5772,0.9703703703703703,49.4918,0.9703703703703703,49.198,0.9629629629629629,48.1362,0.9703703703703703,48.6092,0.9703703703703703,49.3079
GunPointMaleVersusFemale,0,621.4304,success,1.0,55.4535,0.9925925925925926,56.3635,1.0,64.4332,1.0,67.013,0.9925925925925926,63.6719,1.0,58.4306,1.0,39.5898,1.0,39.2266,1.0,39.2415,1.0,39.2377,1.0,39.231,1.0,39.7097
GunPointMaleVersusFemale,1,610.5767,success,0.9777777777777779,63.8108,0.9777777777777779,60.4561,0.9777777777777779,61.9822,0.9777777777777779,56.9182,0.9777777777777779,58.2315,0.9777777777777779,58.4753,0.9851851851851853,38.9377,0.9851851851851853,39.4594,0.9851851851851853,39.4277,0.9851851851851853,39.3183,0.9851851851851853,39.1783,0.9851851851851853,40.0877
GunPointMaleVersusFemale,2,660.3921,success,1.0,59.1595,1.0,59.0778,1.0,59.9404,1.0,58.639,1.0,59.3074,1.0,59.9213,1.0,41.0619,1.0,48.2355,1.0,48.4957,1.0,47.2278,1.0,47.7843,1.0,47.8544
GunPointMaleVersusFemale,3,701.0703,success,0.9925925925925926,71.5375,0.9925925925925926,72.4427,0.9925925925925926,68.1143,0.9925925925925926,66.3302,0.9925925925925926,68.2915,0.9925925925925926,68.0855,0.9925925925925926,44.4686,0.9925925925925926,44.7984,1.0,46.3116,0.9925925925925926,44.9426,0.9925925925925926,44.6298,1.0,45.0527
GunPointMaleVersusFemale,4,653.5957,success,1.0,61.4893,1.0,62.7888,1.0,63.0717,1.0,61.4758,1.0,62.5779,1.0,65.7168,1.0,44.518,1.0,42.048,1.0,42.2717,1.0,41.8663,1.0,42.2521,1.0,42.409
GunPointOldVersusYoung,0,672.1779,success,1.0,64.4178,1.0,65.095,1.0,65.4167,1.0,64.2385,1.0,65.5627,1.0,66.4161,1.0,42.8991,1.0,43.2623,1.0,43.8623,1.0,42.8719,1.0,43.4254,1.0,43.5527
GunPointOldVersusYoung,1,600.1733,success,1.0,63.4844,1.0,56.4332,1.0,56.5514,1.0,56.7954,1.0,60.4155,1.0,53.8581,1.0,40.5777,1.0,41.5913,1.0,35.9491,1.0,35.3451,1.0,41.4605,1.0,40.1771
GunPointOldVersusYoung,2,694.887,success,1.0,66.6651,1.0,67.8676,1.0,68.6632,1.0,66.4557,1.0,67.8248,1.0,68.4281,1.0,44.4286,1.0,44.7025,1.0,44.9475,1.0,43.8376,1.0,44.422,1.0,45.1355
GunPointOldVersusYoung,3,685.2462,success,1.0,62.5243,1.0,67.4608,1.0,67.9605,1.0,66.5776,1.0,67.4649,1.0,67.1928,1.0,43.4004,1.0,44.0708,1.0,44.3548,1.0,43.2163,1.0,44.8155,1.0,44.9454
GunPointOldVersusYoung,4,614.4987,success,1.0,56.5634,1.0,58.1998,1.0,61.2374,1.0,56.4374,1.0,55.99,1.0,58.3627,1.0,38.1286,1.0,41.6024,1.0,39.0866,1.0,43.5422,1.0,42.9346,1.0,42.8383
Ham,0,1970.9634,success,0.8811311311311311,190.8889,0.8718718718718718,192.8797,0.8626126126126126,193.4753,0.8811311311311311,190.5054,0.8718718718718718,193.2122,0.8626126126126126,192.9379,0.8626126126126126,126.7555,0.8901401401401401,127.971,0.8991491491491491,128.9154,0.8626126126126126,127.2526,0.8901401401401401,128.5476,0.8991491491491491,129.3506
Ham,1,1875.3667,success,0.8263263263263264,195.8623,0.8263263263263264,195.0635,0.8265765765765766,191.1218,0.8263263263263264,176.3915,0.8263263263263264,176.8609,0.8265765765765766,175.9703,0.8353353353353353,128.3356,0.8533533533533534,125.4683,0.8628628628628628,121.7576,0.8353353353353353,110.9078,0.8533533533533534,120.5479,0.8628628628628628,111.0188
Ham,2,1772.6656,success,0.8253253253253253,168.6936,0.8435935935935935,174.9774,0.8343343343343342,172.1452,0.8253253253253253,169.558,0.8435935935935935,175.6982,0.8343343343343342,171.4517,0.8801301301301301,113.283,0.8526026026026026,115.4609,0.8433433433433434,116.2206,0.8801301301301301,119.0735,0.8526026026026026,115.6562,0.8433433433433434,116.8679
Ham,3,1974.7241,success,0.8718718718718718,188.2968,0.8901401401401401,191.4151,0.8898898898898899,195.3007,0.8718718718718718,191.28,0.8901401401401401,194.3538,0.8898898898898899,194.5056,0.9086586586586587,127.7347,0.8993993993993993,128.7034,0.8993993993993993,129.6779,0.9086586586586587,127.8821,0.8993993993993993,128.7661,0.8993993993993993,129.4763
Ham,4,1814.1434,success,0.8253253253253253,179.316,0.8253253253253253,169.7872,0.825075075075075,173.3685,0.8253253253253253,167.633,0.8253253253253253,169.6237,0.825075075075075,172.9603,0.8621121121121121,112.962,0.8435935935935935,119.9897,0.8433433433433434,133.235,0.8621121121121121,112.1975,0.8435935935935935,122.1144,0.8433433433433434,132.7627
Haptics,0,6254.2691,success,0.5359477124183006,554.0945,0.5295374560080442,563.9959,0.523001508295626,544.8294,0.5359477124183006,596.4817,0.5295374560080442,597.5926,0.523001508295626,600.4292,0.5295374560080442,432.3962,0.5359477124183006,436.391,0.5359477124183006,424.5328,0.5295374560080442,426.0632,0.5359477124183006,435.4158,0.5359477124183006,415.6217
Haptics,1,6557.8181,success,0.5226244343891403,619.7898,0.5292860734037205,636.1395,0.5164655605832077,641.1672,0.5226244343891403,628.5292,0.5292860734037205,634.5896,0.5164655605832077,632.4192,0.5036450477626948,425.3448,0.5035193564605329,423.9369,0.47762694821518353,426.3352,0.5036450477626948,414.0651,0.5035193564605329,423.23,0.47762694821518353,425.1017
Haptics,2,5922.1349,success,0.5098039215686274,607.8746,0.5356963298139769,526.6943,0.5226244343891402,527.8061,0.5098039215686274,520.8348,0.5356963298139769,525.4818,0.5226244343891402,527.758,0.4972347913524384,390.8256,0.5164655605832076,415.7372,0.5228758169934641,416.6877,0.4972347913524384,406.6296,0.5164655605832076,414.0292,0.5228758169934641,416.7581
Haptics,3,6329.8875,success,0.5548014077425842,623.3417,0.5419808949220715,638.1761,0.5678733031674209,641.8228,0.5548014077425842,627.3297,0.5419808949220715,577.5806,0.5678733031674209,540.7004,0.5483911513323279,391.9268,0.5421065862242332,403.6844,0.5482654600301659,417.1858,0.5483911513323279,409.5153,0.5421065862242332,416.4665,0.5482654600301659,418.3581
Haptics,4,6311.3602,success,0.5480140774258421,633.7033,0.5674962292609352,578.0776,0.548139768728004,616.8261,0.5480140774258421,565.2375,0.5674962292609352,574.9893,0.548139768728004,582.1827,0.5480140774258421,416.1922,0.5289089994972348,424.3013,0.5224987430869784,429.8447,0.5480140774258421,413.9099,0.5289089994972348,422.9788,0.5224987430869784,425.5513
Herring,0,1879.5641,success,0.5324675324675324,177.3607,0.5483405483405482,178.0298,0.5317460317460317,180.9341,0.5324675324675324,177.3738,0.5483405483405482,177.9502,0.5317460317460317,180.7488,0.5937950937950939,114.1926,0.577922077922078,115.2847,0.562049062049062,114.9112,0.5937950937950939,131.6033,0.577922077922078,140.9795,0.562049062049062,141.6532
Herring,1,2041.6442,success,0.5468975468975469,207.668,0.5476190476190476,207.492,0.5627705627705627,209.8996,0.5468975468975469,199.6558,0.5476190476190476,200.0633,0.5627705627705627,204.4841,0.5642135642135643,127.5253,0.5324675324675324,130.2573,0.5634920634920634,131.0179,0.5642135642135643,129.0783,0.5324675324675324,124.9843,0.5634920634920634,125.3686
Herring,2,1956.5291,success,0.564935064935065,215.3187,0.5490620490620491,213.2508,0.5331890331890331,193.496,0.564935064935065,190.4863,0.5490620490620491,190.9806,0.5331890331890331,194.2975,0.5331890331890331,117.7739,0.5331890331890331,118.2336,0.5808080808080808,119.3515,0.5331890331890331,116.9512,0.5331890331890331,119.2512,0.5808080808080808,123.2216
Herring,3,1949.7824,success,0.6262626262626262,193.6068,0.6103896103896104,194.6122,0.6414141414141414,194.5353,0.6262626262626262,188.2198,0.6103896103896104,187.5131,0.6414141414141414,192.7896,0.6096681096681097,120.5933,0.5945165945165946,122.3475,0.6103896103896104,123.4126,0.6096681096681097,120.764,0.5945165945165946,122.7811,0.6103896103896104,123.5037
Herring,4,1844.5364,success,0.63997113997114,205.7796,0.6240981240981242,204.079,0.63997113997114,208.0547,0.63997113997114,172.6095,0.6240981240981242,167.152,0.63997113997114,170.1266,0.6233766233766234,108.0465,0.63997113997114,109.733,0.63997113997114,109.8086,0.6233766233766234,107.7755,0.63997113997114,109.6805,0.63997113997114,109.7515
HouseTwenty,0,6982.0128,success,0.8754578754578755,661.3128,0.8498168498168498,663.4881,0.8278388278388279,677.126,0.8754578754578755,677.0203,0.8498168498168498,738.468,0.8278388278388279,736.6697,0.8241758241758242,442.9706,0.8241758241758242,431.54,0.7985347985347985,430.1837,0.8241758241758242,419.4668,0.8241758241758242,431.4423,0.7985347985347985,452.7925
HouseTwenty,1,6848.6444,success,0.6978021978021979,709.9036,0.6978021978021979,726.407,0.6978021978021979,716.1387,0.6978021978021979,640.2936,0.6978021978021979,679.3552,0.6978021978021979,725.2009,0.7472527472527473,415.2172,0.7728937728937728,426.1,0.7216117216117216,427.6479,0.7472527472527473,409.955,0.7728937728937728,409.6295,0.7216117216117216,427.92
HouseTwenty,2,6453.8995,success,0.7234432234432235,782.0962,0.6996336996336997,785.2628,0.6978021978021979,660.2477,0.7234432234432235,605.6582,0.6996336996336997,607.8421,0.6978021978021979,604.6313,0.7472527472527473,369.6065,0.7234432234432235,377.7161,0.6739926739926739,379.8484,0.7472527472527473,373.0302,0.7234432234432235,386.6188,0.6739926739926739,389.3764
HouseTwenty,3,6588.4339,success,0.6483516483516484,680.105,0.6483516483516484,680.7278,0.6739926739926739,685.591,0.6483516483516484,674.9598,0.6483516483516484,672.5308,0.6739926739926739,620.6252,0.6483516483516484,378.2939,0.6739926739926739,386.6062,0.6996336996336997,388.5237,0.6483516483516484,400.6165,0.6739926739926739,435.3987,0.6996336996336997,437.9887
HouseTwenty,4,7392.8393,success,0.7765567765567766,700.0523,0.7765567765567766,710.0357,0.7765567765567766,723.1437,0.7765567765567766,761.0753,0.7765567765567766,787.8003,0.7765567765567766,771.389,0.7747252747252746,467.9182,0.7509157509157509,470.303,0.8003663003663003,471.1976,0.7747252747252746,460.3935,0.7509157509157509,468.2967,0.8003663003663003,451.7416
InlineSkate,0,9179.9759,success,0.3805704099821747,956.5975,0.3407605466428996,871.8265,0.3597742127153891,871.2315,0.3805704099821747,867.9636,0.3407605466428996,859.0987,0.3597742127153891,849.7575,0.3600713012477718,579.347,0.32976827094474154,588.6011,0.3300653594771242,593.1308,0.3600713012477718,607.4827,0.32976827094474154,640.8436,0.3300653594771242,585.6231
InlineSkate,1,9322.5466,success,0.3496732026143791,857.9277,0.3695781342840166,918.4935,0.3597742127153892,930.6041,0.3496732026143791,859.9707,0.3695781342840166,879.9879,0.3597742127153892,881.5473,0.3294711824123589,601.9768,0.3199643493761141,612.5172,0.3101604278074866,616.1074,0.3294711824123589,606.3682,0.3199643493761141,614.8996,0.3101604278074866,615.9377
InlineSkate,2,9129.2893,success,0.3799762329174094,873.0263,0.34997029114676176,931.2501,0.3499702911467617,916.7053,0.3799762329174094,893.4644,0.34997029114676176,848.12,0.3499702911467617,857.9233,0.42008318478906714,587.2258,0.39007724301841945,595.2876,0.38027332144979203,601.3793,0.42008318478906714,591.6327,0.39007724301841945,595.7752,0.38027332144979203,600.2224
InlineSkate,3,10024.8042,success,0.33065953654188945,973.2257,0.340463458110517,974.5874,0.3502673796791444,978.9771,0.33065953654188945,975.7206,0.340463458110517,970.6663,0.3502673796791444,975.0698,0.3303624480095068,644.9665,0.35056446821152704,655.4079,0.3499702911467617,663.5071,0.3303624480095068,648.3316,0.35056446821152704,653.4287,0.3499702911467617,656.2884
InlineSkate,4,10096.8672,success,0.36066547831253715,971.7911,0.33036244800950687,974.6896,0.37076648841354726,979.6254,0.36066547831253715,974.6992,0.33036244800950687,970.851,0.37076648841354726,975.0694,0.3502673796791444,643.354,0.370172311348782,654.3169,0.35056446821152704,663.4899,0.3502673796791444,647.5305,0.370172311348782,653.6404,0.35056446821152704,655.8557
InsectEPGRegularTrain,0,2188.2909,success,1.0,224.7565,1.0,217.4498,1.0,221.8833,1.0,248.1103,1.0,243.0785,1.0,202.2337,1.0,128.168,1.0,122.8175,1.0,124.0986,1.0,131.8974,1.0,128.7561,1.0,130.2473
InsectEPGRegularTrain,1,2107.7544,success,1.0,215.1444,1.0,202.8267,1.0,206.1931,1.0,215.1513,1.0,202.7454,1.0,206.0367,1.0,135.8239,1.0,130.1311,1.0,132.0338,1.0,135.6019,1.0,129.536,1.0,131.4777
InsectEPGRegularTrain,2,2510.2511,success,1.0,261.455,1.0,247.0681,1.0,250.4204,1.0,260.9927,1.0,247.2897,1.0,250.7912,1.0,163.9097,1.0,150.3562,1.0,148.8161,1.0,156.1203,1.0,147.5759,1.0,151.2195
InsectEPGRegularTrain,3,2318.6637,success,1.0,247.9769,1.0,234.7145,1.0,237.2151,1.0,244.8051,1.0,230.5376,1.0,233.4113,1.0,153.2022,1.0,135.644,1.0,133.241,1.0,138.2342,1.0,132.2284,1.0,131.9274
InsectEPGRegularTrain,4,2524.917,success,1.0,259.217,1.0,245.3982,1.0,247.8574,1.0,258.2021,1.0,244.9291,1.0,248.5666,1.0,162.5003,1.0,154.2467,1.0,155.3576,1.0,161.4036,1.0,154.2403,1.0,155.527
InsectEPGSmallTrain,0,2476.376,success,1.0,279.3994,1.0,234.4778,1.0,232.6746,1.0,279.5178,1.0,232.6848,1.0,232.5693,1.0,171.1515,1.0,141.9858,1.0,141.1149,1.0,170.0257,1.0,141.927,1.0,141.4944
InsectEPGSmallTrain,1,2382.1106,success,1.0,253.0375,1.0,216.5544,1.0,228.9032,1.0,283.9689,1.0,215.2101,1.0,213.614,1.0,153.8197,1.0,147.9991,1.0,151.4668,1.0,169.5934,1.0,139.7107,1.0,136.3065
InsectEPGSmallTrain,2,2510.9791,success,1.0,269.9538,1.0,223.9093,1.0,225.0877,1.0,269.6452,1.0,221.7052,1.0,242.1717,1.0,183.599,1.0,152.5514,1.0,153.2494,1.0,182.6679,1.0,152.3622,1.0,153.8287
InsectEPGSmallTrain,3,2323.605,success,1.0,276.286,1.0,219.0939,1.0,217.7586,1.0,256.189,1.0,217.3549,1.0,214.1711,1.0,158.5987,1.0,136.1418,1.0,132.0357,1.0,158.0956,1.0,132.7319,1.0,135.4839
InsectEPGSmallTrain,4,2297.9393,success,1.0,245.8667,1.0,202.175,1.0,206.9163,1.0,247.0331,1.0,233.9268,1.0,235.1019,1.0,168.5977,1.0,134.0426,1.0,135.5459,1.0,161.1145,1.0,133.6638,1.0,127.1314
InsectWingbeatSound,0,2141.0532,success,0.5863260520794767,189.8774,0.5862643465383192,190.6615,0.5817598420338146,189.8895,0.5863260520794767,189.1038,0.5862643465383192,194.8946,0.5817598420338146,189.6735,0.595458472170801,145.6765,0.5863260520794767,148.5745,0.5953967666296434,152.6754,0.595458472170801,156.3714,0.5863260520794767,160.3921,0.5953967666296434,161.1789
InsectWingbeatSound,1,2118.0635,success,0.6089719856843144,179.3155,0.5953967666296434,195.603,0.595458472170801,195.1696,0.6089719856843144,189.7948,0.5953967666296434,182.5612,0.595458472170801,194.4052,0.6000863877576207,150.3337,0.5908922621251389,151.501,0.5909539676662964,152.4653,0.6000863877576207,149.0587,0.5908922621251389,147.0676,0.5909539676662964,150.7172
InsectWingbeatSound,2,2047.9066,success,0.5681846229791435,186.9294,0.5726274219424904,180.7766,0.5636184129334815,180.867,0.5681846229791435,178.8563,0.5726274219424904,187.3234,0.5636184129334815,184.2208,0.5727508330248057,144.2412,0.5682463285203011,150.664,0.5771936319881524,147.9903,0.5727508330248057,142.1219,0.5682463285203011,145.4983,0.5771936319881524,148.1915
InsectWingbeatSound,3,2053.4732,success,0.5999629766753055,176.5108,0.5817598420338146,177.406,0.5953350610884858,177.7567,0.5999629766753055,176.0519,0.5817598420338146,177.1317,0.5953350610884858,182.3485,0.5998395655929902,150.8088,0.6044057756386523,156.4741,0.6181044057756386,153.8922,0.5998395655929902,147.5087,0.6044057756386523,154.7314,0.6181044057756386,155.1232
InsectWingbeatSound,4,2087.0291,success,0.6227323213624584,190.3111,0.6045908922621251,190.7906,0.6227323213624584,189.6853,0.6227323213624584,186.2716,0.6045908922621251,187.4678,0.6227323213624584,189.0972,0.6407503393804763,146.3795,0.6363692459582869,147.9603,0.6408120449216339,145.9556,0.6407503393804763,141.7033,0.6363692459582869,144.7818,0.6408120449216339,155.1438
ItalyPowerDemand,0,123.3536,success,0.9703557312252965,10.2313,0.9703557312252965,10.2043,0.9703557312252965,10.317,0.9703557312252965,10.2772,0.9703557312252965,10.3202,0.9703557312252965,10.3603,0.9703557312252965,8.762,0.9703557312252965,9.9278,0.9703557312252965,9.911,0.9703557312252965,9.8223,0.9703557312252965,9.7519,0.9703557312252965,9.4607
ItalyPowerDemand,1,138.0493,success,0.9848484848484849,12.8733,0.9703557312252965,12.991,0.9703557312252965,12.9916,0.9848484848484849,12.8489,0.9703557312252965,12.9464,0.9703557312252965,12.979,0.9703557312252965,9.7774,0.9848484848484849,9.8181,0.9848484848484849,9.8745,0.9703557312252965,9.6855,0.9848484848484849,8.9212,0.9848484848484849,8.7042
ItalyPowerDemand,2,122.5437,success,0.9703557312252965,11.1635,0.9703557312252965,11.2652,0.9552042160737813,11.3674,0.9703557312252965,11.3258,0.9703557312252965,11.3831,0.9552042160737813,11.408,0.9855072463768115,8.5462,0.9855072463768115,8.7013,0.9703557312252965,8.6768,0.9855072463768115,8.5912,0.9855072463768115,8.6668,0.9703557312252965,8.5939
ItalyPowerDemand,3,133.7517,success,0.9703557312252965,12.0438,0.9703557312252965,12.1454,0.9703557312252965,12.2099,0.9703557312252965,12.5061,0.9703557312252965,13.1692,0.9703557312252965,12.633,0.9703557312252965,9.3469,0.9848484848484849,9.328,0.9703557312252965,9.4379,0.9703557312252965,9.2069,0.9848484848484849,9.3259,0.9703557312252965,9.3073
ItalyPowerDemand,4,126.5656,success,0.9696969696969697,11.5926,0.9696969696969697,12.4347,0.9696969696969697,11.9456,0.9696969696969697,11.8934,0.9696969696969697,11.7063,0.9696969696969697,12.2945,0.9848484848484849,9.736,0.9696969696969697,9.6286,0.9696969696969697,8.9551,0.9848484848484849,7.8101,0.9696969696969697,7.9403,0.9696969696969697,7.9174
LargeKitchenAppliances,0,6994.1466,success,0.6506666666666666,630.4349,0.6613333333333333,625.1259,0.6586666666666666,624.6973,0.6506666666666666,618.518,0.6613333333333333,623.1375,0.6586666666666666,624.7952,0.6693333333333333,502.3905,0.6586666666666666,506.2371,0.672,502.8395,0.6693333333333333,495.5987,0.6586666666666666,498.6446,0.672,499.5344
LargeKitchenAppliances,1,6821.7317,success,0.672,613.5848,0.672,617.539,0.672,623.0494,0.672,598.2389,0.672,584.8346,0.672,573.7537,0.6906666666666667,487.0041,0.7013333333333334,496.273,0.7040000000000001,497.9594,0.6906666666666667,491.7785,0.7013333333333334,497.9728,0.7040000000000001,498.2357
LargeKitchenAppliances,2,6762.3121,success,0.6666666666666666,614.0411,0.664,583.4837,0.656,586.0099,0.6666666666666666,604.3755,0.664,575.5909,0.656,574.1395,0.6853333333333333,482.8139,0.6746666666666666,498.0743,0.6773333333333333,500.6896,0.6853333333333333,494.9442,0.6746666666666666,504.9708,0.6773333333333333,503.5946
LargeKitchenAppliances,3,6721.6349,success,0.6693333333333333,596.3758,0.6693333333333333,600.0817,0.6693333333333333,576.4954,0.6693333333333333,569.1949,0.6693333333333333,611.213,0.6693333333333333,597.8764,0.6773333333333333,494.3224,0.6826666666666666,489.8949,0.6773333333333333,485.2801,0.6773333333333333,483.6831,0.6826666666666666,496.5308,0.6773333333333333,480.7367
LargeKitchenAppliances,4,6952.1887,success,0.6346666666666666,605.4529,0.6373333333333333,605.6861,0.6293333333333333,638.9407,0.6346666666666666,631.8999,0.6373333333333333,621.2909,0.6293333333333333,608.6134,0.6533333333333333,492.0679,0.6533333333333333,500.3927,0.664,500.4704,0.6533333333333333,504.0514,0.6533333333333333,501.5583,0.664,504.6992
Lightning2,0,2454.7612,success,0.8166666666666668,235.5413,0.8333333333333334,241.7247,0.8166666666666668,266.1395,0.8166666666666668,239.7368,0.8333333333333334,238.2759,0.8166666666666668,254.8847,0.7666666666666666,133.9749,0.8166666666666668,152.501,0.7833333333333332,138.5641,0.7666666666666666,150.2797,0.8166666666666668,160.1003,0.7833333333333332,156.8388
Lightning2,1,2406.1529,success,0.8166666666666668,218.715,0.8333333333333334,251.2465,0.8333333333333334,236.6704,0.8166666666666668,227.3773,0.8333333333333334,232.4827,0.8333333333333334,232.5698,0.7999999999999999,144.6155,0.7999999999999999,147.5989,0.7999999999999999,147.7779,0.7999999999999999,147.7389,0.7999999999999999,166.8121,0.7999999999999999,167.1207
Lightning2,2,2591.6521,success,0.8166666666666668,253.1218,0.8166666666666668,253.2033,0.7999999999999999,259.255,0.8166666666666668,254.4378,0.8166666666666668,254.8286,0.7999999999999999,259.1075,0.8166666666666668,160.4892,0.7999999999999999,162.7605,0.7999999999999999,163.7565,0.8166666666666668,161.3398,0.7999999999999999,162.7368,0.7999999999999999,164.4141
Lightning2,3,2317.4512,success,0.7666666666666666,217.3275,0.7666666666666666,217.2718,0.7666666666666666,221.9053,0.7666666666666666,216.7752,0.7666666666666666,217.0351,0.7666666666666666,219.6162,0.7833333333333333,167.2843,0.7833333333333333,170.4861,0.7666666666666666,158.3056,0.7833333333333333,149.0928,0.7833333333333333,151.6286,0.7666666666666666,157.1219
Lightning2,4,2482.616,success,0.75,214.6341,0.6833333333333332,216.1528,0.6833333333333332,233.5092,0.75,250.5775,0.6833333333333332,260.7855,0.6833333333333332,262.1696,0.7333333333333334,156.3274,0.7000000000000001,158.2196,0.6666666666666666,167.1075,0.7333333333333334,160.4852,0.7000000000000001,160.4872,0.6666666666666666,160.0116
Lightning7,0,1372.882,success,0.714975845410628,128.6531,0.714975845410628,125.3671,0.7294685990338164,123.0727,0.714975845410628,135.6989,0.714975845410628,134.9813,0.7294685990338164,136.6927,0.7010869565217391,91.6448,0.6721014492753623,91.5322,0.6865942028985508,92.3556,0.7010869565217391,92.2515,0.6721014492753623,87.2087,0.6865942028985508,87.6456
Lightning7,1,1340.3089,success,0.6859903381642511,131.6258,0.7004830917874396,127.3227,0.6865942028985508,128.2374,0.6859903381642511,131.7081,0.7004830917874396,126.7676,0.6865942028985508,127.3136,0.6570048309178744,87.3556,0.6859903381642511,85.4796,0.6570048309178743,85.552,0.6570048309178744,85.7847,0.6859903381642511,83.8339,0.6570048309178743,90.8889
Lightning7,2,1380.1566,success,0.6570048309178743,132.5065,0.6708937198067634,127.9639,0.6847826086956522,128.867,0.6570048309178743,132.5064,0.6708937198067634,133.4921,0.6847826086956522,134.3099,0.6708937198067634,90.8884,0.6564009661835749,89.2891,0.6425120772946858,88.9373,0.6708937198067634,91.81,0.6564009661835749,91.4942,0.6425120772946858,91.081
Lightning7,3,1456.0754,success,0.7155797101449276,139.9131,0.7143719806763285,145.2151,0.7010869565217391,146.5647,0.7155797101449276,148.1745,0.7143719806763285,136.5229,0.7010869565217391,138.8247,0.7155797101449276,92.2367,0.7155797101449276,93.0318,0.6871980676328503,90.9384,0.7155797101449276,94.7626,0.7155797101449276,91.053,0.6871980676328503,92.5701
Lightning7,4,1471.6313,success,0.6865942028985508,156.884,0.7004830917874395,151.5493,0.714975845410628,152.0404,0.6865942028985508,147.735,0.7004830917874395,137.7587,0.714975845410628,129.3074,0.7004830917874396,90.1929,0.6859903381642511,87.7444,0.69987922705314,96.7663,0.7004830917874396,99.1691,0.6859903381642511,91.2199,0.69987922705314,86.0616
Mallat,0,4334.4304,success,0.94541910331384,477.0372,0.94541910331384,403.6412,0.94541910331384,396.9569,0.94541910331384,419.8467,0.94541910331384,425.9311,0.94541910331384,417.82,0.9269005847953217,283.9571,0.94541910331384,269.5268,0.94541910331384,275.3461,0.9269005847953217,278.284,0.94541910331384,273.7033,0.94541910331384,269.8328
Mallat,1,4210.7851,success,0.9269005847953217,478.6671,0.9269005847953217,406.4978,0.9444444444444443,412.9838,0.9269005847953217,433.6273,0.9269005847953217,390.7129,0.9444444444444443,409.2295,0.9269005847953217,298.5273,0.9093567251461989,251.0846,0.9269005847953217,241.5606,0.9269005847953217,248.4527,0.9093567251461989,257.879,0.9269005847953217,249.3564
Mallat,2,4261.4327,success,0.9269005847953217,406.0514,0.9269005847953217,406.4618,0.9269005847953217,400.5952,0.9269005847953217,417.0461,0.9269005847953217,450.3187,0.9269005847953217,437.5225,0.9269005847953217,271.497,0.9093567251461989,263.1915,0.9269005847953217,267.5573,0.9269005847953217,271.1381,0.9093567251461989,265.9609,0.9269005847953217,262.8747
Mallat,3,4350.0119,success,0.8567251461988304,490.3475,0.8752436647173489,463.6088,0.8752436647173489,434.5758,0.8567251461988304,416.1432,0.8752436647173489,391.8026,0.8752436647173489,444.8009,0.8752436647173489,290.5954,0.8752436647173489,247.9482,0.8752436647173489,257.8593,0.8752436647173489,265.4376,0.8752436647173489,256.533,0.8752436647173489,254.8528
Mallat,4,4103.3558,success,0.9463937621832358,443.8989,0.9463937621832358,373.0535,0.9463937621832358,384.6425,0.9463937621832358,437.7374,0.9463937621832358,413.9905,0.9463937621832358,403.7987,0.9113060428849903,273.4729,0.9103313840155945,259.6548,0.8927875243664717,261.4146,0.9113060428849903,257.2496,0.9103313840155945,235.9559,0.8927875243664717,234.8368
Meat,0,1622.2697,success,1.0,160.9407,1.0,167.4053,1.0,163.741,1.0,161.0337,1.0,161.4863,1.0,168.7818,1.0,101.604,1.0,100.8585,1.0,98.2298,1.0,95.4261,1.0,96.2571,1.0,98.0145
Meat,1,1708.0852,success,1.0,155.2514,1.0,157.5278,1.0,162.8988,1.0,160.6226,1.0,168.4416,1.0,175.293,1.0,113.1543,1.0,114.643,1.0,99.3763,1.0,112.9967,1.0,118.2516,1.0,118.0705
Meat,2,1777.9182,success,1.0,188.3322,1.0,188.62,1.0,186.2092,1.0,183.4932,1.0,183.6136,1.0,182.8954,1.0,99.5287,1.0,104.9592,1.0,102.2196,1.0,99.7391,1.0,101.378,1.0,103.9156
Meat,3,1660.8378,success,1.0,165.8945,1.0,162.4281,1.0,164.3157,1.0,165.1221,1.0,161.6441,1.0,164.1309,1.0,105.2903,1.0,103.3897,1.0,103.7807,1.0,101.4317,1.0,107.663,1.0,104.202
Meat,4,1733.1499,success,1.0,175.8348,1.0,181.9177,1.0,165.1708,1.0,163.983,1.0,161.1489,1.0,186.3754,1.0,108.9997,1.0,105.6396,1.0,112.8402,1.0,108.5732,1.0,104.8297,1.0,105.5462
MedicalImages,0,1286.9288,success,0.7322834645669292,109.223,0.7270341207349081,108.2309,0.732283464566929,111.3403,0.7322834645669292,110.6454,0.7270341207349081,110.428,0.732283464566929,110.9669,0.732283464566929,96.6874,0.727034120734908,98.0205,0.7244094488188977,96.0654,0.732283464566929,94.6739,0.727034120734908,96.3551,0.7244094488188977,95.0376
MedicalImages,1,1303.0887,success,0.7296587926509185,111.8678,0.7349081364829396,112.1295,0.7244094488188977,112.3899,0.7296587926509185,111.9393,0.7349081364829396,110.8053,0.7244094488188977,111.5772,0.7139107611548555,96.5209,0.7139107611548557,97.7535,0.7007874015748031,98.1908,0.7139107611548555,94.0481,0.7139107611548557,96.9075,0.7007874015748031,97.9466
MedicalImages,2,1256.9752,success,0.7191601049868767,103.1674,0.7191601049868767,103.0024,0.7139107611548557,103.0961,0.7191601049868767,102.9865,0.7191601049868767,103.9861,0.7139107611548557,107.3869,0.7086614173228347,95.296,0.7165354330708662,99.1517,0.7139107611548557,99.2552,0.7086614173228347,97.4156,0.7165354330708662,94.611,0.7139107611548557,97.3272
MedicalImages,3,1241.5556,success,0.6981627296587926,107.5265,0.7086614173228347,103.6242,0.7165354330708662,104.2835,0.6981627296587926,103.7705,0.7086614173228347,103.1665,0.7165354330708662,106.8429,0.7034120734908136,93.4199,0.7007874015748032,94.6465,0.7112860892388451,95.1969,0.7034120734908136,93.0811,0.7007874015748032,93.2202,0.7112860892388451,93.6701
MedicalImages,4,1328.0607,success,0.7244094488188977,113.4331,0.7296587926509187,113.158,0.7217847769028872,113.4858,0.7244094488188977,113.3125,0.7296587926509187,113.1251,0.7217847769028872,113.5859,0.7244094488188977,98.6128,0.7112860892388451,99.5277,0.7139107611548557,100.0743,0.7244094488188977,98.7148,0.7112860892388451,99.0785,0.7139107611548557,99.9964
MiddlePhalanxOutlineCorrect,0,1129.8354,success,0.8383333333333333,96.5873,0.8283333333333333,96.3276,0.8266666666666667,96.8929,0.8383333333333333,96.0629,0.8283333333333333,96.0322,0.8266666666666667,96.8336,0.8416666666666667,84.5655,0.835,84.9861,0.8466666666666667,84.5673,0.8416666666666667,85.2145,0.835,84.586,0.8466666666666667,85.121
MiddlePhalanxOutlineCorrect,1,1135.1755,success,0.8183333333333334,97.163,0.82,97.2827,0.82,97.4522,0.8183333333333334,97.2787,0.82,97.3779,0.82,97.3757,0.8333333333333334,84.9767,0.8233333333333333,85.3128,0.83,85.7665,0.8333333333333334,85.476,0.8233333333333333,84.7667,0.83,83.6969
MiddlePhalanxOutlineCorrect,2,1108.1499,success,0.8216666666666667,99.2702,0.8283333333333333,98.6461,0.8283333333333335,94.9826,0.8216666666666667,94.3917,0.8283333333333333,93.4555,0.8283333333333335,91.8656,0.83,82.2114,0.8283333333333335,83.252,0.8366666666666666,82.6345,0.83,82.0381,0.8283333333333335,81.2841,0.8366666666666666,83.7207
MiddlePhalanxOutlineCorrect,3,1147.2034,success,0.8166666666666668,98.1914,0.815,98.3407,0.8249999999999998,98.0983,0.8166666666666668,98.2066,0.815,98.1732,0.8249999999999998,98.1475,0.8216666666666667,85.8318,0.82,85.9944,0.8266666666666667,86.4723,0.8216666666666667,85.664,0.82,86.1532,0.8266666666666667,85.6288
MiddlePhalanxOutlineCorrect,4,1140.545,success,0.8233333333333333,99.3432,0.8316666666666667,99.3552,0.8316666666666667,99.9432,0.8233333333333333,99.2546,0.8316666666666667,99.4395,0.8316666666666667,99.7897,0.8283333333333333,87.2779,0.8383333333333334,83.6327,0.8366666666666666,82.9465,0.8283333333333333,82.3883,0.8383333333333334,82.3252,0.8366666666666666,83.6178
MiddlePhalanxOutlineAgeGroup,0,695.0518,success,0.8125163655407174,60.4073,0.8075412411626081,61.1414,0.8050349754984475,60.6766,0.8125163655407174,60.9967,0.8075412411626081,61.0057,0.8050349754984475,61.0676,0.8100288033516626,50.7179,0.8100288033516626,50.7331,0.8125350690158232,50.7705,0.8100288033516626,51.1924,0.8100288033516626,50.697,0.8125350690158232,51.3415
MiddlePhalanxOutlineAgeGroup,1,697.0347,success,0.8100475068267684,59.6171,0.8075038342123966,60.2338,0.8100288033516626,59.7467,0.8100475068267684,60.0117,0.8075038342123966,59.6194,0.8100288033516626,63.2444,0.8075412411626081,51.5561,0.8000785545954439,54.5255,0.8125537724909287,51.0448,0.8075412411626081,51.0821,0.8000785545954439,51.1771,0.8125537724909287,51.0395
MiddlePhalanxOutlineAgeGroup,2,736.0957,success,0.787472412374219,62.0699,0.7899225676130625,62.2882,0.7824785845210039,62.6447,0.787472412374219,65.9469,0.7899225676130625,66.8927,0.7824785845210039,63.7343,0.7924475367523286,55.6614,0.7774660531926831,56.311,0.7824598810458983,56.3346,0.7924475367523286,53.7167,0.7774660531926831,52.9752,0.7824598810458983,53.231
MiddlePhalanxOutlineAgeGroup,3,721.4745,success,0.8123854412149778,62.0128,0.7949350989413834,61.7988,0.7999663337448099,61.8934,0.8123854412149778,63.2749,0.7949350989413834,62.8626,0.7999663337448099,62.8931,0.7874163019489021,51.9833,0.797422661130438,53.0404,0.7924288332772229,51.9014,0.7874163019489021,52.7643,0.797422661130438,54.388,0.7924288332772229,54.1265
MiddlePhalanxOutlineAgeGroup,4,697.1631,success,0.787472412374219,61.3602,0.7974787715557551,61.2087,0.7924662402274342,61.6393,0.787472412374219,60.4625,0.7974787715557551,60.9663,0.7924662402274342,61.0511,0.7949912093667004,50.5226,0.79248494370254,51.0863,0.7899786780383796,50.5942,0.7949912093667004,50.4028,0.79248494370254,50.8864,0.7899786780383796,50.5695
MiddlePhalanxTW,0,910.7798,success,0.619047619047619,76.0521,0.6290726817042607,76.1861,0.6215538847117794,76.6932,0.619047619047619,76.2034,0.6290726817042607,78.5714,0.6215538847117794,80.5269,0.6315789473684211,67.807,0.6340852130325815,68.8014,0.6240601503759399,68.6305,0.6315789473684211,69.1896,0.6340852130325815,68.6231,0.6240601503759399,68.8148
MiddlePhalanxTW,1,948.7922,success,0.6165413533834587,77.491,0.6215538847117794,77.3084,0.6190476190476191,82.0822,0.6165413533834587,85.2592,0.6215538847117794,86.0065,0.6190476190476191,85.5746,0.6240601503759398,71.4185,0.6240601503759398,69.7329,0.6290726817042606,69.9189,0.6240601503759398,69.3065,0.6240601503759398,69.6579,0.6290726817042606,70.11
MiddlePhalanxTW,2,924.3719,success,0.6390977443609023,79.9042,0.6340852130325815,78.9722,0.6290726817042606,78.9,0.6390977443609023,78.5035,0.6340852130325815,78.8372,0.6290726817042606,78.6773,0.6390977443609022,67.1953,0.6340852130325815,67.7875,0.6416040100250627,67.848,0.6390977443609022,68.3312,0.6340852130325815,71.6899,0.6416040100250627,71.9845
MiddlePhalanxTW,3,899.4788,success,0.6190476190476191,76.4693,0.6115288220551378,76.2701,0.6165413533834586,81.6448,0.6190476190476191,76.5339,0.6115288220551378,76.7213,0.6165413533834586,76.8407,0.6240601503759399,66.522,0.6140350877192983,67.0737,0.6190476190476191,66.9849,0.6240601503759399,66.7365,0.6140350877192983,66.8301,0.6190476190476191,67.3092
MiddlePhalanxTW,4,888.9462,success,0.6165413533834587,75.1367,0.6190476190476191,75.819,0.6240601503759398,76.3103,0.6165413533834587,75.9736,0.6190476190476191,76.1408,0.6240601503759398,76.1353,0.6215538847117794,66.1572,0.6290726817042606,66.7631,0.6115288220551379,66.84,0.6215538847117794,66.0609,0.6290726817042606,66.6863,0.6115288220551379,66.9071
MixedShapesRegularTrain,0,11260.8712,success,0.9020513190486498,974.3477,0.9020272707596854,1034.991,0.8980232306471395,989.1783,0.9020513190486498,972.5454,0.9020272707596854,981.6142,0.8980232306471395,998.1382,0.9060072625832672,821.3947,0.9060192867277492,820.8363,0.9060313108722314,816.6619,0.9060072625832672,819.3554,0.9060192867277492,811.0791,0.9060313108722314,813.1133
MixedShapesRegularTrain,1,11216.4698,success,0.9020152466152034,980.8619,0.9020032224707212,1002.5504,0.909999278551331,980.7184,0.9020152466152034,969.476,0.9020032224707212,974.0073,0.909999278551331,978.5525,0.9120433831132915,842.19,0.9100353509847774,834.5921,0.9140393910973234,797.8138,0.9120433831132915,798.0354,0.9100353509847774,801.5615,0.9140393910973234,841.437
MixedShapesRegularTrain,2,11169.444,success,0.8980232306471395,1007.4476,0.9000432869201357,983.1087,0.8900512228554938,993.9951,0.8980232306471395,984.9513,0.9000432869201357,980.9581,0.8900512228554938,950.7356,0.9020513190486495,804.8952,0.9060553591611957,802.7037,0.9040473270326816,814.2759,0.9020513190486495,800.2004,0.9060553591611957,803.8935,0.9040473270326816,828.268
MixedShapesRegularTrain,3,11343.4477,success,0.8960873433855182,1022.9013,0.8960873433855182,1009.0138,0.9000673352090999,1006.2337,0.8960873433855182,1008.154,0.8960873433855182,1006.7507,0.9000673352090999,987.0131,0.9020513190486498,821.4635,0.9040593511771639,814.5172,0.8980593030805858,817.5627,0.9020513190486498,817.6555,0.9040593511771639,812.674,0.8980593030805858,814.0555
MixedShapesRegularTrain,4,11415.4281,success,0.9060673833056779,1005.7502,0.9040593511771639,1012.349,0.9060553591611957,997.8045,0.9060673833056779,983.7679,0.9040593511771639,973.5311,0.9060553591611957,977.1994,0.9080633912897098,836.1609,0.9060794074501599,827.7654,0.9060794074501599,833.7761,0.9080633912897098,826.3179,0.9060794074501599,821.5152,0.9060794074501599,889.6507
MixedShapesSmallTrain,0,4380.398,success,0.8793820558526441,443.1439,0.869281045751634,442.1976,0.8689839572192514,437.2805,0.8793820558526441,427.301,0.869281045751634,422.7817,0.8689839572192514,411.4244,0.859180035650624,276.1227,0.859180035650624,291.8689,0.8588829471182412,273.1469,0.859180035650624,265.4982,0.859180035650624,267.927,0.8588829471182412,276.2296
MixedShapesSmallTrain,1,4767.2706,success,0.7798573975044564,432.4382,0.809863339275104,461.4098,0.7899584076054665,430.2648,0.7798573975044564,468.7154,0.809863339275104,478.3815,0.7899584076054665,479.5603,0.8101604278074866,310.0076,0.8000594177064766,318.5938,0.8101604278074866,320.609,0.8101604278074866,310.4027,0.8000594177064766,318.5348,0.8101604278074866,320.3577
MixedShapesSmallTrain,2,4536.4889,success,0.7893642305407012,424.4596,0.7994652406417112,432.2752,0.7994652406417112,439.7403,0.7893642305407012,433.6959,0.7994652406417112,430.1183,0.7994652406417112,456.549,0.7994652406417112,296.1669,0.8196672608437314,302.932,0.7994652406417112,303.3446,0.7994652406417112,294.1088,0.8196672608437314,302.7968,0.7994652406417112,305.1101
MixedShapesSmallTrain,3,4437.5733,success,0.799762329174094,425.356,0.7994652406417112,405.0905,0.799762329174094,432.174,0.799762329174094,471.493,0.7994652406417112,440.5672,0.799762329174094,428.3746,0.8199643493761141,280.3594,0.809863339275104,301.3978,0.809863339275104,286.2185,0.8199643493761141,270.4077,0.809863339275104,288.7016,0.809863339275104,297.3786
MixedShapesSmallTrain,4,4430.4749,success,0.8398692810457516,443.0423,0.8398692810457516,440.6661,0.8398692810457516,434.4775,0.8398692810457516,406.5971,0.8398692810457516,404.5919,0.8398692810457516,439.0091,0.8496732026143791,284.7356,0.8297682709447415,295.507,0.8398692810457516,293.5272,0.8496732026143791,288.5408,0.8297682709447415,292.276,0.8398692810457516,298.2865
MoteStrain,0,390.4312,success,0.746031746031746,43.8865,0.746031746031746,35.3582,0.746031746031746,35.4389,0.746031746031746,43.7507,0.746031746031746,35.4164,0.746031746031746,35.7009,0.6904761904761904,28.495,0.6904761904761904,23.2014,0.746031746031746,23.0815,0.6904761904761904,28.5633,0.6904761904761904,23.2564,0.746031746031746,23.3219
MoteStrain,1,328.6509,success,0.7936507936507936,38.1554,0.7936507936507936,30.3224,0.8492063492063492,30.607,0.7936507936507936,36.5409,0.7936507936507936,28.542,0.8492063492063492,28.829,0.8492063492063492,24.7991,0.8492063492063492,19.0011,0.8492063492063492,19.1285,0.8492063492063492,23.3489,0.8492063492063492,19.5594,0.8492063492063492,20.1691
MoteStrain,2,379.1761,success,0.8571428571428571,39.551,0.8571428571428571,30.1173,0.8571428571428571,34.134,0.8571428571428571,45.3259,0.8571428571428571,36.4475,0.8571428571428571,36.6503,0.8571428571428571,29.4069,0.8571428571428571,23.71,0.8571428571428571,23.8722,0.8571428571428571,29.0213,0.8571428571428571,20.5397,0.8571428571428571,20.7062
MoteStrain,3,344.9586,success,0.8968253968253969,39.1377,0.8492063492063492,31.2823,0.8015873015873015,31.1911,0.8968253968253969,38.9754,0.8492063492063492,31.2086,0.8015873015873015,31.4689,0.8492063492063492,25.5207,0.8968253968253969,20.5674,0.8492063492063492,20.6437,0.8492063492063492,25.1774,0.8968253968253969,20.1217,0.8492063492063492,20.2225
MoteStrain,4,381.7863,success,0.746031746031746,44.889,0.746031746031746,35.3348,0.746031746031746,36.5857,0.746031746031746,45.4897,0.746031746031746,36.6638,0.746031746031746,36.4568,0.7936507936507936,29.45,0.7936507936507936,23.8645,0.7936507936507936,24.0483,0.7936507936507936,23.8096,0.7936507936507936,19.0319,0.7936507936507936,19.3399
OliveOil,0,2109.957,success,0.9333333333333332,209.2468,0.9333333333333332,215.0764,0.9333333333333332,205.6302,0.9333333333333332,223.0911,0.9333333333333332,215.8965,0.9333333333333332,201.7736,0.9,137.4832,0.9666666666666667,135.2784,0.9,125.7959,0.9,137.071,0.9666666666666667,131.0257,0.9,128.2832
OliveOil,1,2114.1233,success,0.9,220.7787,0.9,207.0121,0.9,204.7039,0.9,220.2501,0.9,207.8924,0.9,205.5466,0.8666666666666667,135.2767,0.9,129.4608,0.8666666666666667,123.7566,0.8666666666666667,140.7632,0.9,128.588,0.8666666666666667,124.2028
OliveOil,2,2035.3095,success,0.9,210.5289,0.9,196.6787,0.9,191.1654,0.9,236.4431,0.9,225.9039,0.9,200.2444,0.9,124.4874,0.9333333333333332,118.6459,0.9333333333333332,115.0488,0.9,132.5549,0.9333333333333332,122.7193,0.9333333333333332,121.7917
OliveOil,3,2150.9856,success,0.8333333333333334,200.4414,0.8333333333333334,202.3406,0.8333333333333334,207.5397,0.8333333333333334,237.2643,0.8333333333333334,239.8836,0.8333333333333334,214.5902,0.8333333333333334,136.9139,0.8333333333333334,129.8626,0.8333333333333334,123.7099,0.8333333333333334,137.9906,0.8333333333333334,128.4636,0.8333333333333334,123.5953
OliveOil,4,2113.516,success,0.8333333333333334,219.0673,0.8333333333333334,212.1342,0.7999999999999999,199.0637,0.8333333333333334,225.0204,0.8333333333333334,207.316,0.7999999999999999,203.7556,0.7999999999999999,135.1721,0.8333333333333334,129.2736,0.8333333333333334,124.0493,0.7999999999999999,139.9799,0.8333333333333334,129.0757,0.8333333333333334,124.3275
OSULeaf,0,2915.5346,success,0.6096788783355948,272.9265,0.6249057741595054,263.4579,0.6048545153022764,264.8048,0.6096788783355948,260.6374,0.6249057741595054,263.736,0.6048545153022764,263.6422,0.5946781245288708,202.7211,0.6096788783355948,207.1944,0.6298055178652193,206.8929,0.5946781245288708,201.2977,0.6096788783355948,205.5606,0.6298055178652193,206.6379
OSULeaf,1,3073.6227,success,0.6396803859490426,272.2726,0.6198552691090004,273.487,0.619930649781396,276.5797,0.6396803859490426,272.4344,0.6198552691090004,282.5148,0.619930649781396,283.4643,0.6349314035881201,215.501,0.6497813960500527,219.9843,0.6647821498567766,219.8292,0.6349314035881201,217.1858,0.6497813960500527,218.1526,0.6647821498567766,222.12
OSULeaf,2,2944.0697,success,0.6200060304537917,265.9564,0.6148047640584954,268.1506,0.614880144730891,267.4758,0.6200060304537917,264.2629,0.6148047640584954,267.2974,0.614880144730891,265.9841,0.6249057741595054,205.2805,0.619930649781396,207.6418,0.6299562792100105,210.1621,0.6249057741595054,204.1122,0.619930649781396,209.3272,0.6299562792100105,209.1757
OSULeaf,3,3042.9791,success,0.5949042665460577,274.2441,0.5949796472184531,278.6025,0.5947535052012664,278.4763,0.5949042665460577,274.6347,0.5949796472184531,278.5437,0.5947535052012664,275.6319,0.6050052766470677,211.8688,0.6249057741595054,215.6532,0.6350821649329111,215.539,0.6050052766470677,211.8045,0.6249057741595054,213.5657,0.6350821649329111,215.0666
OSULeaf,4,3202.4766,success,0.6347806422433289,292.7707,0.6450324136891301,303.5345,0.6301070405548016,304.9169,0.6347806422433289,299.5969,0.6450324136891301,302.2834,0.6301070405548016,303.1396,0.629880898537615,226.2366,0.6449570330167345,221.8712,0.6600331674958541,213.1496,0.629880898537615,209.5677,0.6449570330167345,212.0117,0.6600331674958541,214.9686
PhalangesOutlinesCorrect,0,3988.6204,success,0.8488888888888889,326.2736,0.8505555555555556,330.2923,0.8488888888888888,329.3156,0.8488888888888889,327.0305,0.8505555555555556,321.8031,0.8488888888888888,321.8087,0.8533333333333334,311.5364,0.8516666666666667,311.5933,0.8466666666666667,315.2091,0.8533333333333334,314.7872,0.8516666666666667,307.2322,0.8466666666666667,308.6511
PhalangesOutlinesCorrect,1,4001.9542,success,0.8433333333333334,323.4686,0.8388888888888889,325.9543,0.8416666666666667,326.0878,0.8433333333333334,323.9201,0.8388888888888889,323.7035,0.8416666666666667,322.4476,0.846111111111111,309.0611,0.84,310.6397,0.84,310.7639,0.846111111111111,318.9256,0.84,319.8095,0.84,319.1593
PhalangesOutlinesCorrect,2,4001.5047,success,0.8433333333333333,324.9719,0.8438888888888889,324.4625,0.8438888888888889,324.2104,0.8433333333333333,321.5963,0.8438888888888889,321.7002,0.8438888888888889,329.6133,0.846111111111111,314.4671,0.8433333333333334,314.9959,0.8388888888888889,316.1209,0.846111111111111,313.8692,0.8433333333333334,313.7697,0.8388888888888889,315.3357
PhalangesOutlinesCorrect,3,3959.1012,success,0.8366666666666666,329.3759,0.8338888888888888,330.2743,0.8316666666666667,331.6244,0.8366666666666666,322.4057,0.8338888888888888,319.7368,0.8316666666666667,321.8592,0.84,307.8703,0.8438888888888888,309.4776,0.8455555555555555,307.5647,0.84,308.0125,0.8438888888888888,306.1729,0.8455555555555555,303.4273
PhalangesOutlinesCorrect,4,3923.6886,success,0.8433333333333334,317.4187,0.8427777777777777,319.7085,0.8461111111111111,321.1104,0.8433333333333334,318.8305,0.8427777777777777,318.9144,0.8461111111111111,320.7757,0.851111111111111,305.8159,0.8472222222222223,307.3369,0.8466666666666667,308.9748,0.851111111111111,306.1849,0.8472222222222223,307.009,0.8466666666666667,308.1398
Phoneme,0,14165.3806,success,0.13549817423056862,1257.8714,0.12154407929055816,1247.758,0.12141366718831507,1240.5738,0.13549817423056862,1233.1856,0.12154407929055816,1235.3956,0.12141366718831507,1242.1404,0.1401278038601982,996.2724,0.1307381324986959,1010.0614,0.12141366718831507,1024.4817,0.1401278038601982,1016.896,0.1307381324986959,1059.9961,0.12141366718831507,1043.6615
Phoneme,1,14107.6428,success,0.09826551904016693,1168.0848,0.10282994261867501,1211.6115,0.09350547730829421,1184.5514,0.09826551904016693,1256.4979,0.10282994261867501,1224.0273,0.09350547730829421,1198.4397,0.09820031298904537,1062.1636,0.07948617631716222,1080.9854,0.07479134063641106,1033.3056,0.09820031298904537,1013.9956,0.07948617631716222,1006.6523,0.07479134063641106,1045.8236
Phoneme,2,13959.668,success,0.08861502347417839,1206.059,0.1118283776734481,1196.2393,0.09337506520605111,1240.965,0.08861502347417839,1259.3748,0.1118283776734481,1263.3928,0.09337506520605111,1179.4914,0.08405059989567032,994.5219,0.11189358372456963,999.7889,0.09330985915492958,1001.6617,0.08405059989567032,982.7471,0.11189358372456963,992.6344,0.09330985915492958,1067.3731
Phoneme,3,14016.1308,success,0.09806990088680229,1224.958,0.12597809076682315,1238.1795,0.11189358372456963,1282.8192,0.09806990088680229,1202.6564,0.12597809076682315,1186.9927,0.11189358372456963,1196.4061,0.09344027125717268,976.1975,0.09800469483568075,1006.9282,0.10269953051643194,1016.9082,0.09344027125717268,1007.6858,0.09800469483568075,1044.0472,0.10269953051643194,1023.6282
Phoneme,4,13877.1136,success,0.10276473656755347,1206.8876,0.10263432446531039,1200.0778,0.11208920187793427,1201.3281,0.10276473656755347,1196.463,0.10263432446531039,1202.2589,0.11208920187793427,1180.9556,0.13080333854981743,995.5488,0.12134846113719354,1006.8902,0.10269953051643192,1037.2301,0.13080333854981743,1009.4536,0.12134846113719354,1011.9307,0.10269953051643192,1054.1129
PigAirwayPressure,0,16923.507,success,0.06694677871148459,1585.0429,0.05742296918767507,1660.1024,0.06694677871148459,1558.6744,0.06694677871148459,1559.5497,0.05742296918767507,1548.7579,0.06694677871148459,1556.2072,0.06694677871148459,1098.0178,0.06694677871148459,1154.1854,0.05742296918767507,1159.7389,0.06694677871148459,1095.908,0.06694677871148459,1150.9525,0.05742296918767507,1165.0646
PigAirwayPressure,1,16223.6724,success,0.05742296918767507,1544.6922,0.05742296918767507,1557.4689,0.05742296918767507,1489.584,0.05742296918767507,1615.865,0.05742296918767507,1450.6049,0.05742296918767507,1455.6639,0.05742296918767507,1111.3046,0.05742296918767507,1128.7714,0.05742296918767507,1134.2251,0.05742296918767507,1101.9804,0.05742296918767507,1064.5711,0.05742296918767507,1089.3921
PigAirwayPressure,2,15963.2451,success,0.1061624649859944,1573.8526,0.09663865546218486,1581.3682,0.07703081232492998,1520.1486,0.1061624649859944,1450.8383,0.09663865546218486,1539.0195,0.07703081232492998,1469.3826,0.06722689075630252,1107.4113,0.06722689075630252,1169.5256,0.06722689075630252,1151.82,0.06722689075630252,1060.7371,0.06722689075630252,1046.5453,0.06722689075630252,835.9494
PigAirwayPressure,3,15751.0108,success,0.12549019607843137,1593.1229,0.11596638655462184,1460.3323,0.12549019607843137,1475.5573,0.12549019607843137,1551.1722,0.11596638655462184,1447.5155,0.12549019607843137,1446.5437,0.10644257703081232,1120.4296,0.12549019607843137,1123.609,0.10644257703081232,1113.3439,0.10644257703081232,1083.4391,0.12549019607843137,1031.5089,0.10644257703081232,846.6519
PigAirwayPressure,4,16724.6087,success,0.06722689075630252,1548.8832,0.07675070028011205,1572.4391,0.06722689075630252,1561.0833,0.06722689075630252,1581.5906,0.07675070028011205,1450.4061,0.06722689075630252,1507.5205,0.07675070028011205,1139.9789,0.06722689075630252,1109.7681,0.06722689075630252,1193.3978,0.07675070028011205,1192.4684,0.06722689075630252,1188.8984,0.06722689075630252,1155.8398
PigArtPressure,0,16195.8541,success,0.0868347338935574,1526.9377,0.0773109243697479,1511.6682,0.0868347338935574,1505.265,0.0868347338935574,1483.441,0.0773109243697479,1384.8681,0.0868347338935574,1418.6944,0.0773109243697479,1115.6719,0.0773109243697479,1121.7613,0.0773109243697479,1146.5418,0.0773109243697479,1107.8412,0.0773109243697479,1101.8815,0.0773109243697479,1104.2076
PigArtPressure,1,16170.7108,success,0.11512605042016809,1603.5624,0.12492997198879552,1499.9187,0.11540616246498599,1573.3129,0.11512605042016809,1587.4868,0.12492997198879552,1551.9541,0.11540616246498599,1558.9138,0.11512605042016809,1100.3065,0.12492997198879552,1146.5779,0.12492997198879552,1117.5008,0.11512605042016809,1107.5393,0.12492997198879552,1078.4577,0.12492997198879552,788.8257
PigArtPressure,2,15638.5923,success,0.11512605042016806,1492.8391,0.11512605042016806,1532.884,0.10560224089635854,1518.4708,0.11512605042016806,1399.6774,0.11512605042016806,1422.0009,0.10560224089635854,1453.3407,0.12492997198879552,1110.2984,0.10532212885154062,1147.9518,0.09579831932773109,1172.0862,0.12492997198879552,1112.962,0.10532212885154062,939.0253,0.09579831932773109,790.5022
PigArtPressure,3,16261.4267,success,0.08655462184873951,1569.9037,0.09607843137254903,1488.4927,0.09607843137254903,1482.1649,0.08655462184873951,1524.3257,0.09607843137254903,1505.2785,0.09607843137254903,1546.3342,0.09607843137254903,1185.2882,0.09607843137254903,1169.1529,0.10588235294117647,1143.9544,0.09607843137254903,1135.3799,0.09607843137254903,1134.1703,0.10588235294117647,989.6849
PigArtPressure,4,16273.7806,success,0.15406162464985995,1591.647,0.14453781512605043,1575.1779,0.14453781512605043,1508.8582,0.15406162464985995,1575.9699,0.14453781512605043,1512.6315,0.14453781512605043,1506.1625,0.14453781512605043,1144.5042,0.13473389355742296,1172.5586,0.13473389355742296,1173.1229,0.14453781512605043,1123.592,0.13473389355742296,1140.1434,0.13473389355742296,791.8876
PigCVP,0,16343.5206,success,0.009523809523809523,1606.6794,0.009523809523809523,1563.0417,0.009523809523809523,1554.8267,0.009523809523809523,1559.9711,0.009523809523809523,1464.5098,0.009523809523809523,1523.0662,0.009523809523809523,1200.3068,0.009523809523809523,1149.6053,0.009523809523809523,1179.2817,0.009523809523809523,1083.7212,0.009523809523809523,950.7442,0.009523809523809523,978.5523
PigCVP,1,16103.6031,success,0.04817927170868347,1620.4478,0.05798319327731092,1509.8165,0.03865546218487395,1490.5355,0.04817927170868347,1562.1584,0.05798319327731092,1436.7644,0.03865546218487395,1422.7866,0.04817927170868347,1139.7846,0.038375350140056025,1199.7816,0.038375350140056025,1172.1048,0.04817927170868347,1184.3106,0.038375350140056025,1123.5348,0.038375350140056025,788.1665
PigCVP,2,15830.6178,success,0.019047619047619046,1623.0152,0.03865546218487395,1459.6441,0.028851540616246497,1456.5236,0.019047619047619046,1523.1529,0.03865546218487395,1445.2145,0.028851540616246497,1502.1139,0.028851540616246497,1152.343,0.028851540616246497,1092.9124,0.02857142857142857,1095.0179,0.028851540616246497,1060.2776,0.028851540616246497,1071.4133,0.02857142857142857,891.6289
PigCVP,3,15976.5123,success,0.02857142857142857,1641.3423,0.019047619047619046,1582.3843,0.019047619047619046,1503.5238,0.02857142857142857,1476.5015,0.019047619047619046,1458.4502,0.019047619047619046,1491.7232,0.02857142857142857,1167.6375,0.02857142857142857,1189.0702,0.019047619047619046,1147.9393,0.02857142857142857,1106.1564,0.02857142857142857,981.0487,0.019047619047619046,778.3392
PigCVP,4,16047.3805,success,0.019047619047619046,1460.2285,0.02857142857142857,1452.6197,0.019047619047619046,1423.752,0.019047619047619046,1596.0099,0.02857142857142857,1485.0298,0.019047619047619046,1491.7134,0.019047619047619046,1164.1628,0.019047619047619046,1206.8772,0.019047619047619046,1172.3043,0.019047619047619046,1113.9431,0.019047619047619046,1058.7136,0.019047619047619046,969.2546
Plane,0,729.6413,success,0.9619047619047619,68.1846,0.9619047619047619,67.7996,0.9619047619047619,68.9904,0.9619047619047619,68.5838,0.9619047619047619,70.2888,0.9619047619047619,70.9063,0.9619047619047619,47.8542,0.9619047619047619,49.1741,0.9619047619047619,49.1913,0.9619047619047619,47.7759,0.9619047619047619,48.7131,0.9619047619047619,49.1885
Plane,1,737.7157,success,1.0,70.4749,1.0,70.8479,1.0,69.0102,1.0,70.1189,1.0,70.5634,1.0,70.5961,1.0,48.104,1.0,48.8902,1.0,49.3013,1.0,48.0313,1.0,48.9111,1.0,49.1433
Plane,2,645.7168,success,0.9904761904761905,62.0261,0.9904761904761905,62.657,0.9904761904761905,62.3153,0.9904761904761905,62.3458,0.9904761904761905,58.2022,0.9904761904761905,58.488,0.980952380952381,43.8288,0.9714285714285715,45.114,0.9904761904761905,41.451,0.980952380952381,42.2095,0.9714285714285715,41.1862,0.9904761904761905,44.4744
Plane,3,698.4677,success,0.980952380952381,65.5173,1.0,66.096,1.0,66.3002,0.980952380952381,65.6227,1.0,66.2377,1.0,69.7579,0.9904761904761905,46.0807,0.9904761904761905,46.1951,0.9904761904761905,46.4476,0.9904761904761905,45.0894,0.9904761904761905,45.8846,0.9904761904761905,46.601
Plane,4,766.6171,success,0.9904761904761905,72.9135,0.980952380952381,73.3117,1.0,73.3962,0.9904761904761905,73.0171,0.980952380952381,73.0461,1.0,73.9182,0.9904761904761905,49.5744,0.9904761904761905,50.4444,0.9904761904761905,51.257,0.9904761904761905,49.5247,0.9904761904761905,50.2566,0.9904761904761905,51.2211
PowerCons,0,700.7389,success,1.0,66.6855,1.0,68.3207,1.0,67.2475,1.0,66.1365,1.0,68.1901,1.0,66.7661,0.9944444444444445,45.5307,0.9944444444444445,46.3162,0.9944444444444445,47.4147,0.9944444444444445,44.7351,0.9944444444444445,45.2779,0.9944444444444445,46.317
PowerCons,1,645.84,success,0.9833333333333334,60.2235,0.9777777777777779,60.687,0.9777777777777779,64.1794,0.9833333333333334,60.5726,0.9777777777777779,60.715,0.9777777777777779,61.0614,0.9833333333333334,42.2898,0.9833333333333334,42.5457,0.9833333333333334,45.3955,0.9833333333333334,42.4065,0.9833333333333334,42.6556,0.9833333333333334,42.5296
PowerCons,2,611.0725,success,0.9833333333333334,56.3483,0.9833333333333334,56.4412,0.9833333333333334,56.6355,0.9833333333333334,56.0277,0.9833333333333334,61.9856,0.9833333333333334,61.2674,0.9944444444444445,39.3934,0.9944444444444445,39.5553,0.9944444444444445,39.971,0.9944444444444445,42.4024,0.9944444444444445,42.8118,0.9944444444444445,42.6693
PowerCons,3,687.9169,success,0.9944444444444445,67.0281,0.9944444444444445,65.798,0.9944444444444445,66.0476,0.9944444444444445,65.5039,0.9944444444444445,65.1926,0.9944444444444445,66.559,0.9944444444444445,44.4471,0.9944444444444445,45.0713,0.9888888888888889,45.4725,0.9944444444444445,45.6179,0.9944444444444445,45.0331,0.9888888888888889,45.1833
PowerCons,4,607.4023,success,1.0,56.9885,1.0,57.69,1.0,58.4281,1.0,56.9616,1.0,57.179,1.0,57.5919,0.9888888888888889,40.6427,0.9944444444444445,40.293,0.9944444444444445,40.7304,0.9888888888888889,40.1058,0.9944444444444445,40.319,0.9944444444444445,40.2369
ProximalPhalanxOutlineCorrect,0,996.245,success,0.8783333333333333,82.444,0.875,82.852,0.8716666666666667,83.7037,0.8783333333333333,86.4323,0.875,85.9625,0.8716666666666667,86.5889,0.8850000000000001,75.091,0.8799999999999999,75.2714,0.8816666666666667,75.1962,0.8850000000000001,75.2177,0.8799999999999999,75.0497,0.8816666666666667,75.0211
ProximalPhalanxOutlineCorrect,1,1008.8995,success,0.8783333333333334,88.9867,0.8733333333333334,87.2847,0.8783333333333334,87.3265,0.8783333333333334,86.2132,0.8733333333333334,85.8922,0.8783333333333334,86.2209,0.8816666666666667,74.6481,0.8783333333333334,75.1848,0.8783333333333333,74.9901,0.8816666666666667,74.832,0.8783333333333334,75.0104,0.8783333333333333,74.9036
ProximalPhalanxOutlineCorrect,2,1018.7344,success,0.8700000000000001,85.9611,0.8683333333333333,86.4618,0.8666666666666666,87.8833,0.8700000000000001,85.7876,0.8683333333333333,85.8708,0.8666666666666666,86.3059,0.8716666666666667,75.1496,0.8833333333333334,76.4483,0.8733333333333334,75.3429,0.8716666666666667,76.5754,0.8833333333333334,78.9995,0.8733333333333334,79.1072
ProximalPhalanxOutlineCorrect,3,1023.8716,success,0.8816666666666667,86.4843,0.8833333333333333,87.2896,0.8833333333333333,86.6593,0.8816666666666667,87.9705,0.8833333333333333,92.2175,0.8833333333333333,87.0702,0.8816666666666667,77.4456,0.8850000000000001,74.4562,0.8783333333333333,76.4785,0.8816666666666667,74.0831,0.8850000000000001,77.7447,0.8783333333333333,77.3236
ProximalPhalanxOutlineCorrect,4,1008.8009,success,0.8716666666666667,87.3804,0.8683333333333333,90.4079,0.8649999999999999,88.5584,0.8716666666666667,85.1823,0.8683333333333333,84.1282,0.8649999999999999,86.288,0.8799999999999999,74.1166,0.8766666666666666,74.4322,0.88,74.3088,0.8799999999999999,74.1365,0.8766666666666666,76.7045,0.88,74.3443
ProximalPhalanxOutlineAgeGroup,0,687.1328,success,0.8323607526278383,60.1493,0.8248793625855684,61.6332,0.8249167695357799,59.9648,0.8323607526278383,60.8157,0.8248793625855684,60.6537,0.8249167695357799,60.824,0.8249354730108854,50.421,0.8223918003965136,50.0189,0.8348857217671043,49.7595,0.8249354730108854,49.3073,0.8223918003965136,51.3485,0.8348857217671043,49.6274
ProximalPhalanxOutlineAgeGroup,1,669.3267,success,0.8400852878464818,58.6102,0.8326038978042121,58.7091,0.8325851943291064,58.8165,0.8400852878464818,58.6328,0.8326038978042121,58.4138,0.8325851943291064,58.5784,0.840066584371376,50.3877,0.8351288669434781,48.3421,0.8350914599932667,48.4395,0.840066584371376,48.1671,0.8351288669434781,48.6831,0.8350914599932667,48.5174
ProximalPhalanxOutlineAgeGroup,2,641.9466,success,0.8399730669958477,57.045,0.8375042082818988,56.1369,0.8375229117570044,56.128,0.8399730669958477,55.9195,0.8375042082818988,55.9631,0.8375229117570044,56.0284,0.8349979426177384,46.6895,0.8324916769535781,46.8975,0.8375042082818988,46.7588,0.8349979426177384,46.4676,0.8324916769535781,46.667,0.8375042082818988,46.943
ProximalPhalanxOutlineAgeGroup,3,717.8218,success,0.8475292709385404,64.266,0.850016833127595,65.0388,0.8475292709385404,64.5503,0.8475292709385404,64.7719,0.850016833127595,64.6425,0.8475292709385404,64.7386,0.8475292709385404,52.8309,0.8475666778887518,52.749,0.8500542400778065,52.9641,0.8475292709385404,49.6918,0.8475666778887518,49.4901,0.8500542400778065,49.4657
ProximalPhalanxOutlineAgeGroup,4,672.8197,success,0.839842142670108,62.8148,0.8348296113417873,60.8583,0.8323046422025211,60.0365,0.839842142670108,58.5078,0.8348296113417873,56.1282,0.8323046422025211,57.4953,0.8423110013840572,48.7015,0.834848314816893,48.8215,0.8298357834885722,49.1127,0.8423110013840572,48.6797,0.834848314816893,48.8946,0.8298357834885722,49.7264
ProximalPhalanxTW,0,718.7824,success,0.840066584371376,61.5789,0.8425354430853252,62.8606,0.8450791156996971,62.7933,0.840066584371376,61.5518,0.8425354430853252,62.4838,0.8450791156996971,62.9804,0.8400665843713763,51.4229,0.8350540530430554,53.0127,0.8375603187072157,53.3412,0.8400665843713763,51.9592,0.8350540530430554,53.1672,0.8375603187072157,53.586
ProximalPhalanxTW,1,761.7468,success,0.8475292709385404,66.7323,0.8475292709385404,67.6654,0.8575169266449706,67.623,0.8475292709385404,66.809,0.8475292709385404,67.2037,0.8575169266449706,66.9529,0.8475479744136459,54.0437,0.8500355366027007,55.2659,0.8575169266449706,55.7016,0.8475479744136459,53.8882,0.8500355366027007,55.3319,0.8575169266449706,55.6271
ProximalPhalanxTW,2,752.4305,success,0.8199229416825645,66.2579,0.8174353794935098,67.1661,0.8249354730108854,67.0214,0.8199229416825645,66.1689,0.8174353794935098,66.6947,0.8249354730108854,66.5728,0.8249541764859911,53.533,0.8199229416825645,54.7808,0.8174166760184042,55.1613,0.8249541764859911,53.362,0.8199229416825645,54.8479,0.8174166760184042,55.1778
ProximalPhalanxTW,3,747.6378,success,0.835016646092844,65.6184,0.8325103804286836,65.2532,0.8400291774211649,65.3341,0.835016646092844,66.5172,0.8325103804286836,65.047,0.8400291774211649,65.2535,0.8375229117570044,53.0331,0.8375042082818988,54.4674,0.8400104739460592,54.7774,0.8375229117570044,52.8947,0.8375042082818988,56.0406,0.8400104739460592,54.6027
ProximalPhalanxTW,4,742.3876,success,0.8274604421501515,65.5998,0.834960535667527,64.8071,0.8324542700033666,63.1146,0.8274604421501515,62.7721,0.834960535667527,65.3478,0.8324542700033666,65.9454,0.8374855048067932,52.6488,0.8324729734784723,53.0877,0.8274604421501515,53.5065,0.8374855048067932,54.9595,0.8324729734784723,56.2184,0.8274604421501515,58.1265
RefrigerationDevices,0,7157.3547,success,0.616,625.1384,0.6266666666666666,625.7103,0.6213333333333333,621.5466,0.616,601.7915,0.6266666666666666,600.4254,0.6213333333333333,621.7118,0.6266666666666666,560.6112,0.6106666666666667,530.8682,0.616,518.3316,0.6266666666666666,515.7702,0.6106666666666667,524.8346,0.616,523.7565
RefrigerationDevices,1,7129.4182,success,0.6133333333333333,604.7524,0.6106666666666666,604.0216,0.6213333333333333,620.0583,0.6133333333333333,623.2186,0.6106666666666666,627.8719,0.6213333333333333,619.5951,0.6133333333333333,521.0258,0.6293333333333333,521.8181,0.608,527.5008,0.6133333333333333,531.3633,0.6293333333333333,531.5629,0.608,531.3923
RefrigerationDevices,2,7240.1357,success,0.6213333333333333,603.9651,0.64,603.6103,0.64,604.1171,0.6213333333333333,651.3134,0.64,657.7891,0.64,645.785,0.632,547.4698,0.6133333333333333,544.9502,0.6106666666666666,546.3273,0.632,513.9829,0.6133333333333333,516.6216,0.6106666666666666,519.1741
RefrigerationDevices,3,7379.1436,success,0.624,649.8327,0.6000000000000001,650.5341,0.624,651.0714,0.624,648.8727,0.6000000000000001,653.5178,0.624,623.4398,0.624,532.372,0.6106666666666668,532.9255,0.6080000000000001,531.8076,0.624,536.485,0.6106666666666668,535.5257,0.6080000000000001,534.3443
RefrigerationDevices,4,7370.2453,success,0.6,661.8136,0.6,636.4141,0.6053333333333333,630.6362,0.6,629.8098,0.6,641.9091,0.6053333333333333,643.0324,0.608,544.6182,0.5973333333333333,544.252,0.6106666666666666,544.0773,0.608,540.0534,0.5973333333333333,540.4152,0.6106666666666666,543.678
Rock,0,10698.6455,success,0.8015873015873015,1258.6214,0.8015873015873015,1092.3574,0.753968253968254,978.6549,0.8015873015873015,1185.0464,0.8015873015873015,1016.742,0.753968253968254,931.7357,0.8015873015873015,703.9485,0.8015873015873015,609.3124,0.8015873015873015,562.3089,0.8015873015873015,729.2388,0.8015873015873015,642.2378,0.8015873015873015,613.7583
Rock,1,9536.9771,success,0.6111111111111112,1091.4948,0.6111111111111112,948.1951,0.5634920634920635,869.0627,0.6111111111111112,1087.7148,0.6111111111111112,941.4678,0.5634920634920635,863.6533,0.7142857142857143,660.9019,0.6666666666666666,573.2178,0.7142857142857143,529.6861,0.7142857142857143,664.2606,0.6666666666666666,577.666,0.7142857142857143,530.3558
Rock,2,10610.454,success,0.8492063492063492,1119.9659,0.746031746031746,1044.9118,0.7857142857142857,937.4251,0.8492063492063492,1264.9267,0.746031746031746,1025.551,0.7857142857142857,948.64,0.8412698412698413,734.8548,0.7936507936507936,634.9913,0.8412698412698413,561.1287,0.8412698412698413,804.2421,0.7936507936507936,615.7711,0.8412698412698413,583.7556
Rock,3,10107.4873,success,0.6031746031746031,1129.6794,0.5555555555555555,962.4742,0.5555555555555555,964.9195,0.6031746031746031,1226.2701,0.5555555555555555,1006.013,0.5555555555555555,895.6974,0.6031746031746031,685.3548,0.6507936507936507,593.8991,0.6507936507936507,546.9781,0.6031746031746031,689.9495,0.6507936507936507,606.3795,0.6507936507936507,595.697
Rock,4,10459.6563,success,0.7063492063492064,1284.9954,0.7063492063492064,1049.89,0.753968253968254,964.2607,0.7063492063492064,1173.3854,0.7063492063492064,970.6378,0.753968253968254,927.2303,0.7063492063492064,713.303,0.7063492063492064,620.8297,0.7063492063492064,570.0153,0.7063492063492064,719.5204,0.7063492063492064,608.3843,0.7063492063492064,563.5585
ScreenType,0,7144.4564,success,0.4533333333333333,627.0901,0.4613333333333333,632.559,0.4613333333333333,634.098,0.4533333333333333,627.3272,0.4613333333333333,629.6245,0.4613333333333333,635.5618,0.4693333333333333,516.3981,0.4746666666666666,515.5558,0.4693333333333333,515.2328,0.4693333333333333,515.1619,0.4746666666666666,510.9648,0.4693333333333333,522.8347
ScreenType,1,7136.2473,success,0.4666666666666666,628.8322,0.48,633.8488,0.48266666666666663,633.7674,0.4666666666666666,628.1484,0.48,630.5534,0.48266666666666663,635.7471,0.49066666666666664,515.596,0.4613333333333333,515.9887,0.48533333333333334,515.4821,0.49066666666666664,514.1193,0.4613333333333333,511.8348,0.48533333333333334,514.4918
ScreenType,2,7136.8858,success,0.4533333333333333,654.1075,0.4506666666666666,632.8732,0.4533333333333333,638.6241,0.4533333333333333,623.1812,0.4506666666666666,629.6081,0.4533333333333333,630.8658,0.4453333333333333,517.2331,0.4586666666666666,516.8382,0.472,517.0556,0.4453333333333333,504.6448,0.4586666666666666,505.8379,0.472,508.9286
ScreenType,3,7047.4572,success,0.4506666666666666,627.4565,0.4346666666666667,626.1941,0.4426666666666667,618.705,0.4506666666666666,614.8062,0.4346666666666667,615.8018,0.4426666666666667,621.1837,0.4426666666666666,516.5927,0.4346666666666667,512.5076,0.45599999999999996,508.8174,0.4426666666666666,505.8657,0.4346666666666667,506.9723,0.45599999999999996,513.8323
ScreenType,4,7066.0029,success,0.42133333333333334,619.1278,0.4026666666666667,634.2551,0.408,626.3979,0.42133333333333334,622.7526,0.4026666666666667,640.0262,0.408,622.904,0.4186666666666667,525.964,0.41333333333333333,507.6425,0.39999999999999997,512.2981,0.4186666666666667,492.4269,0.41333333333333333,491.5851,0.39999999999999997,491.9804
SemgHandGenderCh2,0,9710.7355,success,0.9233333333333333,946.6911,0.93,939.2176,0.92,949.9591,0.9233333333333333,970.9231,0.93,899.8345,0.92,840.7745,0.9266666666666666,637.2993,0.93,632.4377,0.94,636.9236,0.9266666666666666,632.8302,0.93,646.5878,0.94,673.7411
SemgHandGenderCh2,1,9307.3489,success,0.9266666666666667,867.647,0.9333333333333332,839.3059,0.9400000000000001,859.0256,0.9266666666666667,853.4499,0.9333333333333332,843.3892,0.9400000000000001,826.376,0.9533333333333335,651.1616,0.94,652.0986,0.9533333333333333,653.671,0.9533333333333335,651.5,0.94,654.9334,0.9533333333333333,655.9438
SemgHandGenderCh2,2,9377.3804,success,0.9166666666666666,870.5771,0.93,872.8166,0.91,882.1732,0.9166666666666666,848.1298,0.93,821.7924,0.91,816.1372,0.9266666666666666,652.0352,0.9366666666666665,636.4036,0.9266666666666667,641.3682,0.9266666666666666,678.2592,0.9366666666666665,677.6797,0.9266666666666667,677.6634
SemgHandGenderCh2,3,9239.336,success,0.9233333333333333,809.9833,0.9233333333333333,812.078,0.92,809.8438,0.9233333333333333,849.0276,0.9233333333333333,880.4722,0.92,871.0622,0.9366666666666665,665.6884,0.93,669.6888,0.9400000000000001,655.2337,0.9366666666666665,638.6315,0.93,640.333,0.9400000000000001,641.1909
SemgHandGenderCh2,4,9526.3237,success,0.9266666666666667,865.9217,0.9133333333333334,873.1353,0.9199999999999999,888.0009,0.9266666666666667,886.2671,0.9133333333333334,870.3284,0.9199999999999999,892.1745,0.9433333333333334,661.2598,0.94,637.6159,0.9466666666666667,637.7821,0.9433333333333334,696.6045,0.94,664.9186,0.9466666666666667,652.5508
SemgHandMovementCh2,0,17320.1228,success,0.5822222222222222,1619.2266,0.5933333333333334,1628.239,0.5755555555555555,1614.6246,0.5822222222222222,1596.9706,0.5933333333333334,1611.6503,0.5755555555555555,1613.3734,0.5666666666666665,1407.6008,0.5911111111111111,1416.4071,0.5933333333333334,1360.918,0.5666666666666665,1010.0343,0.5911111111111111,962.2161,0.5933333333333334,948.9713
SemgHandMovementCh2,1,17151.9962,success,0.6022222222222222,1625.0686,0.5977777777777779,1636.174,0.5844444444444444,1619.576,0.6022222222222222,1600.5291,0.5977777777777779,1617.0748,0.5844444444444444,1616.5654,0.5977777777777779,1400.4479,0.6044444444444445,1331.5898,0.6177777777777779,1205.5653,0.5977777777777779,1094.6215,0.6044444444444445,965.3686,0.6177777777777779,954.3772
SemgHandMovementCh2,2,17353.3929,success,0.6133333333333334,1631.0226,0.6,1603.9417,0.6177777777777779,1589.2388,0.6133333333333334,1603.8973,0.6,1623.38,0.6177777777777779,1656.9186,0.6022222222222222,1421.0115,0.6177777777777778,1339.9648,0.6177777777777779,1214.0982,0.6022222222222222,1225.1509,0.6177777777777778,965.1821,0.6177777777777779,950.4745
SemgHandMovementCh2,3,17249.9604,success,0.6022222222222222,1608.1126,0.5888888888888889,1638.6634,0.5911111111111111,1619.3665,0.6022222222222222,1602.0329,0.5888888888888889,1609.1203,0.5911111111111111,1599.9961,0.6066666666666666,1372.7578,0.6222222222222222,1410.6466,0.611111111111111,1230.5131,0.6066666666666666,1170.2571,0.6222222222222222,967.3336,0.611111111111111,938.4599
SemgHandMovementCh2,4,17431.8783,success,0.6133333333333333,1629.979,0.5933333333333333,1629.2681,0.5911111111111111,1609.2442,0.6133333333333333,1605.8869,0.5933333333333333,1614.5241,0.5911111111111111,1677.4426,0.6022222222222222,1423.9358,0.6088888888888889,1362.05,0.6266666666666666,1277.3988,0.6022222222222222,1215.8446,0.6088888888888889,959.654,0.6266666666666666,943.6151
SemgHandSubjectCh2,0,16602.8747,success,0.8355555555555556,1536.4655,0.8333333333333334,1581.0103,0.8288888888888889,1522.3134,0.8355555555555556,1544.0927,0.8333333333333334,1510.1003,0.8288888888888889,1516.1958,0.8555555555555556,1372.3256,0.8488888888888889,1326.7714,0.8666666666666666,1305.9146,0.8555555555555556,957.384,0.8488888888888889,1046.135,0.8666666666666666,922.8088
SemgHandSubjectCh2,1,16416.5661,success,0.851111111111111,1533.3377,0.8533333333333334,1520.8952,0.8577777777777778,1509.8093,0.851111111111111,1516.2387,0.8533333333333334,1507.9981,0.8577777777777778,1631.4724,0.8755555555555555,1347.52,0.8755555555555556,1366.437,0.8533333333333334,1241.6838,0.8755555555555555,944.1161,0.8755555555555556,928.137,0.8533333333333334,911.8519
SemgHandSubjectCh2,2,16289.4331,success,0.8355555555555556,1593.5701,0.8266666666666667,1593.3341,0.8444444444444444,1536.6714,0.8355555555555556,1477.5349,0.8266666666666667,1486.8198,0.8444444444444444,1484.9208,0.8555555555555556,1308.0735,0.8422222222222223,1310.0974,0.8555555555555556,1129.5234,0.8555555555555556,948.9445,0.8422222222222223,1012.1309,0.8555555555555556,952.6389
SemgHandSubjectCh2,3,16803.8008,success,0.8355555555555556,1559.0102,0.8422222222222221,1525.497,0.8377777777777777,1551.0209,0.8355555555555556,1531.5531,0.8422222222222221,1536.6549,0.8377777777777777,1557.0227,0.8488888888888889,1358.0319,0.8533333333333334,1339.2825,0.8711111111111111,1321.4515,0.8488888888888889,1156.8722,0.8533333333333334,1003.9252,0.8711111111111111,907.5527
SemgHandSubjectCh2,4,16870.5877,success,0.831111111111111,1549.119,0.84,1557.6666,0.8444444444444444,1528.151,0.831111111111111,1495.7215,0.84,1571.4104,0.8444444444444444,1572.225,0.8533333333333334,1358.3822,0.86,1369.9063,0.86,1351.4109,0.8533333333333334,1221.4855,0.86,920.3017,0.86,910.6352
ShapeletSim,0,1840.7495,success,0.6984126984126983,214.8591,0.8095238095238094,166.3908,0.8015873015873015,165.6032,0.6984126984126983,225.1402,0.8095238095238094,168.3112,0.8015873015873015,169.1343,0.6587301587301587,129.1206,0.5555555555555555,107.5334,0.5952380952380952,103.0371,0.6587301587301587,129.3363,0.5555555555555555,102.4238,0.5952380952380952,102.9433
ShapeletSim,1,1766.6046,success,0.6587301587301587,196.9664,0.7063492063492064,148.6079,0.6984126984126985,155.9042,0.6587301587301587,215.1143,0.7063492063492064,172.5539,0.6984126984126985,172.4982,0.5476190476190476,132.7568,0.5555555555555555,104.5378,0.5555555555555555,101.0319,0.5476190476190476,122.5055,0.5555555555555555,96.7303,0.5555555555555555,98.1915
ShapeletSim,2,1805.2523,success,0.7063492063492064,208.2087,0.753968253968254,164.2083,0.753968253968254,169.3739,0.7063492063492064,208.3327,0.753968253968254,164.6611,0.753968253968254,170.0101,0.5555555555555555,128.4522,0.6111111111111112,101.3368,0.7063492063492064,102.406,0.5555555555555555,128.364,0.6111111111111112,106.2663,0.7063492063492064,102.2666
ShapeletSim,3,1808.0809,success,0.753968253968254,199.3727,0.753968253968254,156.0703,0.7063492063492064,156.9316,0.753968253968254,198.9987,0.753968253968254,157.6431,0.7063492063492064,157.3494,0.5396825396825397,121.8891,0.6507936507936507,108.176,0.6507936507936507,124.4503,0.5396825396825397,152.4205,0.6507936507936507,110.0771,0.6507936507936507,110.4223
ShapeletSim,4,1754.718,success,0.6111111111111112,203.0271,0.5079365079365079,159.837,0.5634920634920635,163.7029,0.6111111111111112,202.8314,0.5079365079365079,163.3284,0.5634920634920635,160.3032,0.5476190476190476,125.1862,0.5079365079365079,102.0785,0.5079365079365079,99.1623,0.5476190476190476,124.6566,0.5079365079365079,98.2124,0.5079365079365079,102.5757
ShapesAll,0,20456.172,success,0.7283333333333334,2051.2276,0.73,2053.7055,0.7333333333333334,2034.4721,0.7283333333333334,2028.3573,0.73,2056.2619,0.7333333333333334,2044.9167,0.735,1492.9342,0.7399999999999999,1279.3219,0.7316666666666666,1198.0017,0.735,1192.7217,0.7399999999999999,1192.9238,0.7316666666666666,1201.7159
ShapesAll,1,20156.268,success,0.735,2083.5796,0.7383333333333333,2126.6483,0.7400000000000001,2049.439,0.735,2058.8779,0.7383333333333333,2077.592,0.7400000000000001,1626.5907,0.7450000000000001,1437.6426,0.7433333333333333,1226.1629,0.7399999999999999,1216.3971,0.7450000000000001,1208.1004,0.7433333333333333,1212.6518,0.7399999999999999,1207.7044
ShapesAll,2,20827.0856,success,0.7266666666666667,2088.6181,0.7266666666666666,2084.4108,0.7166666666666667,2066.5066,0.7266666666666667,2067.9272,0.7266666666666666,2100.3178,0.7166666666666667,2012.6422,0.7166666666666667,1718.0967,0.7316666666666666,1233.1971,0.7133333333333333,1211.5014,0.7166666666666667,1206.3026,0.7316666666666666,1204.246,0.7133333333333333,1202.4646
ShapesAll,3,20226.161,success,0.7433333333333333,2073.7932,0.7466666666666667,2055.2241,0.7399999999999999,2049.423,0.7433333333333333,2071.8231,0.7466666666666667,2080.4478,0.7399999999999999,1894.2613,0.7483333333333334,1256.764,0.75,1268.751,0.75,1215.4493,0.7483333333333334,1208.882,0.75,1213.2157,0.75,1206.2359
ShapesAll,4,20729.6302,success,0.73,2079.8865,0.7266666666666666,2099.4755,0.73,2076.3209,0.73,2079.4726,0.7266666666666666,2069.5999,0.73,1914.1306,0.7383333333333333,1782.1028,0.7266666666666667,1208.042,0.7283333333333334,1202.6465,0.7383333333333333,1196.6552,0.7266666666666667,1195.6925,0.7283333333333334,1204.895
SmallKitchenAppliances,0,6805.5202,success,0.6826666666666666,600.0159,0.6533333333333333,610.2138,0.64,587.6686,0.6826666666666666,581.4566,0.6533333333333333,598.0655,0.64,601.6024,0.6933333333333334,475.2015,0.6906666666666667,517.1271,0.68,511.5282,0.6933333333333334,468.2584,0.6906666666666667,496.2482,0.68,512.4057
SmallKitchenAppliances,1,6697.9665,success,0.664,579.1877,0.6693333333333333,596.2278,0.6666666666666666,594.4669,0.664,573.2089,0.6693333333333333,584.352,0.6666666666666666,598.7523,0.6746666666666666,497.497,0.672,494.5583,0.6773333333333333,489.6384,0.6746666666666666,467.8721,0.672,484.5774,0.6773333333333333,488.7068
SmallKitchenAppliances,2,6778.0003,success,0.6346666666666666,586.8632,0.6346666666666666,619.9061,0.6373333333333333,607.0293,0.6346666666666666,596.3474,0.6346666666666666,605.8443,0.6373333333333333,604.6037,0.6613333333333333,474.5047,0.6506666666666666,489.8618,0.6506666666666666,501.3565,0.6613333333333333,474.0215,0.6506666666666666,483.9456,0.6506666666666666,494.9638
SmallKitchenAppliances,3,6675.6756,success,0.6773333333333333,589.1811,0.664,600.3134,0.6613333333333333,600.2542,0.6773333333333333,583.7967,0.664,595.3373,0.6613333333333333,596.3273,0.6986666666666667,468.734,0.6906666666666667,484.2264,0.672,495.5601,0.6986666666666667,469.4829,0.6906666666666667,475.9824,0.672,479.8849
SmallKitchenAppliances,4,6744.5966,success,0.664,595.5071,0.6666666666666666,616.6554,0.6613333333333333,618.9207,0.664,583.2398,0.6666666666666666,601.644,0.6613333333333333,600.6981,0.6853333333333333,455.7515,0.6853333333333333,482.8858,0.6880000000000001,490.2836,0.6853333333333333,465.5423,0.6853333333333333,484.9888,0.6880000000000001,490.6236
SmoothSubspace,0,110.2245,success,0.98,9.478,0.9866666666666667,9.5773,0.9866666666666667,9.6609,0.98,9.3797,0.9866666666666667,9.6394,0.9866666666666667,9.6706,0.98,8.2726,0.98,8.2572,0.98,8.2139,0.98,8.2166,0.98,8.2531,0.98,8.2221
SmoothSubspace,1,105.3233,success,0.9933333333333333,9.0319,0.9933333333333333,9.1478,0.9933333333333333,9.2081,0.9933333333333333,9.0127,0.9933333333333333,9.1619,0.9933333333333333,9.0584,0.9933333333333333,7.8983,0.9933333333333333,7.838,0.9933333333333333,7.8592,0.9933333333333333,7.9239,0.9933333333333333,7.8506,0.9933333333333333,7.8369
SmoothSubspace,2,112.9993,success,0.9866666666666667,9.4434,0.9866666666666667,9.54,0.9866666666666667,9.6098,0.9866666666666667,9.4042,0.9866666666666667,9.592,0.9866666666666667,9.5233,0.9866666666666667,8.6501,0.9866666666666667,9.3779,0.9866666666666667,9.4111,0.9866666666666667,8.4495,0.9866666666666667,8.3137,0.9866666666666667,8.2821
SmoothSubspace,3,106.4062,success,0.98,9.9168,0.98,9.1761,0.9733333333333333,9.2343,0.98,9.0726,0.98,9.2511,0.9733333333333333,9.147,0.9733333333333333,8.001,0.9733333333333333,7.8537,0.9733333333333333,7.8502,0.9733333333333333,7.9317,0.9733333333333333,7.882,0.9733333333333333,7.8489
SmoothSubspace,4,110.686,success,0.9866666666666667,9.5717,0.9933333333333333,10.791,0.9866666666666667,9.8646,0.9866666666666667,9.3148,0.9933333333333333,9.4495,0.9866666666666667,9.4,0.9933333333333333,8.1753,0.9933333333333333,8.061,0.9933333333333333,8.1739,0.9933333333333333,8.2022,0.9933333333333333,8.0988,0.9933333333333333,8.1923
SonyAIBORobotSurface1,0,284.6291,success,0.7936507936507936,30.2864,0.746031746031746,26.9802,0.746031746031746,27.0034,0.7936507936507936,30.2145,0.746031746031746,27.1208,0.746031746031746,27.2077,0.8412698412698413,19.516,0.8412698412698413,17.5174,0.8412698412698413,17.5844,0.8412698412698413,19.4236,0.8412698412698413,17.5976,0.8412698412698413,17.7633
SonyAIBORobotSurface1,1,274.9178,success,0.746031746031746,28.9752,0.746031746031746,25.9561,0.746031746031746,27.5175,0.746031746031746,29.043,0.746031746031746,25.9287,0.746031746031746,25.7868,0.746031746031746,18.5096,0.746031746031746,16.7462,0.7936507936507936,16.8995,0.746031746031746,18.5669,0.746031746031746,18.3778,0.7936507936507936,16.9557
SonyAIBORobotSurface1,2,290.07,success,0.746031746031746,30.1603,0.746031746031746,27.0017,0.746031746031746,26.8072,0.746031746031746,30.0351,0.746031746031746,29.4001,0.746031746031746,27.2382,0.746031746031746,19.652,0.746031746031746,17.7894,0.746031746031746,17.7306,0.746031746031746,19.4835,0.746031746031746,17.5781,0.746031746031746,17.7116
SonyAIBORobotSurface1,3,256.2944,success,0.8015873015873015,27.5748,0.8015873015873015,23.8755,0.8015873015873015,23.863,0.8015873015873015,26.7291,0.8015873015873015,23.9809,0.8015873015873015,24.0229,0.753968253968254,17.3121,0.8015873015873015,15.589,0.753968253968254,15.6759,0.753968253968254,17.2472,0.8015873015873015,15.5278,0.753968253968254,16.3595
SonyAIBORobotSurface1,4,285.7798,success,0.8015873015873015,32.6447,0.8015873015873015,27.1828,0.8015873015873015,26.5994,0.8015873015873015,29.6248,0.8015873015873015,26.4484,0.8015873015873015,26.2458,0.8015873015873015,19.0431,0.8015873015873015,17.2556,0.8015873015873015,17.4297,0.8015873015873015,19.102,0.8015873015873015,17.3657,0.8015873015873015,17.4514
SonyAIBORobotSurface2,0,257.4665,success,0.9259259259259259,26.1317,0.9259259259259259,24.3839,0.9259259259259259,24.442,0.9259259259259259,26.0976,0.9259259259259259,24.186,0.9259259259259259,24.3017,0.9259259259259259,17.0564,0.9259259259259259,16.169,0.9259259259259259,16.3254,0.9259259259259259,17.282,0.9259259259259259,16.3166,0.9259259259259259,17.0675
SonyAIBORobotSurface2,1,308.1919,success,0.8518518518518517,31.8405,0.8518518518518517,29.6718,0.8518518518518517,29.5887,0.8518518518518517,31.6229,0.8518518518518517,29.3446,0.8518518518518517,29.5776,0.9259259259259259,20.7439,0.8888888888888888,19.6802,0.8518518518518517,19.8071,0.9259259259259259,20.91,0.8888888888888888,19.5585,0.8518518518518517,19.6349
SonyAIBORobotSurface2,2,232.7266,success,0.8888888888888888,23.8321,0.9259259259259259,21.967,0.8518518518518517,22.0234,0.8888888888888888,23.6249,0.9259259259259259,21.85,0.8518518518518517,22.0117,0.9259259259259259,15.9091,0.9259259259259259,14.5745,0.9259259259259259,14.6995,0.9259259259259259,15.5737,0.9259259259259259,14.7231,0.9259259259259259,14.8913
SonyAIBORobotSurface2,3,271.9747,success,0.9259259259259259,27.248,0.8888888888888888,25.3179,0.8888888888888888,25.2737,0.9259259259259259,27.0744,0.8888888888888888,25.0524,0.8888888888888888,25.0937,0.9259259259259259,17.7095,0.9259259259259259,16.9693,0.8518518518518517,16.8316,0.9259259259259259,19.0397,0.9259259259259259,19.8374,0.8518518518518517,18.6809
SonyAIBORobotSurface2,4,299.8803,success,0.8888888888888888,30.7113,0.8888888888888888,28.3574,0.8888888888888888,28.4162,0.8888888888888888,30.6347,0.8888888888888888,28.2365,0.8888888888888888,28.8632,0.8888888888888888,20.0496,0.8888888888888888,18.9963,0.8888888888888888,18.9511,0.8888888888888888,20.0124,0.8888888888888888,18.8437,0.8888888888888888,18.8959
Strawberry,0,2248.1345,success,0.9739120038259207,187.2585,0.9755459907540253,186.4454,0.9755459907540253,189.4759,0.9739120038259207,205.6909,0.9755459907540253,206.516,0.9755459907540253,206.872,0.9755459907540253,163.5298,0.9739120038259207,162.588,0.9739120038259207,163.4645,0.9755459907540253,162.658,0.9739120038259207,162.0554,0.9739120038259207,162.7526
Strawberry,1,2162.98,success,0.9738960624900367,193.1462,0.9722700462298741,193.6819,0.9739040331579787,192.7103,0.9738960624900367,192.6192,0.9722700462298741,192.5447,0.9739040331579787,195.2642,0.9738960624900367,155.5078,0.9755220787501994,156.7519,0.9738960624900367,156.0881,0.9738960624900367,155.3587,0.9755220787501994,153.1907,0.9738960624900367,154.138
Strawberry,2,2134.1314,success,0.9706599713055954,187.7508,0.972285987565758,188.0554,0.9706599713055954,191.2207,0.9706599713055954,187.6431,0.972285987565758,188.9288,0.9706599713055954,192.1412,0.9706520006376534,153.39,0.972285987565758,153.3909,0.9706599713055954,153.4452,0.9706520006376534,153.7492,0.972285987565758,151.2094,0.9706599713055954,150.5687
Strawberry,3,2175.2176,success,0.9706201179658857,180.2311,0.9689861310377811,191.582,0.9706201179658857,197.8596,0.9706201179658857,206.8622,0.9689861310377811,206.1538,0.9706201179658857,198.6195,0.9738801211541528,162.3488,0.9755061374143154,162.1151,0.9738721504862108,150.8148,0.9738801211541528,149.3843,0.9755061374143154,148.8194,0.9738721504862108,148.9156
Strawberry,4,2175.8931,success,0.9755380200860833,179.2063,0.9755380200860833,178.7441,0.9771640363462458,179.62,0.9755380200860833,198.4361,0.9755380200860833,203.7008,0.9771640363462458,205.1051,0.9722780168978161,163.0613,0.9739120038259207,162.9905,0.9722780168978161,162.9098,0.9722780168978161,161.9448,0.9739120038259207,148.9175,0.9722780168978161,149.0044
SwedishLeaf,0,2321.8409,success,0.8820311184859198,193.8722,0.8800351105018879,194.4175,0.8840271264699516,196.0776,0.8820311184859198,194.4011,0.8800351105018879,197.1002,0.8840271264699516,195.1333,0.8760190462448597,176.4685,0.8860231344539836,178.4413,0.8940432388235577,177.1335,0.8760190462448597,175.5767,0.8860231344539836,177.4769,0.8940432388235577,176.3067
SwedishLeaf,1,2333.1781,success,0.8459226126061132,196.9307,0.853918668686723,196.4821,0.8579347329437511,195.995,0.8459226126061132,196.1225,0.853918668686723,196.8434,0.8579347329437511,197.0541,0.8619868696342255,176.9807,0.8639588293292931,178.0941,0.8559627732486833,177.9431,0.8619868696342255,176.2441,0.8639588293292931,177.1834,0.8559627732486833,177.16
SwedishLeaf,2,2325.0822,success,0.8679989418752857,196.7854,0.8659788856022894,196.0377,0.8579828295216796,196.5857,0.8679989418752857,196.4809,0.8659788856022894,195.9274,0.8579828295216796,194.8114,0.8720150061323136,176.222,0.8699949498593176,177.1624,0.8739749416828992,177.5215,0.8720150061323136,175.5083,0.8699949498593176,176.4416,0.8739749416828992,176.3652
SwedishLeaf,3,2340.5208,success,0.8779188610730347,197.0425,0.8659187648798788,195.881,0.875934877233485,195.9944,0.8779188610730347,198.0658,0.8659187648798788,196.7975,0.875934877233485,198.3944,0.871930837120939,177.4509,0.8779308852175168,178.6248,0.8739268451049709,180.151,0.871930837120939,176.5172,0.8779308852175168,177.4776,0.8739268451049709,178.5818
SwedishLeaf,4,2255.5898,success,0.8819349253300627,188.5001,0.8799268932015488,188.6674,0.8779308852175168,188.874,0.8819349253300627,188.747,0.8799268932015488,189.2889,0.8779308852175168,189.3651,0.8859509895870908,172.1369,0.8859509895870908,172.9896,0.8879469975711228,172.9214,0.8859509895870908,171.5847,0.8859509895870908,172.1529,0.8879469975711228,172.1552
Symbols,0,1678.9971,success,0.8796296296296297,177.8392,0.8796296296296297,162.4295,0.8796296296296297,158.7638,0.8796296296296297,181.5121,0.8796296296296297,159.7127,0.8796296296296297,161.9499,0.8796296296296297,110.2462,0.8796296296296297,100.0988,0.8796296296296297,102.4436,0.8796296296296297,110.1146,0.8796296296296297,99.8779,0.8796296296296297,102.5307
Symbols,1,1627.042,success,0.8842592592592592,172.3466,0.8842592592592592,156.7186,0.8842592592592592,160.8539,0.8842592592592592,180.442,0.8842592592592592,157.9724,0.8842592592592592,159.8565,0.8842592592592592,99.8978,0.8842592592592592,101.5391,0.8842592592592592,96.2635,0.8842592592592592,106.3491,0.8842592592592592,94.5235,0.8842592592592592,92.1501
Symbols,2,1537.0163,success,0.875,153.3904,0.875,137.5642,0.875,137.628,0.875,153.9818,0.875,151.3076,0.875,150.7428,0.875,123.5137,0.875,105.4911,0.875,86.026,0.875,108.1118,0.875,85.6729,0.875,92.1327
Symbols,3,1587.672,success,0.875,167.8257,0.875,149.6459,0.875,146.6082,0.875,168.6181,0.875,148.2845,0.875,146.2589,0.875,106.5927,0.875,98.0187,0.875,102.6131,0.875,107.889,0.875,97.3865,0.875,97.5018
Symbols,4,1655.5022,success,0.8796296296296297,177.8223,0.8379629629629629,157.4429,0.8796296296296297,156.3647,0.8796296296296297,180.994,0.8379629629629629,158.353,0.8796296296296297,154.3025,0.8379629629629629,109.4349,0.8379629629629629,104.3248,0.8379629629629629,98.5632,0.8379629629629629,109.2939,0.8379629629629629,99.1838,0.8379629629629629,98.2258
SyntheticControl,0,555.1467,success,0.9633333333333333,48.9987,0.9633333333333333,49.0949,0.9666666666666667,48.694,0.9633333333333333,48.7967,0.9633333333333333,49.1207,0.9666666666666667,48.006,0.9666666666666667,40.4651,0.98,40.6121,0.9766666666666666,40.7927,0.9666666666666667,40.685,0.98,40.4787,0.9766666666666666,40.8086
SyntheticControl,1,567.4266,success,0.9533333333333333,49.794,0.9633333333333333,50.4883,0.9666666666666667,50.1572,0.9533333333333333,49.768,0.9633333333333333,50.224,0.9666666666666667,50.2146,0.96,40.7832,0.9666666666666667,41.0104,0.9666666666666667,41.2082,0.96,40.9807,0.9666666666666667,40.9428,0.9666666666666667,40.9812
SyntheticControl,2,510.2183,success,0.9633333333333333,44.5745,0.9633333333333333,44.6212,0.9666666666666667,44.2491,0.9633333333333333,44.5082,0.9633333333333333,44.4913,0.9666666666666667,44.3045,0.9633333333333333,38.2071,0.9733333333333333,38.5275,0.9666666666666667,37.4872,0.9633333333333333,37.4141,0.9733333333333333,37.1824,0.9666666666666667,37.4187
SyntheticControl,3,521.5016,success,0.9633333333333333,45.4167,0.9633333333333333,45.2919,0.9666666666666667,45.2136,0.9633333333333333,45.2298,0.9633333333333333,46.3464,0.9666666666666667,46.3027,0.9633333333333333,37.8687,0.9633333333333333,38.1635,0.9566666666666667,38.171,0.9633333333333333,37.9636,0.9633333333333333,37.8824,0.9566666666666667,38.0934
SyntheticControl,4,549.5122,success,0.9733333333333333,48.197,0.9700000000000001,48.916,0.9700000000000001,48.535,0.9733333333333333,48.1586,0.9700000000000001,48.602,0.9700000000000001,48.3467,0.9666666666666667,39.7357,0.9633333333333333,39.6223,0.9700000000000001,39.7371,0.9666666666666667,39.7984,0.9633333333333333,39.701,0.9700000000000001,39.7601
ToeSegmentation1,0,988.8204,success,0.37545787545787546,100.5597,0.3772893772893773,101.3608,0.4267399267399267,101.5558,0.37545787545787546,101.9208,0.3772893772893773,101.3859,0.4267399267399267,95.4969,0.4249084249084249,59.3824,0.45054945054945056,60.9329,0.4249084249084249,63.9617,0.4249084249084249,59.5606,0.45054945054945056,60.9002,0.4249084249084249,60.9128
ToeSegmentation1,1,1053.5865,success,0.49633699633699635,101.072,0.4450549450549451,100.8595,0.521978021978022,100.2484,0.49633699633699635,112.0219,0.4450549450549451,112.8013,0.521978021978022,106.9215,0.49633699633699635,63.6606,0.521978021978022,64.7945,0.49633699633699635,65.1556,0.49633699633699635,63.4792,0.521978021978022,64.3552,0.49633699633699635,65.1605
ToeSegmentation1,2,988.8593,success,0.4249084249084249,103.0145,0.49633699633699635,99.4175,0.47252747252747246,99.6482,0.4249084249084249,98.9181,0.49633699633699635,99.46,0.47252747252747246,99.3288,0.5,61.5207,0.5,61.2282,0.5,61.6737,0.5,60.1869,0.5,61.1766,0.5,61.8458
ToeSegmentation1,3,967.5967,success,0.575091575091575,98.4135,0.575091575091575,97.8952,0.575091575091575,98.1798,0.575091575091575,94.6708,0.575091575091575,97.1452,0.575091575091575,95.0481,0.5476190476190477,61.3696,0.5732600732600733,60.7497,0.5989010989010989,60.6017,0.5476190476190477,61.145,0.5732600732600733,60.566,0.5989010989010989,60.6377
ToeSegmentation1,4,1131.396,success,0.42124542124542125,101.3719,0.4468864468864469,101.6059,0.4468864468864469,106.9137,0.42124542124542125,117.2929,0.4468864468864469,117.9471,0.4468864468864469,117.4086,0.4468864468864469,73.212,0.42124542124542125,74.6589,0.47252747252747246,74.9334,0.4468864468864469,72.8604,0.42124542124542125,74.3206,0.47252747252747246,74.1826
ToeSegmentation2,0,1255.6567,success,0.6388888888888888,128.4491,0.6111111111111112,113.9702,0.638888888888889,120.6056,0.6388888888888888,131.4287,0.6111111111111112,132.4259,0.638888888888889,126.5894,0.5833333333333334,83.9428,0.5833333333333334,81.4619,0.6111111111111112,77.002,0.5833333333333334,72.8113,0.5833333333333334,73.0872,0.6111111111111112,74.5817
ToeSegmentation2,1,1243.149,success,0.5833333333333334,127.0548,0.5555555555555555,124.0053,0.5555555555555555,125.9773,0.5833333333333334,121.2311,0.5555555555555555,121.7897,0.5555555555555555,121.8024,0.47222222222222215,77.8755,0.5,78.7293,0.5277777777777778,76.9815,0.47222222222222215,75.0883,0.5,76.908,0.5277777777777778,76.9135
ToeSegmentation2,2,1175.1071,success,0.5555555555555556,114.7114,0.5555555555555556,115.152,0.5555555555555556,118.9461,0.5555555555555556,115.0502,0.5555555555555556,115.9243,0.5555555555555556,115.5092,0.5555555555555556,75.6487,0.5555555555555556,73.1097,0.5,73.3783,0.5555555555555556,71.5551,0.5555555555555556,72.9721,0.5,73.2633
ToeSegmentation2,3,1202.8619,success,0.6388888888888888,118.5503,0.5833333333333334,118.5439,0.47222222222222227,118.571,0.6388888888888888,121.0188,0.5833333333333334,119.2537,0.47222222222222227,118.8293,0.5277777777777778,73.3749,0.4166666666666667,77.4811,0.47222222222222227,74.6515,0.5277777777777778,72.8546,0.4166666666666667,74.8679,0.47222222222222227,74.6239
ToeSegmentation2,4,1225.3153,success,0.6111111111111112,122.4878,0.5833333333333334,123.1858,0.5833333333333334,123.3805,0.6111111111111112,121.8223,0.5833333333333334,122.3169,0.5833333333333334,120.76,0.5833333333333334,74.4814,0.5555555555555555,76.1244,0.5,76.0673,0.5833333333333334,74.3607,0.5555555555555555,76.0666,0.5,76.0543
Trace,0,1188.6958,success,0.8701723113487819,114.7539,0.8701723113487819,117.7925,0.8701723113487819,118.5859,0.8701723113487819,114.9885,0.8701723113487819,117.6381,0.8701723113487819,116.1713,0.8701723113487819,77.0679,0.8701723113487819,77.9664,0.880273321449792,77.6947,0.8701723113487819,77.7947,0.8701723113487819,72.7562,0.880273321449792,78.2162
Trace,1,1162.9934,success,0.9402852049910874,103.9757,0.9301841948900772,112.3097,0.9301841948900772,104.5909,0.9402852049910874,110.5684,0.9301841948900772,109.9112,0.9301841948900772,124.7172,0.9402852049910874,73.7262,0.9402852049910874,76.9431,0.9301841948900772,75.7328,0.9402852049910874,73.5268,0.9402852049910874,75.2008,0.9301841948900772,78.7277
Trace,2,1176.7764,success,0.9595959595959597,111.5751,0.9595959595959597,116.3895,0.9595959595959597,128.5627,0.9595959595959597,126.3879,0.9595959595959597,116.5215,0.9595959595959597,106.4295,0.9595959595959597,70.6881,0.9595959595959597,71.4595,0.9595959595959597,72.4958,0.9595959595959597,70.6663,0.9595959595959597,73.6787,0.9595959595959597,74.4766
Trace,3,1135.1688,success,0.9099821746880571,125.4988,0.9099821746880571,122.1353,0.9099821746880571,103.8868,0.9099821746880571,101.7537,0.9099821746880571,103.0024,0.9099821746880571,103.4444,0.9099821746880571,70.0098,0.9301841948900772,74.8668,0.9099821746880571,79.4012,0.9099821746880571,74.4418,0.9301841948900772,75.2215,0.9099821746880571,74.0369
Trace,4,1132.8671,success,0.9203802733214498,108.3572,0.9203802733214498,110.0674,0.93048128342246,114.5267,0.9203802733214498,108.338,0.9203802733214498,109.1945,0.93048128342246,109.7221,0.9102792632204397,72.6285,0.94058229352347,73.7373,0.9503862150920974,78.2317,0.9102792632204397,72.3073,0.94058229352347,73.5882,0.9503862150920974,74.1962
TwoLeadECG,0,376.7348,success,0.7321428571428571,39.3232,0.7738095238095237,36.4536,0.7738095238095237,36.4436,0.7321428571428571,39.2755,0.7738095238095237,36.6186,0.7738095238095237,36.6268,0.6904761904761904,25.1815,0.7321428571428571,23.4522,0.8154761904761904,23.5463,0.6904761904761904,25.1922,0.7321428571428571,23.4678,0.8154761904761904,23.5994
TwoLeadECG,1,330.7521,success,0.8095238095238094,35.2359,0.8095238095238094,32.9414,0.8571428571428571,31.2208,0.8095238095238094,33.532,0.8095238095238094,31.2109,0.8571428571428571,31.4608,0.8095238095238094,21.5152,0.8571428571428571,20.1323,0.9047619047619048,20.1959,0.8095238095238094,22.9652,0.8571428571428571,21.7202,0.9047619047619048,21.5693
TwoLeadECG,2,356.4258,success,0.8214285714285715,36.8889,0.8630952380952381,34.3853,0.9047619047619048,34.2015,0.8214285714285715,36.694,0.8630952380952381,34.1893,0.9047619047619048,34.3594,0.9047619047619048,23.4488,0.9047619047619048,22.0529,0.9047619047619048,22.0124,0.9047619047619048,23.522,0.9047619047619048,21.8237,0.9047619047619048,22.1574
TwoLeadECG,3,369.57,success,0.8630952380952381,35.7373,0.9047619047619048,33.005,0.9047619047619048,34.2982,0.8630952380952381,36.3359,0.9047619047619048,35.5557,0.9047619047619048,37.1208,0.9047619047619048,25.3654,0.9047619047619048,23.8478,0.9047619047619048,23.7557,0.9047619047619048,25.4781,0.9047619047619048,23.864,0.9047619047619048,23.9086
TwoLeadECG,4,378.0466,success,0.8154761904761904,39.2055,0.8630952380952381,36.145,0.9107142857142857,36.3234,0.8154761904761904,38.9517,0.8630952380952381,36.2078,0.9107142857142857,36.2417,0.8154761904761904,24.9388,0.8630952380952381,23.3638,0.9107142857142857,23.5415,0.8154761904761904,25.1194,0.8630952380952381,23.4726,0.9107142857142857,23.5593
TwoPatterns,0,3578.5321,success,0.8659857462252672,306.8257,0.8609927292562022,304.4035,0.8599977222731714,301.1156,0.8659857462252672,297.3137,0.8609927292562022,293.093,0.8599977222731714,295.086,0.8669867472262682,274.0172,0.8679847512182842,270.9592,0.8709787631943321,271.4378,0.8669867472262682,274.0895,0.8679847512182842,272.9196,0.8709787631943321,273.6428
TwoPatterns,1,3568.1673,success,0.909007810205415,293.9074,0.9010327692962424,292.9771,0.913017808227389,297.732,0.909007810205415,294.3451,0.9010327692962424,290.4511,0.913017808227389,297.8453,0.9060287832742923,276.3839,0.920024815234396,276.1533,0.9170278062493632,275.6303,0.9060287832742923,280.1698,0.920024815234396,274.3527,0.9170278062493632,274.317
TwoPatterns,2,3556.5549,success,0.893989798181415,295.5046,0.8959977942013869,295.1529,0.8879957802113491,294.4253,0.893989798181415,293.8047,0.8959977942013869,294.3046,0.8879957802113491,294.2986,0.88398877919836,273.5637,0.8949937961914011,271.4018,0.89398680117243,273.182,0.88398877919836,273.2923,0.8949937961914011,271.6424,0.89398680117243,274.4236
TwoPatterns,3,3537.583,success,0.8900127672582762,297.8421,0.8800027572482662,295.9508,0.8820107532682383,293.4289,0.8900127672582762,292.0919,0.8800027572482662,291.2401,0.8820107532682383,292.3624,0.8880407353461246,271.2137,0.8830267393141645,271.0723,0.8930097762433092,270.3335,0.8880407353461246,272.6459,0.8830267393141645,273.0794,0.8930097762433092,272.3654
TwoPatterns,4,3595.6286,success,0.8759777741813671,309.4533,0.8699837562113011,296.0857,0.882978787170404,294.447,0.8759777741813671,303.1298,0.8699837562113011,296.6214,0.882978787170404,294.9723,0.881989774205343,273.3069,0.8849747951544358,275.2407,0.8939838041634448,276.3103,0.881989774205343,277.3708,0.8849747951544358,276.8029,0.8939838041634448,277.0194
UMD,0,574.9024,success,0.9444444444444443,55.4892,0.9444444444444443,56.2062,0.9722222222222222,57.7087,0.9444444444444443,59.0217,0.9444444444444443,56.2181,0.9722222222222222,56.0004,0.9166666666666666,35.5398,0.9166666666666666,36.2575,0.9444444444444443,36.5864,0.9166666666666666,35.4553,0.9166666666666666,36.0391,0.9444444444444443,36.5402
UMD,1,648.4933,success,0.8888888888888888,63.1791,0.8888888888888888,63.4535,0.9166666666666666,64.2089,0.8888888888888888,63.8931,0.8888888888888888,64.289,0.9166666666666666,64.0593,0.8333333333333334,40.6613,0.8333333333333334,41.2805,0.9166666666666666,41.3533,0.8333333333333334,40.2925,0.8333333333333334,40.7822,0.9166666666666666,41.3648
UMD,2,622.6945,success,0.75,64.2512,0.8055555555555555,64.0044,0.8055555555555555,64.5359,0.75,64.0092,0.8055555555555555,63.5881,0.8055555555555555,63.5069,0.6944444444444445,40.2238,0.7777777777777777,40.786,0.8333333333333334,41.048,0.6944444444444445,39.5272,0.7777777777777777,32.8908,0.8333333333333334,33.0752
UMD,3,546.2275,success,0.8333333333333334,54.6858,0.888888888888889,54.5138,0.888888888888889,52.4782,0.8333333333333334,51.3797,0.888888888888889,50.6705,0.888888888888889,50.6646,0.8611111111111112,33.4088,0.8611111111111112,40.159,0.888888888888889,37.3012,0.8611111111111112,34.8586,0.8611111111111112,34.3654,0.888888888888889,34.8036
UMD,4,529.7278,success,0.8333333333333334,51.8248,0.8888888888888888,51.9882,0.8333333333333334,51.5663,0.8333333333333334,51.4529,0.8888888888888888,51.6662,0.8333333333333334,51.5429,0.8333333333333334,32.9018,0.8333333333333334,33.5056,0.8888888888888888,36.3449,0.8333333333333334,33.65,0.8333333333333334,33.2244,0.8888888888888888,33.5006
UWaveGestureLibraryAll,0,17818.2064,success,0.9441950423858799,1776.8764,0.9453061285567852,1781.3797,0.9419653879823123,1783.4294,0.9441950423858799,1794.7521,0.9453061285567852,1751.8577,0.9419653879823123,1636.6202,0.9441950423858799,1134.2739,0.9397282515169881,1113.9803,0.9397282515169881,1114.8749,0.9441950423858799,1112.9835,0.9397282515169881,1106.9731,0.9397282515169881,1103.4006
UWaveGestureLibraryAll,1,17660.4698,success,0.9341204462301632,1793.6222,0.9318907918265958,1761.5014,0.9352352734319469,1769.6015,0.9341204462301632,1783.0728,0.9318907918265958,1816.2853,0.9352352734319469,1476.6131,0.9408168915026224,1130.0768,0.9396945822390818,1106.7562,0.9385909781299335,1103.5324,0.9408168915026224,1109.1726,0.9396945822390818,1114.682,0.9385909781299335,1115.0965
UWaveGestureLibraryAll,2,17867.3566,success,0.9397207694552311,1835.2118,0.9397207694552311,1806.431,0.9408355966570149,1804.5726,0.9397207694552311,1787.315,0.9397207694552311,1774.7541,0.9408355966570149,1542.3468,0.9430764741532176,1170.886,0.941954164889677,1118.6215,0.9408355966570149,1115.3638,0.9430764741532176,1117.2998,0.941954164889677,1110.2352,0.9408355966570149,1106.3671
UWaveGestureLibraryAll,3,17946.181,success,0.9453248337111774,1779.8848,0.9430989203384885,1784.0653,0.9397432156405019,1795.0286,0.9453248337111774,1816.2973,0.9430989203384885,1806.6674,0.9397432156405019,1694.9744,0.9408543018114072,1131.9615,0.9397469566713804,1117.234,0.9464471429747182,1115.2531,0.9408543018114072,1115.177,0.9397469566713804,1107.5214,0.9464471429747182,1105.4138
UWaveGestureLibraryAll,4,17986.6024,success,0.9486543511930149,1790.3253,0.9441950423858799,1791.7702,0.9441950423858799,1804.1913,0.9486543511930149,1810.3257,0.9441950423858799,1727.6366,0.9441950423858799,1679.3614,0.9464284378203258,1273.9538,0.9475395239912311,1100.5192,0.9475395239912311,1101.9137,0.9464284378203258,1100.6743,0.9475395239912311,1101.1695,0.9475395239912311,1102.1314
UWaveGestureLibraryX,0,8611.4379,success,0.7511316618407369,722.7436,0.7600577615167636,722.0747,0.7533575752134257,708.7168,0.7511316618407369,696.374,0.7600577615167636,693.9861,0.7533575752134257,712.0867,0.7622799338585741,671.8338,0.756702056818777,682.4016,0.7544724024152095,667.7258,0.7622799338585741,664.7778,0.756702056818777,662.8391,0.7544724024152095,655.409
UWaveGestureLibraryX,1,8482.677,success,0.7388498574667235,701.5785,0.7455425617083042,697.2676,0.7366052389396422,697.6953,0.7388498574667235,697.4326,0.7455425617083042,697.8595,0.7366052389396422,700.2778,0.7377088430487905,660.1811,0.7287827433727637,659.9081,0.7366052389396422,662.816,0.7377088430487905,668.9396,0.7287827433727637,673.0949,0.7366052389396422,665.8972
UWaveGestureLibraryX,2,8739.9424,success,0.7511391439024938,714.1426,0.7455500437700612,710.4683,0.7522427480116421,705.5729,0.7511391439024938,711.5823,0.7455500437700612,730.766,0.7522427480116421,732.8067,0.7511279208098584,684.553,0.7477834392045072,686.6247,0.7399646846685073,685.8124,0.7511279208098584,680.9764,0.7477834392045072,667.4726,0.7399646846685073,663.9491
UWaveGestureLibraryX,3,8699.7713,success,0.7600390563623711,709.3337,0.7555722654934792,704.0175,0.7566945747570201,714.2959,0.7600390563623711,714.7091,0.7555722654934792,705.9568,0.7566945747570201,709.1518,0.7522315249190067,665.612,0.7633910200294793,687.7212,0.7566945747570201,688.0752,0.7522315249190067,676.6626,0.7633910200294793,682.5744,0.7566945747570201,681.9193
UWaveGestureLibraryX,4,8598.3259,success,0.726597981339738,706.849,0.7187867088654949,716.3772,0.7199090181290356,698.9681,0.726597981339738,693.4025,0.7187867088654949,695.8599,0.7199090181290356,698.5055,0.7277202906032786,667.7552,0.7333131317665895,683.2445,0.7366501313101838,671.2561,0.7277202906032786,666.4824,0.7333131317665895,663.6057,0.7366501313101838,675.7704
UWaveGestureLibraryY,0,8441.2936,success,0.712045371222494,694.8103,0.7220937801620614,696.005,0.7198678667893725,694.44,0.712045371222494,696.0727,0.7220937801620614,697.1147,0.7198678667893725,700.1795,0.7254307797056557,655.0303,0.722090039131183,653.9057,0.7176232482622912,653.2822,0.7254307797056557,651.6902,0.722090039131183,652.7495,0.7176232482622912,652.1953
UWaveGestureLibraryY,1,8405.3332,success,0.709819457849805,691.0333,0.7008896171428999,690.7891,0.7053414438882779,691.4546,0.709819457849805,696.8648,0.7008896171428999,698.9638,0.7053414438882779,683.2594,0.7075785803536022,649.1201,0.6997635668484806,651.326,0.7031155305155888,662.7605,0.7075785803536022,650.3151,0.6997635668484806,644.7581,0.7031155305155888,641.0552
UWaveGestureLibraryY,2,8457.9823,success,0.7332420521798987,691.5526,0.7377013609870335,687.8172,0.734360620412561,688.6421,0.7332420521798987,694.8787,0.7377013609870335,694.5271,0.734360620412561,697.7277,0.7388161881888173,656.5359,0.7454976693377627,661.8617,0.7410533246541416,662.2052,0.7388161881888173,669.176,0.7454976693377627,652.8817,0.7410533246541416,660.8202
UWaveGestureLibraryY,3,8519.296,success,0.7421718928868039,692.2053,0.7343681024743178,691.1809,0.7354717065834663,692.3503,0.7421718928868039,689.8255,0.7343681024743178,696.452,0.7354717065834663,699.3508,0.7432904611194661,654.9878,0.7410570656850202,672.9785,0.7444090293521283,672.1951,0.7432904611194661,667.8303,0.7410570656850202,666.1102,0.7444090293521283,671.7989
UWaveGestureLibraryY,4,8472.0149,success,0.708700889617143,703.3327,0.7142787666569399,701.5525,0.7142862487186968,702.3365,0.708700889617143,701.397,0.7142787666569399,699.6951,0.7142862487186968,700.0168,0.7142862487186968,654.0402,0.715404816951359,656.2239,0.7165196441531428,655.5468,0.7142862487186968,652.7487,0.715404816951359,652.5466,0.7165196441531428,652.1145
UWaveGestureLibraryZ,0,8684.2391,success,0.6953079990722243,724.804,0.6953117401031029,724.2784,0.6953154811339813,719.6542,0.6953079990722243,716.5426,0.6953117401031029,718.5374,0.6953154811339813,722.2624,0.7009083222972922,680.2167,0.7031454587626166,682.4279,0.7053751131661841,681.8541,0.7009083222972922,679.9007,0.7031454587626166,680.9514,0.7053751131661841,593.0622
UWaveGestureLibraryZ,1,8729.9906,success,0.7008783940502644,712.4969,0.7064487890283045,710.6491,0.7031080484538319,718.8283,0.7008783940502644,722.5049,0.7064487890283045,714.9435,0.7031080484538319,724.9182,0.7098082347571696,693.2983,0.7075748393227238,691.1062,0.7109193209280749,699.6226,0.7098082347571696,678.2353,0.7075748393227238,682.9832,0.7109193209280749,676.8435
UWaveGestureLibraryZ,2,8832.9092,success,0.6975264303831564,751.5886,0.7109342850515888,751.6235,0.702000703313805,751.808,0.6975264303831564,750.0427,0.7109342850515888,747.7118,0.702000703313805,728.7632,0.7142712845951831,686.8242,0.7075710982918452,685.0607,0.705333961826521,680.2879,0.7142712845951831,677.0178,0.7075710982918452,675.7587,0.705333961826521,618.5633
UWaveGestureLibraryZ,3,8749.8817,success,0.7053638900735487,727.4254,0.7031417177317382,715.6509,0.7053638900735487,716.276,0.7053638900735487,715.5513,0.7031417177317382,717.6467,0.7053638900735487,721.2938,0.7176344713549265,679.1894,0.7165271262148997,681.7677,0.7154085579822377,680.2379,0.7176344713549265,678.9369,0.7165271262148997,680.2059,0.7154085579822377,675.7262
UWaveGestureLibraryZ,4,8766.3233,success,0.6986375165540616,712.2449,0.6975189483213994,711.4492,0.6997560847867238,713.5364,0.6986375165540616,711.6345,0.6975189483213994,713.028,0.6997560847867238,715.2759,0.7098044937262912,674.9464,0.7165009389987506,685.1946,0.7120491122533726,686.1989,0.7098044937262912,682.2379,0.7165009389987506,698.7989,0.7120491122533726,694.568
Wafer,0,1755.3724,success,0.99500398602195,149.3731,0.99500398602195,150.5298,0.99500398602195,153.6482,0.99500398602195,150.0427,0.99500398602195,150.7355,0.99500398602195,151.0737,0.99500398602195,131.3765,0.99500398602195,129.3005,0.99500398602195,130.0888,0.99500398602195,128.9778,0.99500398602195,131.783,0.99500398602195,130.5746
Wafer,1,1707.4815,success,0.995000989012965,145.8308,0.995000989012965,148.4167,0.995000989012965,147.3574,0.995000989012965,145.4476,0.995000989012965,148.1831,0.995000989012965,146.8806,0.995000989012965,126.57,0.995000989012965,127.0018,0.995000989012965,126.7728,0.995000989012965,126.1075,0.995000989012965,126.0555,0.995000989012965,126.6796
Wafer,2,1719.6734,success,0.9980009950069831,146.2216,0.9980009950069831,148.319,0.9980009950069831,148.9001,0.9980009950069831,146.3715,0.9980009950069831,148.2308,0.9980009950069831,147.9434,0.9980009950069831,127.9143,0.9980009950069831,128.1425,0.9980009950069831,129.7667,0.9980009950069831,127.5149,0.9980009950069831,127.8527,0.9980009950069831,126.8971
Wafer,3,1699.9232,success,0.9970059880239521,146.7723,0.9970059880239521,144.8415,0.9970059880239521,145.4823,0.9970059880239521,143.6751,0.9970059880239521,147.768,0.9970059880239521,143.7498,0.9970059880239521,127.486,0.9970059880239521,126.8848,0.9980039920159681,127.1228,0.9970059880239521,128.5054,0.9970059880239521,127.3652,0.9980039920159681,127.3926
Wafer,4,1754.711,success,0.9980009950069831,150.0999,0.9980009950069831,151.3608,0.9980009950069831,152.2177,0.9980009950069831,150.2117,0.9980009950069831,151.2977,0.9980009950069831,151.5316,0.9980009950069831,128.9872,0.9980009950069831,130.2784,0.9980009950069831,131.0647,0.9980009950069831,129.6692,0.9980009950069831,129.8989,0.9980009950069831,131.0212
Wine,0,850.1638,success,1.0,83.482,1.0,85.8141,1.0,82.2243,1.0,83.5333,1.0,82.1863,1.0,83.9374,1.0,52.8163,1.0,53.3025,0.9824561403508771,55.0282,1.0,52.7875,1.0,53.6326,0.9824561403508771,53.9102
Wine,1,777.7066,success,1.0,74.9114,1.0,74.6297,1.0,74.5151,1.0,74.2594,1.0,74.1867,1.0,74.6751,1.0,47.8771,1.0,48.4305,1.0,49.8847,1.0,52.4407,1.0,52.6812,1.0,53.0441
Wine,2,885.6871,success,0.9649122807017544,86.1049,0.9298245614035089,85.8086,0.9298245614035089,89.3442,0.9649122807017544,87.6741,0.9298245614035089,86.1675,0.9298245614035089,86.0679,0.9473684210526315,55.1784,0.9649122807017544,55.3613,0.9298245614035089,55.761,0.9473684210526315,55.2805,0.9649122807017544,59.3746,0.9298245614035089,56.1006
Wine,3,844.9683,success,0.9824561403508771,83.0066,0.9824561403508771,84.6186,1.0,82.1443,0.9824561403508771,81.8554,0.9824561403508771,81.6661,1.0,82.1838,1.0,56.2527,0.9824561403508771,53.2674,0.9824561403508771,53.4553,1.0,52.8695,0.9824561403508771,53.4836,0.9824561403508771,53.4206
Wine,4,818.4426,success,0.9649122807017544,82.7374,0.9649122807017544,80.7192,0.9473684210526315,80.8531,0.9649122807017544,79.9974,0.9649122807017544,82.7926,0.9473684210526315,80.149,0.9649122807017544,51.5312,0.9649122807017544,51.9845,1.0,52.3964,0.9649122807017544,51.4929,0.9649122807017544,51.5837,1.0,51.8138
WordSynonyms,0,3690.9386,success,0.5730337078651685,315.6418,0.5730337078651685,314.3179,0.5692883895131087,315.7092,0.5730337078651685,314.694,0.5730337078651685,314.334,0.5692883895131087,317.1983,0.5767790262172285,273.4585,0.5692883895131086,277.0921,0.5730337078651685,277.7811,0.5767790262172285,273.6922,0.5692883895131086,276.4736,0.5730337078651685,278.3696
WordSynonyms,1,3715.3732,success,0.5767790262172284,308.6568,0.5917602996254682,307.8611,0.5880149812734082,308.0955,0.5767790262172284,309.7281,0.5917602996254682,314.5624,0.5880149812734082,319.4039,0.5842696629213483,270.7664,0.5805243445692884,274.788,0.5805243445692884,276.3404,0.5842696629213483,284.6347,0.5805243445692884,289.3985,0.5805243445692884,290.6212
WordSynonyms,2,3702.5207,success,0.5580524344569289,310.9461,0.5543071161048689,310.2935,0.5617977528089888,311.9846,0.5580524344569289,311.6512,0.5543071161048689,311.9249,0.5617977528089888,312.5458,0.5543071161048689,269.7904,0.5655430711610486,270.2117,0.5468164794007491,284.812,0.5543071161048689,285.0112,0.5655430711610486,287.2285,0.5468164794007491,289.2679
WordSynonyms,3,3673.5391,success,0.5655430711610486,313.7343,0.5655430711610486,316.5699,0.5730337078651685,316.3568,0.5655430711610486,314.4947,0.5655430711610486,317.8709,0.5730337078651685,317.5638,0.5580524344569288,269.5383,0.5655430711610486,273.6105,0.5767790262172284,274.6913,0.5580524344569288,270.0658,0.5655430711610486,272.7536,0.5767790262172284,274.2302
WordSynonyms,4,3672.0546,success,0.5655430711610486,308.1055,0.5692883895131086,306.9263,0.5880149812734082,307.5629,0.5655430711610486,307.3112,0.5692883895131086,307.4337,0.5880149812734082,307.6777,0.5767790262172284,266.635,0.5842696629213483,268.6977,0.5805243445692884,278.826,0.5767790262172284,284.2359,0.5842696629213483,286.7691,0.5805243445692884,287.3032
Worms,0,5488.2455,success,0.5358834244080146,484.292,0.5303278688524591,489.7345,0.519216757741348,491.655,0.5358834244080146,488.3773,0.5303278688524591,491.2231,0.519216757741348,498.0451,0.5525500910746813,365.6298,0.5358834244080146,393.1544,0.5303278688524591,405.3872,0.5525500910746813,397.081,0.5358834244080146,404.4316,0.5303278688524591,402.8352
Worms,1,5629.5119,success,0.5744990892531876,535.0247,0.5745901639344263,539.7412,0.5745901639344263,529.4107,0.5744990892531876,494.5327,0.5745901639344263,499.3057,0.5745901639344263,524.1278,0.5966302367941713,374.7439,0.5744990892531876,400.5979,0.5689435336976321,403.8446,0.5966302367941713,379.4337,0.5744990892531876,387.7908,0.5689435336976321,389.7413
Worms,2,5595.8671,success,0.5575591985428051,532.4225,0.5741347905282331,539.2537,0.546448087431694,505.8614,0.5575591985428051,503.2427,0.5741347905282331,538.5064,0.546448087431694,509.86,0.5795992714025501,387.6503,0.5740437158469945,395.8268,0.5683970856102004,364.1958,0.5795992714025501,382.293,0.5740437158469945,391.708,0.5683970856102004,373.9162
Worms,3,5264.9286,success,0.6078324225865209,483.0118,0.6078324225865209,487.7011,0.6133879781420766,487.2815,0.6078324225865209,481.6498,0.6078324225865209,488.2549,0.6133879781420766,496.0227,0.6189435336976321,353.8886,0.6078324225865209,366.132,0.607832422586521,366.9916,0.6189435336976321,358.6262,0.6078324225865209,365.4264,0.607832422586521,365.1301
Worms,4,5457.6496,success,0.6240437158469945,485.6116,0.624408014571949,487.7714,0.5913479052823315,492.3177,0.6240437158469945,489.1237,0.624408014571949,516.1544,0.5913479052823315,519.0861,0.5856102003642988,386.5368,0.6022768670309654,381.8636,0.6131147540983607,377.0565,0.5856102003642988,367.0892,0.6022768670309654,375.9633,0.6131147540983607,375.7028
WormsTwoClass,0,4773.4226,success,0.6350637522768671,433.4239,0.6352459016393442,447.271,0.6517304189435337,461.2541,0.6350637522768671,454.0326,0.6352459016393442,460.2473,0.6517304189435337,454.8777,0.6460837887067394,322.9776,0.6350637522768671,324.98,0.6295992714025501,326.5763,0.6460837887067394,323.0232,0.6350637522768671,299.3669,0.6295992714025501,298.9463
WormsTwoClass,1,4963.0091,success,0.6576502732240438,458.2407,0.6685792349726776,460.8235,0.6462659380692167,461.4627,0.6576502732240438,448.4447,0.6685792349726776,452.6334,0.6462659380692167,453.7135,0.6354280510018215,330.5068,0.6463570127504553,364.5276,0.6464480874316939,355.1123,0.6354280510018215,331.685,0.6463570127504553,318.242,0.6464480874316939,332.7176
WormsTwoClass,2,4830.0513,success,0.6575591985428051,438.2547,0.6740437158469946,459.4379,0.6685792349726776,462.7696,0.6575591985428051,456.833,0.6740437158469946,452.6147,0.6685792349726776,452.286,0.6795992714025502,324.2882,0.6851548269581057,327.8738,0.663023679417122,329.5976,0.6795992714025502,334.2755,0.6851548269581057,331.0463,0.663023679417122,320.7764
WormsTwoClass,3,4728.4171,success,0.679417122040073,433.8499,0.6795992714025502,440.6833,0.685063752276867,444.8994,0.679417122040073,439.3322,0.6795992714025502,442.7569,0.685063752276867,443.5385,0.6793260473588342,318.0331,0.6793260473588343,321.0269,0.6740437158469946,319.4981,0.6793260473588342,313.2015,0.6793260473588343,318.2232,0.6740437158469946,319.7156
WormsTwoClass,4,4622.0888,success,0.6520036429872494,435.3251,0.6631147540983606,432.0125,0.6631147540983606,432.5661,0.6520036429872494,428.9756,0.6631147540983606,429.8329,0.6631147540983606,429.2249,0.6465391621129326,313.2548,0.668670309653916,316.2718,0.6520947176684881,317.8755,0.6465391621129326,314.105,0.668670309653916,315.6739,0.6520947176684881,316.3495
Yoga,0,3170.9534,success,0.7933333333333333,286.352,0.7866666666666667,277.7312,0.7933333333333333,287.7467,0.7933333333333333,288.3485,0.7866666666666667,288.745,0.7933333333333333,289.7088,0.8000000000000002,217.866,0.7966666666666667,219.8599,0.8033333333333333,220.1445,0.8000000000000002,224.9451,0.7966666666666667,232.1408,0.8033333333333333,228.1418
Yoga,1,3489.0686,success,0.8033333333333333,307.407,0.81,309.482,0.8033333333333333,310.0765,0.8033333333333333,307.5074,0.81,311.4322,0.8033333333333333,323.7423,0.8066666666666666,246.0856,0.8066666666666666,247.074,0.7999999999999999,247.7423,0.8066666666666666,246.3916,0.8066666666666666,246.3923,0.7999999999999999,247.2917
Yoga,2,3231.0757,success,0.7866666666666667,295.3796,0.8066666666666666,298.3323,0.8033333333333333,298.4271,0.7866666666666667,290.8733,0.8066666666666666,288.9492,0.8033333333333333,286.9109,0.79,226.1547,0.8000000000000002,227.9925,0.8166666666666668,226.7949,0.79,228.1317,0.8000000000000002,226.3694,0.8166666666666668,227.2189
Yoga,3,3229.1874,success,0.7699999999999999,299.7223,0.7766666666666667,300.8888,0.7733333333333334,294.9359,0.7699999999999999,293.6358,0.7766666666666667,298.9476,0.7733333333333334,297.2689,0.79,227.1522,0.7833333333333333,222.753,0.7833333333333332,222.0942,0.79,221.1643,0.7833333333333333,222.3298,0.7833333333333332,222.4459
Yoga,4,3438.5448,success,0.8166666666666668,310.4124,0.8066666666666666,312.6616,0.8033333333333333,311.4657,0.8166666666666668,309.8734,0.8066666666666666,312.116,0.8033333333333333,312.4356,0.81,240.6713,0.7999999999999999,238.6331,0.8033333333333333,239.492,0.81,238.4602,0.7999999999999999,239.5715,0.8033333333333333,240.3247
ArticularyWordRecognition,0,11895.9398,success,0.9454530976270107,1334.8675,0.9454530976270107,1319.9133,0.9381669055582099,1308.4205,0.9454530976270107,1275.206,0.9454530976270107,1082.3618,0.9381669055582099,890.6931,0.9418299092212136,738.267,0.9491161012900143,731.9351,0.9454530976270107,727.3863,0.9418299092212136,708.2198,0.9491161012900143,715.2386,0.9454530976270107,721.8637
ArticularyWordRecognition,1,12699.5228,success,0.9382067208154163,1274.1028,0.9345835324096194,1361.9178,0.9382465360726231,1353.4184,0.9382067208154163,1368.3147,0.9345835324096194,1336.0182,0.9382465360726231,1307.4012,0.949155916547221,735.0361,0.9491161012900143,725.9798,0.9382067208154163,729.609,0.949155916547221,716.9496,0.9491161012900143,722.7123,0.9382067208154163,730.6402
ArticularyWordRecognition,2,12619.5705,success,0.9345039018952063,1295.2257,0.9417502787068005,1366.5082,0.9381270903010034,1337.2691,0.9345039018952063,1390.0476,0.9417502787068005,1340.2335,0.9381270903010034,1181.9441,0.956322662844402,730.8246,0.9454530976270107,729.9532,0.9381270903010034,733.1696,0.956322662844402,719.2524,0.9454530976270107,725.2901,0.9381270903010034,731.9623
ArticularyWordRecognition,3,12694.1932,success,0.9527392896958115,1298.4684,0.9527392896958115,1292.5316,0.9491161012900143,1366.3996,0.9527392896958115,1359.4588,0.9527392896958115,1331.0867,0.9491161012900143,1302.5024,0.9563624781016086,785.2852,0.9526596591813984,722.7504,0.9563624781016086,728.7976,0.9563624781016086,716.7675,0.9526596591813984,723.2033,0.9563624781016086,730.8332
ArticularyWordRecognition,4,12264.7497,success,0.9418697244784201,1315.8207,0.9382067208154163,1300.222,0.9381669055582099,1319.1782,0.9418697244784201,1332.5522,0.9382067208154163,1278.3783,0.9381669055582099,1064.8993,0.9491161012900143,727.1853,0.9382067208154165,722.5575,0.9455327281414238,721.3641,0.9491161012900143,707.1338,0.9382067208154165,719.289,0.9455327281414238,723.1802
AtrialFibrillation,0,4667.9266,success,0.4666666666666666,561.345,0.4000000000000001,467.6763,0.46666666666666673,420.2087,0.4666666666666666,548.8046,0.4000000000000001,462.4528,0.46666666666666673,394.5921,0.4000000000000001,340.4442,0.4000000000000001,277.4308,0.4000000000000001,242.0035,0.4000000000000001,328.4826,0.4000000000000001,268.0608,0.4000000000000001,236.3916
AtrialFibrillation,1,4748.2763,success,0.4000000000000001,555.7355,0.20000000000000004,450.8082,0.26666666666666666,401.0545,0.4000000000000001,578.8149,0.20000000000000004,481.3206,0.26666666666666666,420.8044,0.3333333333333333,341.751,0.4000000000000001,269.9645,0.26666666666666666,246.6628,0.3333333333333333,335.6293,0.4000000000000001,278.1028,0.26666666666666666,241.1314
AtrialFibrillation,2,4857.5659,success,0.4666666666666666,591.4449,0.4000000000000001,456.0036,0.4000000000000001,381.4661,0.4666666666666666,543.7597,0.4000000000000001,486.2269,0.4000000000000001,443.5201,0.4666666666666666,354.921,0.4000000000000001,290.7756,0.3333333333333333,256.06,0.4666666666666666,351.4503,0.4000000000000001,286.6416,0.3333333333333333,259.959
AtrialFibrillation,3,5201.0302,success,0.39999999999999997,550.0087,0.20000000000000004,452.1438,0.26666666666666666,439.6996,0.39999999999999997,666.0155,0.20000000000000004,531.212,0.26666666666666666,458.8095,0.20000000000000004,380.6356,0.3333333333333333,315.825,0.13333333333333333,280.3219,0.20000000000000004,377.7241,0.3333333333333333,307.8626,0.13333333333333333,274.6816
AtrialFibrillation,4,5016.9887,success,0.3333333333333333,574.0547,0.26666666666666666,464.6316,0.26666666666666666,425.0014,0.3333333333333333,627.688,0.26666666666666666,497.9534,0.26666666666666666,445.011,0.26666666666666666,385.036,0.20000000000000004,319.7067,0.20000000000000004,252.1989,0.26666666666666666,346.8733,0.20000000000000004,281.9325,0.20000000000000004,247.7942
BasicMotions,0,2220.8656,success,0.7509157509157509,258.6697,0.7509157509157509,215.7751,0.7765567765567765,193.5607,0.7509157509157509,221.8676,0.7509157509157509,217.987,0.7765567765567765,216.8906,0.7252747252747254,148.6881,0.7509157509157509,133.1157,0.7252747252747254,134.2098,0.7252747252747254,152.2681,0.7509157509157509,129.9457,0.7252747252747254,131.0471
BasicMotions,1,2308.2916,success,0.7234432234432235,237.3536,0.7728937728937728,203.7263,0.7234432234432235,204.1307,0.7234432234432235,229.7077,0.7728937728937728,201.8708,0.7234432234432235,229.7414,0.6996336996336995,165.9657,0.6996336996336995,148.0255,0.7234432234432235,149.9988,0.6996336996336995,165.6519,0.6996336996336995,148.5761,0.7234432234432235,149.2043
BasicMotions,2,2090.0962,success,0.7728937728937728,213.8985,0.7490842490842491,189.7615,0.7490842490842491,189.6398,0.7728937728937728,219.7761,0.7490842490842491,208.1808,0.7490842490842491,199.8383,0.7490842490842491,144.2251,0.7490842490842491,127.5833,0.7490842490842491,132.8287,0.7490842490842491,142.2477,0.7490842490842491,122.7373,0.7490842490842491,132.5865
BasicMotions,3,2305.7354,success,0.8260073260073261,246.9986,0.8260073260073261,224.4126,0.7985347985347985,219.7025,0.8260073260073261,244.6989,0.8260073260073261,217.6672,0.7985347985347985,218.6004,0.8003663003663003,154.109,0.7509157509157509,138.2452,0.7490842490842491,138.8879,0.8003663003663003,154.2762,0.7509157509157509,136.6039,0.7490842490842491,141.3798
BasicMotions,4,2125.3704,success,0.6996336996336995,273.9604,0.6483516483516483,243.5237,0.6483516483516484,225.6094,0.6996336996336995,213.1454,0.6483516483516483,188.11,0.6483516483516484,189.2678,0.7252747252747254,133.8773,0.6758241758241758,119.6401,0.6483516483516483,121.221,0.7252747252747254,133.6131,0.6758241758241758,120.5762,0.6483516483516483,121.7913
Cricket,0,26224.5503,success,0.9537037037037036,3406.261,0.9537037037037036,3158.3738,0.9351851851851851,2366.2069,0.9537037037037036,2364.4515,0.9537037037037036,2314.516,0.9351851851851851,2297.4499,0.9722222222222223,1622.3441,0.9722222222222222,1594.6438,0.9814814814814815,1610.7691,0.9722222222222223,1621.3852,0.9722222222222222,1600.3142,0.9814814814814815,1613.0287
Cricket,1,25612.1671,success,0.9351851851851851,3441.171,0.9351851851851851,2714.6876,0.9351851851851851,2321.4614,0.9351851851851851,2342.962,0.9351851851851851,2261.2933,0.9351851851851851,2255.9393,0.9444444444444443,1603.4596,0.9537037037037036,1586.3864,0.9351851851851851,1612.52,0.9444444444444443,1619.6253,0.9537037037037036,1597.9974,0.9351851851851851,1605.3497
Cricket,2,26420.9519,success,0.9444444444444443,3496.4032,0.9629629629629629,3235.1318,0.9537037037037036,2358.678,0.9444444444444443,2383.1408,0.9629629629629629,2304.8742,0.9537037037037036,2293.7031,0.9814814814814815,1633.1836,1.0,1604.132,0.9814814814814815,1623.3697,0.9814814814814815,1632.185,1.0,1598.0045,0.9814814814814815,1610.6985
Cricket,3,26273.403,success,0.9351851851851851,3584.2797,0.9444444444444443,3117.9283,0.9444444444444443,2306.2303,0.9351851851851851,2330.7803,0.9444444444444443,2273.3152,0.9444444444444443,2291.4313,0.9537037037037036,1623.2373,0.9537037037037037,1604.8568,0.9629629629629629,1624.0112,0.9537037037037036,1632.5045,0.9537037037037037,1606.8983,0.9629629629629629,1622.8615
Cricket,4,25781.0923,success,0.9907407407407408,3470.7547,0.9814814814814815,2838.4462,0.9814814814814815,2318.8322,0.9907407407407408,2329.6606,0.9814814814814815,2268.4734,0.9814814814814815,2260.0704,0.9907407407407408,1607.502,0.9907407407407408,1592.6695,1.0,1608.8775,0.9907407407407408,1616.3238,0.9907407407407408,1596.7026,1.0,1618.4344
Epilepsy,0,3115.9758,success,0.7668276972624799,289.4128,0.8033816425120772,292.7758,0.8028985507246377,295.8693,0.7668276972624799,290.6155,0.8033816425120772,293.4681,0.8028985507246377,295.5389,0.8107890499194846,203.681,0.7959742351046698,210.4284,0.8177133655394525,217.1491,0.8107890499194846,213.9075,0.7959742351046698,212.3208,0.8177133655394525,212.9327
Epilepsy,1,2858.3465,success,0.788244766505636,267.0139,0.7811594202898551,271.6503,0.803059581320451,271.9046,0.788244766505636,267.5922,0.7811594202898551,269.7918,0.803059581320451,271.3529,0.7592592592592592,191.3505,0.8099838969404187,194.4707,0.8173913043478261,193.765,0.7592592592592592,190.5986,0.8099838969404187,193.2592,0.8173913043478261,194.0229
Epilepsy,2,2894.9369,success,0.7148148148148148,260.5036,0.6782608695652175,264.6457,0.7146537842190016,266.1405,0.7148148148148148,262.474,0.6782608695652175,271.7746,0.7146537842190016,294.2032,0.7223832528180353,194.7332,0.7222222222222222,202.6712,0.7148148148148148,195.9063,0.7223832528180353,187.8653,0.7222222222222222,191.6057,0.7148148148148148,214.659
Epilepsy,3,3339.413,success,0.8035426731078905,323.9046,0.7816425120772946,326.7756,0.7962962962962963,329.2368,0.8035426731078905,314.9443,0.7816425120772946,308.5276,0.7962962962962963,311.9503,0.7814814814814816,216.5877,0.7959742351046698,219.9481,0.7961352657004831,220.4093,0.7814814814814816,216.691,0.7959742351046698,219.4215,0.7961352657004831,218.8486
Epilepsy,4,2847.3506,success,0.7814814814814816,266.577,0.7813204508856684,260.6562,0.774074074074074,267.9331,0.7814814814814816,262.7141,0.7813204508856684,264.591,0.774074074074074,270.8731,0.7814814814814816,190.3225,0.7668276972624799,193.5729,0.7668276972624799,193.5607,0.7814814814814816,189.0109,0.7668276972624799,191.2391,0.7668276972624799,194.5507
ERing,0,980.5741,success,0.8666666666666667,104.2297,0.9,94.9415,0.8666666666666667,90.0232,0.8666666666666667,104.1451,0.9,98.9734,0.8666666666666667,89.6077,0.9,65.3512,0.9,60.1193,0.9,57.4122,0.9,65.3266,0.9,60.3385,0.9,61.0902
ERing,1,947.5697,success,0.8666666666666667,103.0559,0.9,93.0772,0.9,88.0957,0.8666666666666667,103.1187,0.9,93.238,0.9,89.0221,0.9,64.0921,0.9,58.9767,0.9333333333333332,56.1262,0.9,64.7078,0.9,59.0436,0.9333333333333332,56.0737
ERing,2,1170.192,success,0.9,126.1706,0.9,115.261,0.9,109.3072,0.9,126.316,0.9,115.8871,0.9,109.6489,0.8666666666666667,79.4465,0.9333333333333332,73.3053,0.9333333333333332,69.3685,0.8666666666666667,79.2854,0.9333333333333332,72.9427,0.9333333333333332,70.0912
ERing,3,1008.3309,success,0.9,111.5722,0.9,98.3591,0.9,93.0951,0.9,107.5683,0.9,102.0229,0.9,93.2358,0.9,67.6183,0.9333333333333332,62.3254,0.9,59.5371,0.9,67.668,0.9333333333333332,66.3833,0.9,59.1304
ERing,4,1047.35,success,0.8666666666666666,113.8016,0.8666666666666667,100.0185,0.8333333333333334,94.986,0.8666666666666666,109.8041,0.8666666666666667,103.8999,0.8333333333333334,94.7449,0.8333333333333334,68.9427,0.8666666666666666,64.2636,0.7999999999999999,65.2456,0.8333333333333334,72.999,0.8666666666666666,66.2864,0.7999999999999999,61.6083
FingerMovements,0,9123.5377,success,0.6139862234201857,1047.6534,0.6013177598083259,948.2157,0.5917939502845163,933.1577,0.6139862234201857,986.3303,0.6013177598083259,910.6686,0.5917939502845163,814.1107,0.6266247379454927,541.8327,0.6140461215932914,538.8024,0.6266247379454927,536.6712,0.6266247379454927,534.6376,0.6140461215932914,535.7487,0.6266247379454927,536.3829
FingerMovements,1,9220.4474,success,0.5600778676250374,960.7823,0.5886193471099131,1010.5198,0.5728661275831087,999.4769,0.5600778676250374,914.4153,0.5886193471099131,919.4383,0.5728661275831087,864.1061,0.5664570230607967,551.3363,0.5728960766696617,546.2634,0.5759508834980532,537.983,0.5664570230607967,537.8117,0.5728960766696617,539.5865,0.5759508834980532,540.9922
FingerMovements,2,8968.5055,success,0.5727163821503444,990.8678,0.5917939502845163,949.7147,0.5823899371069182,947.7801,0.5727163821503444,928.8516,0.5917939502845163,747.731,0.5823899371069182,735.8784,0.5759209344115005,637.8747,0.5823000898472596,566.2049,0.5886193471099131,540.2596,0.5759209344115005,539.278,0.5823000898472596,540.9616,0.5886193471099131,541.173
FingerMovements,3,9286.2169,success,0.6391434561245881,1001.0543,0.6200958370769691,990.8012,0.6169811320754717,1041.1737,0.6391434561245881,1051.4508,0.6200958370769691,937.3957,0.6169811320754717,698.9155,0.6169811320754718,551.3354,0.6295896975142258,545.7303,0.6232105420784667,542.7232,0.6169811320754718,539.2481,0.6295896975142258,542.0635,0.6232105420784667,545.5183
FingerMovements,4,9116.3144,success,0.6108415693321354,944.8745,0.5949985025456724,976.5389,0.5728361784965559,986.6554,0.6108415693321354,915.9217,0.5949985025456724,899.3765,0.5728361784965559,891.971,0.6013477088948788,536.4824,0.6012279125486673,534.8879,0.5917939502845163,533.7767,0.6013477088948788,531.1426,0.6012279125486673,533.7868,0.5917939502845163,534.0535
HandMovementDirection,0,16438.4907,success,0.405427440018635,1997.9514,0.405427440018635,2029.8569,0.4118332168646634,1802.1923,0.405427440018635,1368.9308,0.405427440018635,1394.5421,0.4118332168646634,1397.9248,0.4371069182389937,997.8534,0.3997204751921733,1008.0281,0.3807360819939436,1010.918,0.4371069182389937,983.0987,0.3997204751921733,1000.1179,0.3807360819939436,1004.3393
HandMovementDirection,1,16117.1382,success,0.37502911716748194,1945.2858,0.3372932681108782,1860.2549,0.41905427440018633,1594.255,0.37502911716748194,1399.7206,0.3372932681108782,1377.5336,0.41905427440018633,1382.0145,0.4000698812019567,993.4101,0.39378057302585606,1006.3913,0.41229909154437455,1006.7543,0.4000698812019567,992.1172,0.39378057302585606,1002.3696,0.41229909154437455,1005.4722
HandMovementDirection,2,15923.5601,success,0.39412997903563946,1944.8718,0.43792219892848827,1794.209,0.3937805730258561,1535.0837,0.39412997903563946,1383.6315,0.43792219892848827,1371.2326,0.3937805730258561,1376.6424,0.4064756580479851,991.1448,0.38784067085953877,1001.1805,0.3751455858374097,1004.8965,0.4064756580479851,984.6791,0.38784067085953877,995.089,0.3751455858374097,999.0507
HandMovementDirection,3,16505.1109,success,0.3936641043559283,2026.1883,0.4185883997204751,2009.8556,0.4064756580479851,1837.8075,0.3936641043559283,1376.0389,0.4185883997204751,1393.0806,0.4064756580479851,1396.6339,0.41229909154437455,998.3259,0.43139995341253207,1009.4271,0.4188213370603308,1010.6194,0.41229909154437455,990.3005,0.43139995341253207,1004.844,0.4188213370603308,1005.3721
HandMovementDirection,4,15829.1744,success,0.4063591893780574,1943.124,0.38749126484975543,1770.3528,0.375029117167482,1440.2485,0.4063591893780574,1374.7425,0.38749126484975543,1368.242,0.375029117167482,1375.6907,0.37514558583740976,995.339,0.39983694386210106,1016.7824,0.40624272070812956,1015.7826,0.37514558583740976,986.2888,0.39983694386210106,997.5706,0.40624272070812956,1002.8217
Handwriting,0,4134.772,success,0.2333333333333333,356.5126,0.22,351.1608,0.22666666666666666,351.0602,0.2333333333333333,361.8409,0.22,374.6936,0.22666666666666666,379.9513,0.24666666666666667,293.4414,0.22,308.4817,0.2333333333333333,309.2383,0.24666666666666667,301.6659,0.22,302.2838,0.2333333333333333,302.9718
Handwriting,1,3761.3337,success,0.24,349.0264,0.19333333333333336,362.3041,0.19999999999999998,352.7716,0.24,347.6759,0.19333333333333336,352.6853,0.19999999999999998,349.0116,0.21333333333333335,267.5678,0.22666666666666668,279.3209,0.18666666666666668,270.2433,0.21333333333333335,271.2159,0.22666666666666668,209.7085,0.18666666666666668,240.2084
Handwriting,2,3780.1132,success,0.2133333333333333,362.0713,0.21333333333333335,337.2474,0.21333333333333335,336.7764,0.2133333333333333,335.7734,0.21333333333333335,336.305,0.21333333333333335,336.3761,0.25333333333333335,268.3123,0.2333333333333333,271.5424,0.24,271.2396,0.25333333333333335,263.0568,0.2333333333333333,265.3365,0.24,266.6822
Handwriting,3,3863.1941,success,0.22666666666666666,394.0885,0.2333333333333333,393.8126,0.25333333333333335,363.859,0.22666666666666666,349.4373,0.2333333333333333,361.1464,0.25333333333333335,361.4668,0.2733333333333334,280.9294,0.26,283.5571,0.24,284.9846,0.2733333333333334,275.088,0.26,224.9001,0.24,196.1221
Handwriting,4,3851.4051,success,0.22666666666666668,363.3012,0.21999999999999997,369.3903,0.22666666666666668,369.8311,0.22666666666666668,368.1344,0.21999999999999997,356.0252,0.22666666666666668,341.5835,0.2333333333333333,268.8625,0.24,272.5329,0.2333333333333333,270.2981,0.2333333333333333,229.9632,0.24,268.0857,0.2333333333333333,276.7916
Libras,0,700.7808,success,0.7611111111111111,61.6082,0.75,61.927,0.7444444444444445,61.99,0.7611111111111111,60.8461,0.75,62.639,0.7444444444444445,61.6506,0.7611111111111111,49.5995,0.7555555555555555,51.0583,0.7611111111111111,51.9374,0.7611111111111111,49.5384,0.7555555555555555,50.8348,0.7611111111111111,51.2761
Libras,1,732.3698,success,0.8111111111111112,63.2311,0.8166666666666668,64.9438,0.8111111111111112,66.1445,0.8111111111111112,63.9937,0.8166666666666668,66.1498,0.8111111111111112,65.3548,0.8111111111111112,52.238,0.8222222222222223,53.275,0.8166666666666668,54.0625,0.8111111111111112,51.7685,0.8222222222222223,53.0052,0.8166666666666668,54.7112
Libras,2,704.5537,success,0.7777777777777778,61.3837,0.7722222222222223,62.2585,0.7833333333333333,62.7917,0.7777777777777778,61.4006,0.7722222222222223,62.4489,0.7833333333333333,62.4211,0.7944444444444444,50.1538,0.7833333333333333,53.4788,0.7888888888888889,51.7851,0.7944444444444444,50.1169,0.7833333333333333,51.4275,0.7888888888888889,51.8539
Libras,3,768.9274,success,0.8166666666666668,69.9096,0.8222222222222223,70.9003,0.8111111111111112,69.233,0.8166666666666668,66.8885,0.8222222222222223,67.668,0.8111111111111112,69.053,0.8222222222222223,53.2376,0.8111111111111112,54.4989,0.8111111111111112,55.385,0.8222222222222223,54.493,0.8111111111111112,54.6635,0.8111111111111112,55.2679
Libras,4,732.1178,success,0.7944444444444444,64.5756,0.811111111111111,65.8635,0.8166666666666668,66.1158,0.7944444444444444,64.2855,0.811111111111111,66.381,0.8166666666666668,65.8758,0.7944444444444444,53.012,0.8055555555555555,52.0176,0.811111111111111,51.9285,0.7944444444444444,50.1024,0.8055555555555555,52.1544,0.811111111111111,53.0754
LSST,0,23783.9775,success,0.5506278725790921,2679.9588,0.5506268798951726,2299.0585,0.5514408807091734,1818.683,0.5506278725790921,1814.0586,0.5506268798951726,1803.8103,0.5514408807091734,1794.2753,0.55672940429038,1769.2847,0.5559158998183389,1766.489,0.5522588522588523,1768.3224,0.55672940429038,1773.0803,0.5559158998183389,1765.8431,0.5522588522588523,1773.0593
LSST,1,23506.9601,success,0.5559188778700974,2666.6875,0.5546944022553778,2263.0154,0.5473723656650485,1793.8663,0.5559188778700974,1787.173,0.5546944022553778,1779.0289,0.5473723656650485,1773.5231,0.5611999563219076,1739.1588,0.5522533924972949,1743.0418,0.555101899004338,1751.151,0.5611999563219076,1751.5875,0.5522533924972949,1753.3373,0.555101899004338,1753.6329
LSST,2,23182.8666,success,0.5453453051014027,2714.233,0.5518498664840129,1888.6087,0.550634325024569,1796.5618,0.5453453051014027,1791.0713,0.5518498664840129,1771.777,0.550634325024569,1773.8125,0.5526673416917319,1736.7322,0.5559228486057755,1739.8654,0.5522613339686511,1750.6036,0.5526673416917319,1753.7293,0.5559228486057755,1755.6803,0.5522613339686511,1757.3716
LSST,3,23228.8869,success,0.5526613855882149,2661.8406,0.5522499181035766,1878.947,0.54859287054409,1809.1974,0.5526613855882149,1792.6575,0.5522499181035766,1788.9814,0.54859287054409,1784.283,0.5587604355897039,1753.7239,0.556323396567299,1749.5351,0.5583534351827034,1754.3117,0.5587604355897039,1769.7093,0.556323396567299,1763.6138,0.5583534351827034,1765.0322
LSST,4,23839.5467,success,0.5461588095734438,2777.3932,0.5498228059203669,2451.332,0.5469747957552836,1787.5855,0.5461588095734438,1784.9978,0.5498228059203669,1781.0707,0.5469747957552836,1770.999,0.5518488738000934,1741.1931,0.5510393400637303,1746.2097,0.5481878555049287,1757.9968,0.5518488738000934,1760.3837,0.5510393400637303,1763.2304,0.5481878555049287,1761.187
NATOPS,0,5742.5532,success,0.8388888888888889,659.1584,0.8333333333333334,656.0718,0.8444444444444444,656.7802,0.8388888888888889,498.6666,0.8333333333333334,580.0867,0.8444444444444444,604.1771,0.8555555555555556,401.8208,0.8722222222222222,316.2564,0.8777777777777778,313.2405,0.8555555555555556,307.3159,0.8722222222222222,310.0276,0.8777777777777778,307.6874
NATOPS,1,5667.4095,success,0.7944444444444444,687.7527,0.8000000000000002,696.1206,0.8055555555555557,693.2461,0.7944444444444444,675.5267,0.8000000000000002,462.0813,0.8055555555555557,443.6173,0.8444444444444444,315.7139,0.8666666666666667,317.3879,0.8777777777777778,313.8135,0.8444444444444444,308.9601,0.8666666666666667,310.0443,0.8777777777777778,310.1864
NATOPS,2,5693.9358,success,0.8666666666666667,626.6819,0.8722222222222222,580.6224,0.8722222222222222,582.1272,0.8666666666666667,568.8761,0.8722222222222222,565.8424,0.8722222222222222,534.8689,0.8944444444444444,320.2836,0.9055555555555556,395.3596,0.9055555555555554,427.8751,0.8944444444444444,327.4074,0.9055555555555556,316.5582,0.9055555555555554,314.5823
NATOPS,3,5392.7355,success,0.8444444444444444,584.9885,0.8611111111111112,590.4244,0.8666666666666667,586.2912,0.8444444444444444,491.184,0.8611111111111112,449.4454,0.8666666666666667,443.484,0.8611111111111112,316.725,0.8611111111111112,415.5556,0.8666666666666667,423.2941,0.8611111111111112,310.4391,0.8611111111111112,308.2174,0.8666666666666667,308.6288
NATOPS,4,5148.7323,success,0.7999999999999999,593.2605,0.7944444444444444,600.9013,0.8055555555555557,591.4764,0.7999999999999999,503.3173,0.7944444444444444,435.1023,0.8055555555555557,436.229,0.8222222222222223,312.7143,0.8333333333333334,314.4404,0.8333333333333334,311.0077,0.8222222222222223,304.8186,0.8333333333333334,306.939,0.8333333333333334,307.279
PenDigits,0,3874.9766,success,0.9943955164131305,329.2856,0.9943955164131305,325.2792,0.9942620763277289,325.2699,0.9943955164131305,324.3149,0.9943955164131305,273.16,0.9942620763277289,239.8986,0.9951961569255404,287.4469,0.9950627168401387,352.5326,0.9950627168401387,347.8954,0.9951961569255404,346.9116,0.9950627168401387,284.4482,0.9950627168401387,257.3815
PenDigits,1,4216.3535,success,0.9947958366693355,329.1349,0.9945289564985321,331.1569,0.9946623965839337,330.7586,0.9947958366693355,329.656,0.9945289564985321,329.6522,0.9946623965839337,303.9453,0.995329597010942,352.0474,0.9949292767547372,349.996,0.995329597010942,348.8043,0.995329597010942,346.4661,0.9949292767547372,344.6473,0.995329597010942,341.7289
PenDigits,2,4170.0855,success,0.9943955164131305,336.1789,0.9941286362423272,336.7402,0.9942620763277289,336.8781,0.9943955164131305,334.7548,0.9941286362423272,334.8016,0.9942620763277289,332.194,0.9938617560715239,362.3767,0.9945289564985321,361.3974,0.9938617560715239,351.9342,0.9938617560715239,347.8631,0.9945289564985321,345.7052,0.9938617560715239,256.8073
PenDigits,3,4228.536,success,0.9949292767547372,325.1753,0.995329597010942,327.3818,0.994929276754737,327.7521,0.9949292767547372,325.9364,0.995329597010942,326.3524,0.994929276754737,323.6107,0.9954630370963438,352.8259,0.9955964771817453,352.2536,0.9955964771817453,350.8864,0.9954630370963438,348.7991,0.9955964771817453,346.3576,0.9955964771817453,341.2954
PenDigits,4,4184.1494,success,0.9949292767547372,332.2812,0.9947958366693355,333.1539,0.9945289564985321,333.2548,0.9949292767547372,330.4601,0.9947958366693355,328.8442,0.9945289564985321,292.7668,0.9947958366693355,350.8624,0.9946623965839337,347.6375,0.9946623965839337,346.8019,0.9947958366693355,344.2006,0.9946623965839337,342.0798,0.9946623965839337,338.7741
RacketSports,0,1012.3216,success,0.8145098039215686,92.3052,0.8410457516339869,93.8568,0.8477124183006536,94.4161,0.8145098039215686,92.4317,0.8410457516339869,94.1016,0.8477124183006536,94.495,0.8145098039215686,69.0514,0.8210457516339869,69.4851,0.8078431372549019,69.5657,0.8145098039215686,68.6944,0.8210457516339869,69.551,0.8078431372549019,69.4922
RacketSports,1,942.1622,success,0.8611764705882353,85.4065,0.8414379084967321,86.3252,0.854640522875817,89.2564,0.8611764705882353,85.1063,0.8414379084967321,86.7577,0.854640522875817,86.6265,0.8281045751633987,64.0552,0.834640522875817,64.4925,0.8413071895424836,67.2391,0.8281045751633987,63.9528,0.834640522875817,64.7158,0.8413071895424836,64.8814
RacketSports,2,994.5018,success,0.8142483660130718,89.1474,0.8143790849673204,87.7455,0.8011764705882353,91.8972,0.8142483660130718,99.6981,0.8143790849673204,93.8095,0.8011764705882353,90.1308,0.8277124183006536,71.6102,0.8343790849673202,70.2484,0.8143790849673204,68.1162,0.8277124183006536,67.3084,0.8343790849673202,67.5976,0.8143790849673204,68.3008
RacketSports,3,1022.2211,success,0.7813071895424836,100.9756,0.794640522875817,102.5336,0.7813071895424836,102.9326,0.7813071895424836,101.2262,0.794640522875817,85.8657,0.7813071895424836,91.4308,0.834640522875817,67.4645,0.8147712418300653,68.1185,0.794640522875817,70.4921,0.834640522875817,67.313,0.8147712418300653,67.8438,0.794640522875817,68.0385
RacketSports,4,932.5551,success,0.7815686274509804,89.5815,0.7616993464052287,88.114,0.7550326797385619,89.9422,0.7815686274509804,96.0659,0.7616993464052287,89.2898,0.7550326797385619,82.3025,0.8081045751633987,61.3351,0.8213071895424836,61.7254,0.7949019607843137,61.9852,0.8081045751633987,61.2771,0.8213071895424836,62.3016,0.7949019607843137,61.9989
StandWalkJump,0,27156.6136,success,0.25,3887.5171,0.25,2629.6185,0.25,2335.4299,0.25,2986.2988,0.25,2575.1728,0.25,2316.9114,0.25,1808.3089,0.25,1565.6645,0.25,1404.1878,0.25,1810.0285,0.25,1574.4609,0.25,1428.2355
StandWalkJump,1,26964.5251,success,0.25,3690.3025,0.25,2666.4089,0.25,2316.9936,0.25,2942.3597,0.25,2547.6161,0.25,2318.4992,0.25,1819.4231,0.25,1576.4037,0.25,1415.3992,0.25,1822.9867,0.25,1584.8208,0.25,1427.0851
StandWalkJump,2,27048.9583,success,0.08333333333333333,3708.266,0.16666666666666666,2652.19,0.16666666666666666,2380.9258,0.08333333333333333,3017.347,0.16666666666666666,2618.6936,0.16666666666666666,2336.5984,0.16666666666666666,1816.8746,0.16666666666666666,1561.1832,0.16666666666666666,1399.173,0.16666666666666666,1806.8029,0.16666666666666666,1605.2751,0.16666666666666666,1437.9571
StandWalkJump,3,26478.9761,success,0.25,3335.9434,0.25,2602.3976,0.25,2326.5331,0.25,2962.219,0.25,2548.2456,0.25,2307.8681,0.25,1812.8649,0.25,1570.4894,0.25,1409.9939,0.25,1804.8282,0.25,1568.5103,0.25,1405.3755
StandWalkJump,4,26518.434,success,0.16666666666666666,3605.838,0.3333333333333333,2590.6137,0.25,2313.4665,0.16666666666666666,2944.5254,0.3333333333333333,2540.0911,0.25,2293.2378,0.25,1789.0977,0.16666666666666666,1550.2208,0.25,1392.0765,0.25,1801.084,0.16666666666666666,1577.3306,0.25,1415.9849
UWaveGestureLibrary,0,3744.0733,success,0.8166666666666668,416.0625,0.8249999999999998,359.4778,0.8249999999999998,401.7574,0.8166666666666668,385.6176,0.8249999999999998,393.3919,0.8249999999999998,317.7263,0.8583333333333334,213.1083,0.8416666666666667,255.7832,0.8333333333333334,271.0466,0.8583333333333334,209.5498,0.8416666666666667,216.5364,0.8333333333333334,217.2663
UWaveGestureLibrary,1,3778.5538,success,0.8249999999999998,403.3909,0.8249999999999998,407.2974,0.8249999999999998,409.874,0.8249999999999998,394.3065,0.8249999999999998,402.3527,0.8249999999999998,399.3003,0.8416666666666667,227.2912,0.8583333333333334,212.1744,0.8583333333333334,212.4391,0.8416666666666667,202.7714,0.8583333333333334,209.4897,0.8583333333333334,210.7473
UWaveGestureLibrary,2,3870.1211,success,0.8083333333333332,425.0039,0.8333333333333334,430.1842,0.8250000000000001,426.9357,0.8083333333333332,410.72,0.8333333333333334,417.7477,0.8250000000000001,406.0202,0.8583333333333334,206.4864,0.8666666666666667,212.4736,0.8583333333333334,215.8136,0.8583333333333334,205.2987,0.8666666666666667,211.4207,0.8583333333333334,213.7636
UWaveGestureLibrary,3,3973.542,success,0.8666666666666666,417.2667,0.875,423.7938,0.875,420.2154,0.8666666666666666,405.3241,0.875,412.0958,0.875,411.3949,0.8833333333333333,230.3344,0.875,233.774,0.8916666666666666,295.9191,0.8833333333333333,209.4016,0.875,212.1399,0.8916666666666666,213.7716
UWaveGestureLibrary,4,3316.2642,success,0.8666666666666667,337.7315,0.8666666666666667,319.1338,0.8416666666666667,319.3425,0.8666666666666667,308.6009,0.8666666666666667,312.0519,0.8416666666666667,313.5729,0.875,213.6846,0.8666666666666667,219.1865,0.8833333333333333,219.548,0.875,208.3724,0.8666666666666667,214.835,0.8833333333333333,231.5843
