dataset,seed,time_taken,status,"{'max_group': 3, 'n_estimators': 20, 'remove_proportion': 0.25}","time_{'max_group': 3, 'n_estimators': 20, 'remove_proportion': 0.25}","{'max_group': 3, 'n_estimators': 20, 'remove_proportion': 0.5}","time_{'max_group': 3, 'n_estimators': 20, 'remove_proportion': 0.5}","{'max_group': 3, 'n_estimators': 20, 'remove_proportion': 0.75}","time_{'max_group': 3, 'n_estimators': 20, 'remove_proportion': 0.75}","{'max_group': 3, 'n_estimators': 50, 'remove_proportion': 0.25}","time_{'max_group': 3, 'n_estimators': 50, 'remove_proportion': 0.25}","{'max_group': 3, 'n_estimators': 50, 'remove_proportion': 0.5}","time_{'max_group': 3, 'n_estimators': 50, 'remove_proportion': 0.5}","{'max_group': 3, 'n_estimators': 50, 'remove_proportion': 0.75}","time_{'max_group': 3, 'n_estimators': 50, 'remove_proportion': 0.75}","{'max_group': 7, 'n_estimators': 20, 'remove_proportion': 0.25}","time_{'max_group': 7, 'n_estimators': 20, 'remove_proportion': 0.25}","{'max_group': 7, 'n_estimators': 20, 'remove_proportion': 0.5}","time_{'max_group': 7, 'n_estimators': 20, 'remove_proportion': 0.5}","{'max_group': 7, 'n_estimators': 20, 'remove_proportion': 0.75}","time_{'max_group': 7, 'n_estimators': 20, 'remove_proportion': 0.75}","{'max_group': 7, 'n_estimators': 50, 'remove_proportion': 0.25}","time_{'max_group': 7, 'n_estimators': 50, 'remove_proportion': 0.25}","{'max_group': 7, 'n_estimators': 50, 'remove_proportion': 0.5}","time_{'max_group': 7, 'n_estimators': 50, 'remove_proportion': 0.5}","{'max_group': 7, 'n_estimators': 50, 'remove_proportion': 0.75}","time_{'max_group': 7, 'n_estimators': 50, 'remove_proportion': 0.75}"
ACSF1,0,6781.9383,success,0.6390374331550802,622.9914,0.6390374331550802,610.8778,0.6491384432560903,619.9019,0.6390374331550802,708.1764,0.6390374331550802,698.4358,0.6491384432560903,696.7694,0.6491384432560903,466.293,0.6589423648247177,455.6748,0.6390374331550802,442.2597,0.6491384432560903,435.2583,0.6589423648247177,422.3763,0.6390374331550802,429.9489
ACSF1,1,6613.8569,success,0.700237670825906,640.1094,0.7198455139631611,649.7038,0.7198455139631611,682.0424,0.700237670825906,682.2957,0.7198455139631611,598.1587,0.7198455139631611,584.0146,0.7596553773024363,419.3799,0.7498514557338086,412.9024,0.7596553773024363,455.4741,0.7596553773024363,458.3144,0.7498514557338086,448.1745,0.7596553773024363,418.2047
ACSF1,2,6560.4435,success,0.6598336304218658,629.9078,0.6500297088532383,646.9277,0.6702317290552585,597.32,0.6598336304218658,605.434,0.6500297088532383,646.3616,0.6702317290552585,647.4391,0.6800356506238859,419.0444,0.6601307189542484,454.5813,0.6702317290552585,439.5916,0.6800356506238859,443.3216,0.6601307189542484,430.6954,0.6702317290552585,433.7294
ACSF1,3,6600.4988,success,0.6696375519904931,650.226,0.6696375519904931,633.6971,0.6898395721925134,641.3603,0.6696375519904931,637.1411,0.6696375519904931,613.5283,0.6898395721925134,630.5868,0.7103386809269162,432.4411,0.7302436125965537,418.3409,0.7400475341651812,437.0221,0.7103386809269162,447.5311,0.7302436125965537,434.8579,0.7400475341651812,443.5617
ACSF1,4,6668.1336,success,0.6209150326797386,646.6122,0.6209150326797386,682.58,0.6108140225787285,696.8485,0.6209150326797386,646.8899,0.6209150326797386,623.3434,0.6108140225787285,616.5012,0.6209150326797386,434.5732,0.6411170528817588,423.0292,0.6310160427807486,431.338,0.6209150326797386,436.4009,0.6411170528817588,424.0032,0.6310160427807486,430.6406
Adiac,0,3450.4924,success,0.7256410256410257,292.9741,0.7256410256410257,294.5544,0.7282051282051283,295.1319,0.7256410256410257,293.8175,0.7256410256410257,294.5766,0.7282051282051283,294.2993,0.7435897435897436,261.3897,0.7512820512820513,260.6989,0.735897435897436,260.9344,0.7435897435897436,255.1836,0.7512820512820513,257.7943,0.735897435897436,259.0989
Adiac,1,3358.4772,success,0.7384615384615385,291.3335,0.7384615384615385,286.8238,0.735897435897436,278.9738,0.7384615384615385,279.2309,0.7384615384615385,280.7117,0.735897435897436,281.3095,0.7384615384615385,252.9355,0.7564102564102564,256.8296,0.7435897435897436,258.7239,0.7384615384615385,253.1434,0.7564102564102564,254.9844,0.7435897435897436,254.2452
Adiac,2,3394.9716,success,0.7410256410256411,286.0779,0.7333333333333334,288.5753,0.7282051282051283,280.0811,0.7410256410256411,278.9625,0.7333333333333334,281.3984,0.7282051282051283,276.9689,0.735897435897436,251.0502,0.7384615384615385,263.7491,0.7307692307692308,264.7416,0.735897435897436,259.4536,0.7384615384615385,262.9518,0.7307692307692308,262.3774
Adiac,3,3383.2434,success,0.7153846153846154,290.6936,0.7230769230769232,290.8479,0.7410256410256411,284.298,0.7153846153846154,284.0222,0.7230769230769232,280.8222,0.7410256410256411,278.8187,0.7282051282051283,252.2854,0.735897435897436,255.0993,0.7435897435897436,260.2834,0.7282051282051283,254.9293,0.735897435897436,259.0058,0.7435897435897436,260.6017
Adiac,4,3341.1313,success,0.7435897435897436,287.0826,0.7333333333333334,287.0278,0.7410256410256411,282.8309,0.7435897435897436,276.1254,0.7333333333333334,275.9147,0.7410256410256411,277.3093,0.7435897435897436,250.0512,0.7512820512820513,254.0489,0.7487179487179487,254.9926,0.7435897435897436,252.8708,0.7512820512820513,255.7628,0.7487179487179487,256.4231
ArrowHead,0,850.2154,success,0.8055555555555557,86.5548,0.8055555555555557,84.4727,0.7777777777777778,84.8783,0.8055555555555557,83.7536,0.8055555555555557,83.7385,0.7777777777777778,82.4451,0.8055555555555557,51.6928,0.7777777777777778,53.07,0.8055555555555555,53.3336,0.8055555555555557,51.4684,0.7777777777777778,53.229,0.8055555555555555,54.3165
ArrowHead,1,821.7606,success,0.8333333333333334,80.2584,0.8333333333333334,80.7431,0.8055555555555557,81.5281,0.8333333333333334,79.7884,0.8333333333333334,81.1807,0.8055555555555557,81.1179,0.8055555555555555,50.4394,0.8055555555555555,51.861,0.75,52.9842,0.8055555555555555,50.7646,0.8055555555555555,52.588,0.75,52.269
ArrowHead,2,895.1911,success,0.7777777777777778,81.723,0.7777777777777778,83.5381,0.7777777777777778,84.4892,0.7777777777777778,86.7208,0.7777777777777778,88.4918,0.7777777777777778,88.6497,0.75,55.5423,0.75,57.3968,0.7777777777777777,57.1124,0.75,57.1283,0.75,61.6788,0.7777777777777777,61.9771
ArrowHead,3,819.7706,success,0.8333333333333334,78.5517,0.7777777777777778,79.705,0.7777777777777778,79.9686,0.8333333333333334,79.216,0.7777777777777778,82.4166,0.7777777777777778,83.2255,0.8333333333333334,50.0463,0.7777777777777778,51.5764,0.75,52.4761,0.8333333333333334,51.0918,0.7777777777777778,52.392,0.75,52.7256
ArrowHead,4,935.4141,success,0.8055555555555555,93.3524,0.8333333333333334,94.1256,0.8333333333333334,94.8346,0.8055555555555555,93.7401,0.8333333333333334,93.9946,0.8333333333333334,94.2283,0.8055555555555555,59.2626,0.8055555555555555,60.2299,0.8055555555555555,60.5486,0.8055555555555555,58.2877,0.8055555555555555,52.8794,0.8055555555555555,53.228
Beef,0,1728.0751,success,0.5666666666666667,176.3159,0.6,154.4505,0.6333333333333333,178.6963,0.5666666666666667,200.4487,0.6,178.4093,0.6333333333333333,167.3601,0.6333333333333333,115.6721,0.7666666666666666,105.3209,0.7666666666666666,105.2922,0.6333333333333333,115.3779,0.7666666666666666,100.9625,0.7666666666666666,97.0616
Beef,1,1691.1997,success,0.5333333333333333,173.0502,0.6,173.7444,0.6666666666666666,173.8799,0.5333333333333333,186.3108,0.6,147.6439,0.6666666666666666,157.1297,0.6,109.248,0.7000000000000001,99.4725,0.7666666666666667,100.7468,0.6,115.8001,0.7000000000000001,108.3653,0.7666666666666667,109.2931
Beef,2,1476.7576,success,0.7000000000000001,179.379,0.7666666666666666,138.7552,0.7666666666666666,139.5405,0.7000000000000001,155.1804,0.7666666666666666,139.4238,0.7666666666666666,140.1118,0.7666666666666666,97.6193,0.8333333333333334,90.0613,0.8333333333333334,89.662,0.7666666666666666,97.8165,0.8333333333333334,88.9231,0.8333333333333334,89.7477
Beef,3,1562.4831,success,0.7666666666666666,156.5788,0.7666666666666666,138.3183,0.7666666666666666,142.9298,0.7666666666666666,155.2174,0.7666666666666666,141.9719,0.7666666666666666,172.687,0.7333333333333334,101.5071,0.7666666666666666,93.0488,0.8333333333333334,95.5432,0.7333333333333334,121.8841,0.7666666666666666,110.128,0.8333333333333334,99.0429
Beef,4,1673.9106,success,0.7333333333333334,193.0646,0.6999999999999998,174.6921,0.7666666666666666,175.8248,0.7333333333333334,169.7131,0.6999999999999998,151.8977,0.7666666666666666,152.2789,0.6999999999999998,109.8859,0.7666666666666666,96.7332,0.7666666666666666,97.897,0.6999999999999998,106.3618,0.7666666666666666,96.6056,0.7666666666666666,97.9245
BeetleFly,0,1790.9788,success,0.4444444444444444,200.4176,0.4444444444444444,154.9601,0.5,155.2428,0.4444444444444444,211.766,0.4444444444444444,166.7114,0.5,166.3332,0.3968253968253968,132.8202,0.3968253968253968,103.8127,0.3968253968253968,104.7105,0.3968253968253968,133.4297,0.3968253968253968,103.4231,0.3968253968253968,104.4137
BeetleFly,1,1625.8577,success,0.6587301587301587,222.5831,0.6587301587301587,154.6089,0.6587301587301587,145.5856,0.6587301587301587,187.0841,0.6587301587301587,143.5566,0.6587301587301587,144.1899,0.6587301587301587,117.444,0.6587301587301587,90.2325,0.7063492063492064,91.1343,0.6587301587301587,116.5702,0.6587301587301587,90.3975,0.7063492063492064,92.0535
BeetleFly,2,1881.648,success,0.49206349206349204,232.207,0.49206349206349204,174.6157,0.49206349206349204,163.0855,0.49206349206349204,205.4272,0.49206349206349204,180.1846,0.49206349206349204,181.4873,0.5,144.002,0.49206349206349204,111.9517,0.49206349206349204,106.5909,0.5,123.1021,0.49206349206349204,111.2441,0.49206349206349204,112.1438
BeetleFly,3,1796.1295,success,0.5555555555555555,233.8552,0.5555555555555555,182.6494,0.5555555555555555,171.5345,0.5555555555555555,203.5112,0.5555555555555555,156.7023,0.5555555555555555,160.9502,0.6031746031746031,126.4978,0.5476190476190476,98.4845,0.6507936507936507,99.3213,0.6031746031746031,127.7245,0.5476190476190476,102.5624,0.6507936507936507,99.3646
BeetleFly,4,1656.1245,success,0.6587301587301587,195.8116,0.6587301587301587,151.0215,0.7063492063492064,152.1841,0.6587301587301587,197.3016,0.6587301587301587,151.6788,0.7063492063492064,152.2511,0.6587301587301587,121.7227,0.7619047619047619,94.6644,0.7063492063492064,95.4858,0.6587301587301587,122.0666,0.7619047619047619,94.8247,0.7063492063492064,95.7285
BirdChicken,0,1928.5841,success,0.6984126984126983,213.7421,0.746031746031746,176.997,0.7936507936507936,173.7594,0.6984126984126983,229.0826,0.746031746031746,177.5274,0.7936507936507936,179.4986,0.6984126984126983,141.9013,0.6507936507936507,111.343,0.746031746031746,98.0924,0.6984126984126983,144.6348,0.6507936507936507,112.0757,0.746031746031746,113.0392
BirdChicken,1,1967.4483,success,0.5476190476190476,231.9761,0.5,180.6021,0.5,181.82,0.5476190476190476,233.2335,0.5,180.6628,0.5,182.2384,0.5555555555555555,145.1033,0.5555555555555555,112.132,0.6111111111111112,112.9538,0.5555555555555555,144.3726,0.5555555555555555,112.1629,0.6111111111111112,113.121
BirdChicken,2,1943.8507,success,0.7063492063492064,213.3599,0.6587301587301587,169.8491,0.7063492063492064,182.6668,0.7063492063492064,231.6744,0.6587301587301587,174.4377,0.7063492063492064,182.6787,0.6587301587301587,143.6273,0.6587301587301587,112.3228,0.6587301587301587,112.0252,0.6587301587301587,142.5627,0.6587301587301587,110.981,0.6587301587301587,111.744
BirdChicken,3,1886.179,success,0.6904761904761904,226.3826,0.7380952380952381,172.2657,0.7380952380952381,180.1883,0.6904761904761904,230.0139,0.7380952380952381,180.5666,0.7380952380952381,172.6403,0.6904761904761904,124.109,0.6428571428571428,95.9084,0.7380952380952381,96.6607,0.6904761904761904,125.8169,0.6428571428571428,112.171,0.7380952380952381,112.8847
BirdChicken,4,1778.5741,success,0.6428571428571429,235.8907,0.746031746031746,184.5836,0.746031746031746,175.1667,0.6428571428571429,198.5538,0.746031746031746,152.7196,0.746031746031746,153.4225,0.6428571428571429,122.8685,0.6984126984126983,95.6658,0.6984126984126983,96.0429,0.6428571428571429,123.1763,0.6984126984126983,95.5419,0.6984126984126983,96.1875
BME,0,474.0081,success,0.9666666666666667,49.4812,0.9666666666666667,41.9771,0.9666666666666667,42.6833,0.9666666666666667,49.716,0.9666666666666667,42.1712,0.9666666666666667,42.7701,0.9666666666666667,31.9075,0.9666666666666667,27.3784,0.9666666666666667,29.4446,0.9666666666666667,37.1103,0.9666666666666667,31.8489,0.9666666666666667,32.039
BME,1,514.8506,success,1.0,57.0131,0.9666666666666667,48.4831,0.9666666666666667,48.7976,1.0,57.851,0.9666666666666667,48.7821,0.9666666666666667,48.3608,1.0,36.5109,1.0,31.3519,0.9666666666666667,31.5504,1.0,35.7902,1.0,28.2371,0.9666666666666667,28.3726
BME,2,456.1192,success,0.9666666666666667,54.2435,0.9666666666666667,45.4532,0.9666666666666667,41.2952,0.9666666666666667,49.1506,0.9666666666666667,41.997,0.9666666666666667,41.4773,0.9666666666666667,32.079,1.0,27.1266,0.9666666666666667,27.3324,0.9666666666666667,32.1977,1.0,27.2152,0.9666666666666667,27.3487
BME,3,482.6289,success,0.9333333333333332,57.4847,0.9333333333333332,49.2928,0.9333333333333332,49.6188,0.9333333333333332,58.4682,0.9333333333333332,41.8101,0.9333333333333332,42.1503,0.9333333333333332,31.7007,0.9666666666666667,28.4637,0.9333333333333332,27.9355,0.9333333333333332,31.8593,0.9666666666666667,27.2634,0.9333333333333332,27.3936
BME,4,503.7999,success,1.0,57.546,1.0,48.5944,1.0,48.8419,1.0,57.3588,1.0,48.5631,1.0,48.7353,1.0,35.9682,1.0,27.8511,1.0,28.4445,1.0,32.3502,1.0,27.7245,1.0,28.2562
Car,0,2303.4419,success,0.8333333333333334,227.0394,0.85,223.7942,0.85,229.9741,0.8333333333333334,228.3792,0.85,225.2958,0.85,230.7419,0.85,146.6472,0.85,146.7204,0.85,147.9802,0.85,147.1344,0.85,138.0966,0.85,139.345
Car,1,1997.2109,success,0.8333333333333334,195.2466,0.8333333333333334,189.814,0.85,189.4251,0.8333333333333334,198.414,0.8333333333333334,193.1229,0.85,198.9994,0.85,125.1836,0.8166666666666668,126.7497,0.8333333333333334,128.5952,0.85,127.1108,0.8166666666666668,127.066,0.8333333333333334,128.4746
Car,2,2136.9604,success,0.8666666666666667,196.5875,0.8833333333333333,195.0896,0.8666666666666666,199.6885,0.8666666666666667,195.6037,0.8833333333333333,192.1414,0.8666666666666666,214.4423,0.8333333333333334,144.7345,0.85,144.6512,0.85,145.8287,0.8333333333333334,145.3895,0.85,142.789,0.85,145.0783
Car,3,2260.0938,success,0.7999999999999999,214.278,0.8000000000000002,216.4139,0.8166666666666668,230.8447,0.7999999999999999,229.8214,0.8000000000000002,224.8046,0.8166666666666668,209.3552,0.7666666666666666,133.9997,0.7833333333333332,146.6986,0.7999999999999999,148.5829,0.7666666666666666,146.4996,0.7833333333333332,146.6752,0.7999999999999999,134.8481
Car,4,2039.9595,success,0.85,203.3337,0.8666666666666667,201.7528,0.8666666666666667,201.6962,0.85,199.1576,0.8666666666666667,197.9501,0.8666666666666667,201.4889,0.8666666666666667,130.4159,0.85,128.5688,0.85,130.4629,0.8666666666666667,128.7158,0.85,124.6274,0.85,126.0669
CBF,0,522.3366,success,0.8666666666666667,54.6475,0.9333333333333332,48.826,0.9,49.2496,0.8666666666666667,55.3072,0.9333333333333332,49.3929,0.9,49.4258,0.9,35.4252,0.9,32.1124,0.9,32.3376,0.9,35.4757,0.9,32.2109,0.9,32.2073
CBF,1,453.4556,success,0.9333333333333332,47.8908,0.9333333333333332,42.5792,0.9333333333333332,42.5537,0.9333333333333332,47.8696,0.9333333333333332,42.6875,0.9333333333333332,42.7442,0.9333333333333332,30.8129,0.9333333333333332,27.8894,0.9,27.8575,0.9333333333333332,31.0724,0.9333333333333332,27.7601,0.9,27.9754
CBF,2,515.3268,success,0.9666666666666667,53.5909,0.9666666666666667,48.6429,0.9666666666666667,48.8842,0.9666666666666667,54.8998,0.9666666666666667,48.8064,0.9666666666666667,48.5267,0.9333333333333332,34.738,0.9333333333333332,31.6929,0.9333333333333332,31.8272,0.9333333333333332,34.7599,0.9333333333333332,30.946,0.9333333333333332,32.2628
CBF,3,522.4723,success,0.9666666666666667,54.1388,0.9333333333333332,48.6809,0.9333333333333332,49.2899,0.9666666666666667,55.0224,0.9333333333333332,49.0024,0.9333333333333332,49.5437,0.9333333333333332,35.8667,0.9666666666666667,32.1733,0.9666666666666667,32.4364,0.9333333333333332,35.6603,0.9666666666666667,32.4206,0.9666666666666667,32.3717
CBF,4,517.5645,success,0.8666666666666667,54.3306,0.9,48.6028,0.9,48.9119,0.8666666666666667,54.6608,0.9,48.6633,0.9,48.946,0.9,35.2267,0.8666666666666667,31.9907,0.9,32.092,0.9,34.7744,0.8666666666666667,31.8199,0.9,31.9252
Chinatown,0,132.8563,success,1.0,12.5309,0.9444444444444445,11.3522,1.0,11.6591,1.0,14.0318,0.9444444444444445,11.6008,1.0,11.6825,0.9444444444444445,10.3722,0.9444444444444445,8.8578,0.9444444444444445,8.8363,0.9444444444444445,10.5702,0.9444444444444445,8.7953,0.9444444444444445,8.7555
Chinatown,1,122.5606,success,1.0,12.5962,1.0,10.3602,1.0,10.7823,1.0,12.5868,1.0,10.5318,1.0,10.784,0.9523809523809524,9.4449,0.9523809523809524,8.0635,1.0,7.9934,0.9523809523809524,9.6069,0.9523809523809524,8.2566,1.0,8.0536
Chinatown,2,123.318,success,1.0,13.3536,1.0,10.4152,0.9444444444444445,10.6957,1.0,12.8725,1.0,10.5202,0.9444444444444445,10.7238,0.9444444444444445,9.4888,0.9444444444444445,8.0248,0.9444444444444445,8.1385,0.9444444444444445,9.5734,0.9444444444444445,8.0622,0.9444444444444445,7.9787
Chinatown,3,118.7391,success,0.9523809523809524,12.5843,0.9523809523809524,10.0008,0.9523809523809524,10.1515,0.9523809523809524,12.2302,0.9523809523809524,10.1606,0.9523809523809524,10.191,0.9523809523809524,9.1766,0.9523809523809524,7.8021,0.9523809523809524,7.7657,0.9523809523809524,9.2521,0.9523809523809524,7.7237,0.9523809523809524,7.8696
Chinatown,4,115.9179,success,1.0,12.2724,1.0,9.7602,1.0,9.9431,1.0,11.9464,1.0,9.9106,1.0,9.9446,0.9523809523809524,9.0066,0.9523809523809524,7.6237,0.9523809523809524,7.5771,0.9523809523809524,9.4849,0.9523809523809524,7.5343,0.9523809523809524,7.6002
ChlorineConcentration,0,2277.9852,success,0.811552247036118,192.899,0.8029776674937965,193.1981,0.8115384615384617,192.7918,0.811552247036118,194.2326,0.8029776674937965,192.4516,0.8115384615384617,197.2807,0.8072511717673008,171.7348,0.8157981803143093,171.604,0.8136889991728701,172.7734,0.8072511717673008,172.2068,0.8157981803143093,170.5103,0.8136889991728701,171.3675
ChlorineConcentration,1,2278.4772,success,0.788006617038875,196.222,0.788006617038875,198.48,0.7880066170388752,193.6493,0.788006617038875,199.3547,0.788006617038875,200.2721,0.7880066170388752,200.1028,0.7730079955886406,169.5748,0.7901295836779708,165.0692,0.7773090708574579,164.312,0.7730079955886406,165.8416,0.7901295836779708,173.7646,0.7773090708574579,168.1396
ChlorineConcentration,2,2249.6497,success,0.8094292803970223,191.3723,0.800854700854701,192.0847,0.8051006341328922,192.5275,0.8094292803970223,194.0919,0.800854700854701,193.1542,0.8051006341328922,192.5331,0.8072787427626137,168.4407,0.8094430658946788,168.082,0.8029776674937965,168.3504,0.8072787427626137,169.152,0.8094430658946788,167.7015,0.8029776674937965,167.9529
ChlorineConcentration,3,2256.9281,success,0.8308243727598565,199.3535,0.8308381582575132,196.4836,0.8372897711607389,189.5343,0.8308243727598565,190.3444,0.8308381582575132,189.6405,0.8372897711607389,189.2396,0.8137303556658395,165.9157,0.8287151916184174,165.2749,0.8223187207058175,168.3735,0.8137303556658395,170.0782,0.8287151916184174,171.1404,0.8223187207058175,171.1766
ChlorineConcentration,4,2268.5223,success,0.8478770333609044,201.6774,0.8457678522194652,200.8436,0.8543424317617866,200.6612,0.8478770333609044,192.676,0.8457678522194652,190.6824,0.8543424317617866,189.7064,0.8500413564929694,165.3938,0.8479321753515302,165.6041,0.8500551419906258,168.0344,0.8500413564929694,167.8431,0.8479321753515302,166.1536,0.8500551419906258,167.5396
CinCECGTorso,0,5730.7748,success,0.6483516483516484,555.8178,0.6465201465201466,532.8084,0.6227106227106227,553.9529,0.6483516483516484,636.0637,0.6465201465201466,614.3284,0.6227106227106227,505.9141,0.6483516483516484,366.0177,0.6978021978021979,386.7152,0.6245421245421245,379.5304,0.6483516483516484,369.7712,0.6978021978021979,357.6079,0.6245421245421245,348.1442
CinCECGTorso,1,5883.2916,success,0.7216117216117217,614.6218,0.7216117216117216,609.8315,0.6959706959706958,551.9613,0.7216117216117217,617.7626,0.7216117216117216,560.4314,0.6959706959706958,591.5838,0.7472527472527473,395.6584,0.7472527472527473,386.6473,0.7472527472527473,366.477,0.7472527472527473,358.8072,0.7472527472527473,350.9562,0.7472527472527473,353.1127
CinCECGTorso,2,5471.2053,success,0.6483516483516484,581.2344,0.6978021978021979,499.6006,0.6978021978021979,489.4059,0.6483516483516484,524.4287,0.6978021978021979,526.1195,0.6978021978021979,513.1598,0.6996336996336997,353.1418,0.6465201465201466,387.7574,0.6483516483516484,381.5367,0.6996336996336997,395.1599,0.6465201465201466,350.5337,0.6483516483516484,346.5736
CinCECGTorso,3,5911.9124,success,0.5750915750915752,616.2255,0.5750915750915752,612.1735,0.5750915750915752,598.081,0.5750915750915752,618.3663,0.5750915750915752,591.9343,0.5750915750915752,592.8888,0.5494505494505494,376.97,0.5494505494505494,369.4095,0.5494505494505494,356.1608,0.5494505494505494,327.3626,0.5494505494505494,320.9864,0.5494505494505494,338.0748
CinCECGTorso,4,5862.5214,success,0.6813186813186812,629.7863,0.63003663003663,560.8904,0.6813186813186812,572.1752,0.6813186813186812,574.0845,0.63003663003663,590.2867,0.6813186813186812,576.2778,0.6813186813186812,380.6116,0.7051282051282052,370.7759,0.728937728937729,366.609,0.6813186813186812,381.6963,0.7051282051282052,373.2813,0.728937728937729,359.5952
Coffee,0,971.905,success,1.0,101.0991,1.0,102.9994,1.0,103.1814,1.0,102.4187,1.0,103.3949,1.0,91.6985,1.0,55.4836,1.0,56.6827,1.0,57.282,1.0,55.5152,1.0,56.8722,1.0,57.1678
Coffee,1,905.0035,success,1.0,85.6244,1.0,92.8779,1.0,92.8948,1.0,90.9138,1.0,89.5818,1.0,88.2959,1.0,53.7578,1.0,54.9911,1.0,55.6306,1.0,53.6939,1.0,55.5703,1.0,59.1083
Coffee,2,1031.7898,success,1.0,103.4916,1.0,104.589,1.0,104.4216,1.0,103.8221,1.0,104.2606,1.0,103.8635,1.0,64.3691,1.0,65.5297,1.0,66.0218,1.0,64.1912,1.0,63.4879,1.0,56.1314
Coffee,3,983.2524,success,1.0,103.1171,1.0,104.9593,1.0,104.8484,1.0,102.851,1.0,94.3982,1.0,92.6808,1.0,57.1271,1.0,58.4424,1.0,58.8405,1.0,59.6965,1.0,58.5584,1.0,58.8339
Coffee,4,989.0909,success,1.0,85.4752,1.0,90.5673,1.0,104.2625,1.0,103.0408,1.0,103.6456,1.0,103.723,1.0,63.4945,1.0,64.6136,1.0,65.1009,1.0,52.6263,1.0,57.207,1.0,63.4698
Computers,0,4872.4654,success,0.6038917575062154,443.9211,0.5999235035379614,447.2136,0.6118282654427233,447.859,0.6038917575062154,446.3875,0.5999235035379614,439.5402,0.6118282654427233,443.5842,0.5959074392809333,336.3777,0.5879709313444254,338.9813,0.5879231210556511,338.8749,0.5959074392809333,333.8678,0.5879709313444254,335.9454,0.5879231210556511,335.7281
Computers,1,4575.6416,success,0.6357334098297953,439.8856,0.6477337923121056,401.9124,0.6438611589213998,441.9497,0.6357334098297953,427.7662,0.6477337923121056,401.3023,0.6438611589213998,411.8675,0.6757028112449799,309.0488,0.6597819850831899,313.4058,0.6717823675655001,313.8097,0.6757028112449799,328.3695,0.6597819850831899,325.7228,0.6717823675655001,313.2944
Computers,2,4679.9982,success,0.6479250334672021,428.3599,0.6519410977242303,429.74,0.6518932874354562,428.7892,0.6479250334672021,429.8317,0.6519410977242303,428.3451,0.6518932874354562,403.9459,0.6359724612736661,312.7692,0.6398929049531459,315.2656,0.6480206540447505,318.0713,0.6359724612736661,342.3175,0.6398929049531459,340.8912,0.6480206540447505,325.2614
Computers,3,4488.8291,success,0.6119238860202715,399.2038,0.6158921399885255,401.5707,0.6359246509848919,403.5654,0.6119238860202715,403.5644,0.6158921399885255,405.3195,0.6359246509848919,411.431,0.6358768406961178,317.7976,0.6038917575062154,318.377,0.627988143048384,313.1267,0.6358768406961178,310.2876,0.6038917575062154,311.2586,0.627988143048384,315.3343
Computers,4,4814.1509,success,0.6960221839739912,445.2699,0.692006119716963,447.4397,0.707926945878753,447.6491,0.6960221839739912,448.381,0.692006119716963,447.4706,0.707926945878753,427.2198,0.6921495505832854,323.2015,0.6921973608720596,325.5091,0.6721648498756932,321.0355,0.6921495505832854,318.3036,0.6921973608720596,332.4322,0.6721648498756932,342.3235
CricketX,0,4058.1068,success,0.6025641025641025,348.6145,0.617948717948718,348.0903,0.6205128205128205,345.3479,0.6025641025641025,338.9416,0.617948717948718,340.3286,0.6205128205128205,339.8963,0.6205128205128205,304.9298,0.6282051282051282,307.8312,0.6307692307692307,307.6653,0.6205128205128205,304.7162,0.6282051282051282,306.8886,0.6307692307692307,307.7243
CricketX,1,4200.6019,success,0.5974358974358974,361.3764,0.6025641025641025,363.7277,0.6102564102564103,361.3343,0.5974358974358974,360.6008,0.6025641025641025,361.2336,0.6102564102564103,351.8421,0.6153846153846154,311.0028,0.617948717948718,313.9531,0.6025641025641026,318.1764,0.6153846153846154,310.918,0.617948717948718,312.064,0.6025641025641026,316.1507
CricketX,2,4107.0979,success,0.6230769230769231,336.0713,0.6076923076923076,339.4388,0.6153846153846154,340.9641,0.6230769230769231,345.5174,0.6076923076923076,347.8143,0.6153846153846154,352.2078,0.6205128205128204,311.9265,0.6128205128205128,314.638,0.6102564102564102,313.3014,0.6205128205128204,311.4068,0.6128205128205128,312.7058,0.6102564102564102,314.5389
CricketX,3,4189.6459,success,0.6307692307692307,349.6746,0.6384615384615384,353.7713,0.6282051282051282,353.4463,0.6307692307692307,353.2381,0.6384615384615384,354.2402,0.6282051282051282,351.5237,0.6333333333333333,312.2429,0.6307692307692307,315.0551,0.6333333333333333,314.946,0.6333333333333333,310.0636,0.6307692307692307,320.4182,0.6333333333333333,326.7841
CricketX,4,4217.8699,success,0.5974358974358974,356.446,0.6230769230769231,360.6722,0.6153846153846154,355.0405,0.5974358974358974,346.4297,0.6230769230769231,363.5907,0.6153846153846154,356.9953,0.6205128205128205,316.1775,0.6205128205128205,317.0652,0.6230769230769231,317.0398,0.6205128205128205,313.3526,0.6205128205128205,322.3287,0.6230769230769231,324.0503
CricketY,0,4096.9258,success,0.6051282051282052,353.8594,0.6282051282051282,336.6905,0.6128205128205129,336.932,0.6051282051282052,345.2055,0.6282051282051282,356.0183,0.6128205128205129,353.7937,0.6000000000000001,307.2684,0.6128205128205129,311.1876,0.6102564102564102,310.4459,0.6000000000000001,307.2878,0.6128205128205129,308.3032,0.6102564102564102,302.1144
CricketY,1,4055.7068,success,0.6076923076923078,343.2597,0.6025641025641026,346.2372,0.5948717948717949,346.7859,0.6076923076923078,348.0916,0.6025641025641026,347.7413,0.5948717948717949,343.2797,0.582051282051282,300.8627,0.5666666666666668,302.7653,0.5846153846153846,303.1308,0.582051282051282,299.8343,0.5666666666666668,302.8948,0.5846153846153846,302.9948
CricketY,2,4051.7503,success,0.6128205128205128,336.2093,0.6076923076923076,339.8154,0.6076923076923078,340.9516,0.6128205128205128,339.3588,0.6076923076923076,339.2312,0.6076923076923078,339.2822,0.5846153846153846,302.1661,0.5871794871794872,312.9582,0.5794871794871795,313.0223,0.5846153846153846,307.0212,0.5871794871794872,308.4253,0.5794871794871795,307.0694
CricketY,3,4085.2764,success,0.6128205128205128,342.9482,0.6307692307692307,341.2972,0.635897435897436,341.5024,0.6128205128205128,352.5063,0.6307692307692307,353.4948,0.635897435897436,353.1611,0.5897435897435898,310.7665,0.617948717948718,311.1922,0.6,309.4486,0.5897435897435898,298.6135,0.617948717948718,301.1186,0.6,303.9125
CricketY,4,4081.6271,success,0.5948717948717949,351.4943,0.5820512820512821,340.7093,0.5897435897435898,354.5304,0.5948717948717949,348.9232,0.5820512820512821,351.4921,0.5897435897435898,336.0294,0.5692307692307693,298.6837,0.5743589743589743,306.7528,0.5846153846153846,306.2576,0.5692307692307693,302.5499,0.5743589743589743,308.5151,0.5846153846153846,309.4115
CricketZ,0,4141.4974,success,0.5897435897435898,345.8811,0.5923076923076923,352.1872,0.5948717948717949,351.9109,0.5897435897435898,350.3937,0.5923076923076923,351.8985,0.5948717948717949,351.4578,0.6051282051282051,312.0211,0.5948717948717949,315.1903,0.6,314.1149,0.6051282051282051,309.6535,0.5948717948717949,312.8911,0.6,313.8094
CricketZ,1,4255.4024,success,0.6076923076923076,366.843,0.5641025641025642,361.8239,0.5820512820512821,348.1169,0.6076923076923076,364.4573,0.5641025641025642,365.6339,0.5820512820512821,364.6315,0.5871794871794872,317.8037,0.5923076923076923,323.0361,0.5897435897435898,323.456,0.5871794871794872,319.4869,0.5923076923076923,317.1442,0.5897435897435898,313.2688
CricketZ,2,4191.924,success,0.5820512820512821,364.0203,0.5923076923076923,350.2535,0.5871794871794872,348.8748,0.5820512820512821,350.1803,0.5923076923076923,350.694,0.5871794871794872,354.5215,0.6128205128205129,313.5738,0.5923076923076923,325.1354,0.6076923076923078,326.3227,0.6128205128205129,315.6245,0.5923076923076923,320.2188,0.6076923076923078,313.46
CricketZ,3,4163.4174,success,0.6,348.6454,0.5897435897435898,352.7518,0.6153846153846154,353.7802,0.6,354.0472,0.5897435897435898,352.7328,0.6153846153846154,351.5205,0.6153846153846153,312.3512,0.6230769230769231,316.2853,0.6153846153846153,316.6035,0.6153846153846153,312.4085,0.6230769230769231,315.7343,0.6153846153846153,316.3187
CricketZ,4,4254.2404,success,0.6102564102564102,364.8132,0.6,367.5874,0.6025641025641025,367.6988,0.6102564102564102,364.1084,0.6,348.122,0.6025641025641025,347.1704,0.6025641025641025,310.1424,0.5871794871794872,323.4718,0.5923076923076923,326.6532,0.6025641025641025,321.5169,0.5871794871794872,321.3987,0.5923076923076923,320.1329
Crop,0,19101.8007,success,0.7656944444444443,1521.6624,0.7669444444444444,1534.6694,0.7655555555555557,1523.5544,0.7656944444444443,1532.8456,0.7669444444444444,1522.9717,0.7655555555555557,1523.769,0.76625,1529.8526,0.7652777777777778,1525.8183,0.7673611111111112,1536.9672,0.76625,1538.2464,0.7652777777777778,1537.3269,0.7673611111111112,1510.1796
Crop,1,19145.1711,success,0.7615277777777778,1539.131,0.7602777777777777,1545.6577,0.7618055555555555,1542.6715,0.7615277777777778,1544.4059,0.7602777777777777,1547.6904,0.7618055555555555,1549.9749,0.7630555555555555,1562.6625,0.7616666666666667,1553.2515,0.7633333333333333,1561.699,0.7630555555555555,1557.6587,0.7616666666666667,1552.3156,0.7633333333333333,1512.9717
Crop,2,19112.0869,success,0.7633333333333333,1529.0649,0.7631944444444444,1539.8098,0.76125,1526.9012,0.7633333333333333,1522.9876,0.7631944444444444,1525.784,0.76125,1518.9441,0.7679166666666667,1533.0439,0.768611111111111,1529.5334,0.7665277777777778,1531.5184,0.7679166666666667,1533.5639,0.768611111111111,1536.3771,0.7665277777777778,1516.862
Crop,3,19286.1291,success,0.763888888888889,1547.481,0.7590277777777777,1543.2684,0.7619444444444445,1545.8236,0.763888888888889,1536.181,0.7590277777777777,1536.982,0.7619444444444445,1536.0111,0.7658333333333333,1543.2561,0.7663888888888888,1543.5465,0.7659722222222222,1554.1078,0.7658333333333333,1572.4,0.7663888888888888,1550.4068,0.7659722222222222,1512.7319
Crop,4,18723.7926,success,0.7673611111111112,1528.337,0.7673611111111112,1539.1496,0.7668055555555555,1532.1029,0.7673611111111112,1527.3735,0.7673611111111112,1535.8036,0.7668055555555555,1536.0678,0.7725,1538.6818,0.7676388888888889,1527.1994,0.7701388888888889,1539.1348,0.7725,1533.9156,0.7676388888888889,1532.6722,0.7701388888888889,1281.1445
DiatomSizeReduction,0,1347.6412,success,0.9444444444444445,149.9109,0.9444444444444445,127.6023,0.9444444444444445,119.8439,0.9444444444444445,151.9398,0.9444444444444445,129.5864,0.9444444444444445,120.5725,0.9444444444444445,94.3161,0.9444444444444445,81.0855,0.9444444444444445,76.9324,0.9444444444444445,94.6476,0.9444444444444445,80.8721,0.9444444444444445,75.2155
DiatomSizeReduction,1,1372.4493,success,0.9333333333333332,161.1877,0.9333333333333332,136.5675,0.9333333333333332,130.2813,0.9333333333333332,153.2246,0.9333333333333332,126.8467,0.9333333333333332,119.7229,0.9333333333333332,95.1384,0.9333333333333332,79.7724,0.9333333333333332,75.2942,0.9333333333333332,94.6123,0.9333333333333332,79.6993,0.9333333333333332,76.0794
DiatomSizeReduction,2,1346.7958,success,0.9444444444444445,164.7764,0.9444444444444445,137.9068,0.9444444444444445,130.3095,0.9444444444444445,155.9429,0.9444444444444445,120.7151,0.9444444444444445,113.5182,0.9444444444444445,91.7393,0.9444444444444445,75.6911,0.9444444444444445,73.0169,0.9444444444444445,93.3179,0.9444444444444445,75.9722,0.9444444444444445,71.6797
DiatomSizeReduction,3,1391.4627,success,0.9333333333333332,162.4734,0.9333333333333332,127.5049,0.9333333333333332,117.3659,0.9333333333333332,144.1781,0.9333333333333332,121.8901,0.9333333333333332,125.9739,0.8777777777777779,101.9222,0.9333333333333332,86.9375,0.9333333333333332,83.9532,0.8777777777777779,102.4666,0.9333333333333332,86.1524,0.9333333333333332,82.8307
DiatomSizeReduction,4,1304.0372,success,0.9444444444444445,135.0485,0.9444444444444445,109.1796,0.9444444444444445,102.9265,0.9444444444444445,132.6677,0.9444444444444445,109.8503,0.9444444444444445,119.8742,0.9444444444444445,104.2149,0.9444444444444445,86.6872,0.9444444444444445,81.9263,0.9444444444444445,105.0926,0.9444444444444445,86.6609,0.9444444444444445,82.0016
DistalPhalanxOutlineCorrect,0,999.152,success,0.8416666666666667,81.96,0.8416666666666667,83.8242,0.8466666666666667,84.3372,0.8416666666666667,83.9275,0.8416666666666667,84.1753,0.8466666666666667,84.3497,0.8433333333333334,75.8068,0.8383333333333334,76.0314,0.8449999999999999,76.1789,0.8433333333333334,75.8109,0.8383333333333334,75.7826,0.8449999999999999,76.0653
DistalPhalanxOutlineCorrect,1,1055.4149,success,0.835,85.9036,0.8383333333333333,89.3509,0.8333333333333334,90.0569,0.835,89.1455,0.8383333333333333,89.4294,0.8333333333333334,89.9512,0.8316666666666667,79.7988,0.8233333333333333,79.7478,0.8266666666666667,80.0005,0.8316666666666667,79.9644,0.8233333333333333,79.5789,0.8266666666666667,79.8356
DistalPhalanxOutlineCorrect,2,1018.8141,success,0.83,87.0372,0.835,89.682,0.8333333333333334,89.7462,0.83,89.1734,0.835,89.5916,0.8333333333333334,84.5519,0.8383333333333333,75.405,0.8283333333333333,74.6927,0.835,75.0721,0.8383333333333333,76.2251,0.8283333333333333,74.6446,0.835,75.075
DistalPhalanxOutlineCorrect,3,1001.1314,success,0.8416666666666667,80.1235,0.8266666666666665,81.2646,0.8233333333333333,81.5818,0.8416666666666667,80.7787,0.8266666666666665,87.7274,0.8233333333333333,89.3599,0.8300000000000001,78.828,0.8366666666666666,78.6485,0.8333333333333334,78.5606,0.8300000000000001,75.877,0.8366666666666666,74.357,0.8333333333333334,74.425
DistalPhalanxOutlineCorrect,4,1010.2568,success,0.8383333333333333,87.1491,0.8333333333333334,88.8993,0.8450000000000001,89.6136,0.8383333333333333,84.2767,0.8333333333333334,83.8113,0.8450000000000001,84.2785,0.8466666666666667,76.008,0.8450000000000001,75.3705,0.8399999999999999,75.6526,0.8466666666666667,75.9954,0.8450000000000001,75.2967,0.8399999999999999,75.761
DistalPhalanxOutlineAgeGroup,0,673.168,success,0.8574795196947592,59.5244,0.8599857853589196,59.412,0.86249205102308,59.4468,0.8574795196947592,59.5466,0.8599857853589196,59.1956,0.86249205102308,62.0551,0.8524856918415442,47.9473,0.8499794261773838,48.2536,0.8574982231698649,48.2875,0.8524856918415442,47.6516,0.8499794261773838,48.1686,0.8574982231698649,48.0996
DistalPhalanxOutlineAgeGroup,1,626.3975,success,0.832547787378895,53.9434,0.8325664908540006,54.7637,0.8325664908540006,55.6413,0.832547787378895,55.2203,0.8325664908540006,55.5967,0.8325664908540006,55.2202,0.8425915535106423,45.6696,0.8425728500355366,45.7212,0.8400852878464818,46.0489,0.8425915535106423,45.1701,0.8425728500355366,45.795,0.8400852878464818,46.2251
DistalPhalanxOutlineAgeGroup,2,662.7536,success,0.8425354430853252,57.0181,0.8400291774211648,58.0287,0.8475105674634347,58.6184,0.8425354430853252,59.0205,0.8400291774211648,58.1985,0.8475105674634347,58.3995,0.8450417087494856,47.2912,0.8450043017992743,48.4003,0.8400104739460592,48.0207,0.8450417087494856,47.4393,0.8450043017992743,48.0856,0.8400104739460592,48.3925
DistalPhalanxOutlineAgeGroup,3,628.3127,success,0.8498859088018554,54.4727,0.8448920809486403,52.902,0.8523921744660158,53.0448,0.8498859088018554,53.101,0.8448920809486403,53.0578,0.8523921744660158,53.258,0.8574047057943366,46.4804,0.8498859088018554,48.9367,0.8549171436052818,48.8448,0.8574047057943366,48.0749,0.8498859088018554,47.0269,0.8549171436052818,47.4265
DistalPhalanxOutlineAgeGroup,4,663.605,success,0.8474544570381176,57.8213,0.8474357535630119,58.3066,0.8424232222346912,58.4597,0.8474544570381176,58.8349,0.8474357535630119,58.1187,0.8424232222346912,58.3975,0.8449294878988516,47.3336,0.8449668948490631,48.33,0.8399543635207422,47.8432,0.8449294878988516,47.2388,0.8449668948490631,48.2201,0.8399543635207422,48.8991
DistalPhalanxTW,0,730.4056,success,0.7925036471776455,63.6719,0.795009912841806,65.1333,0.7975161785059663,65.4797,0.7925036471776455,64.9937,0.795009912841806,65.3791,0.7975161785059663,65.9842,0.7925223506527512,53.1504,0.7900160849885909,49.9764,0.7899973815134852,52.6931,0.7925223506527512,51.1998,0.7900160849885909,51.5878,0.7899973815134852,53.3171
DistalPhalanxTW,1,724.6998,success,0.804960161598025,65.0796,0.8099352859761343,66.2917,0.804960161598025,66.7445,0.804960161598025,66.1665,0.8099352859761343,66.5459,0.804960161598025,61.9214,0.8049788650731305,50.6361,0.8149665207795608,51.7964,0.8149852242546666,51.4398,0.8049788650731305,50.8311,0.8149665207795608,51.3294,0.8149852242546666,51.5812
DistalPhalanxTW,2,736.3167,success,0.8125350690158232,64.4145,0.8125350690158232,65.2444,0.815022631204878,65.2563,0.8125350690158232,64.7818,0.8125350690158232,65.2939,0.815022631204878,65.2522,0.8025474133093929,52.9021,0.8174914899188269,53.932,0.8000037406950211,53.9922,0.8025474133093929,52.7621,0.8174914899188269,53.6747,0.8000037406950211,53.7844
DistalPhalanxTW,3,714.4414,success,0.8050349754984477,64.894,0.8150039277297721,64.3174,0.815022631204878,58.3302,0.8050349754984477,58.147,0.8150039277297721,58.3267,0.815022631204878,61.6032,0.8150600381550892,53.0853,0.822541428197359,54.2292,0.8200351625331986,54.576,0.8150600381550892,53.4529,0.822541428197359,54.155,0.8200351625331986,54.1764
DistalPhalanxTW,4,737.3439,success,0.807485130737291,63.4556,0.8199790521078816,64.5153,0.8225040212471476,65.1382,0.807485130737291,64.6865,0.8199790521078816,64.956,0.8225040212471476,64.9758,0.8125163655407174,53.0549,0.8100100998765569,53.542,0.8124976620656117,53.7795,0.8125163655407174,52.8001,0.8100100998765569,54.3244,0.8124976620656117,53.8554
Earthquakes,0,3311.9173,success,0.8044594438675435,322.4251,0.8013730241144571,301.3837,0.8013730241144571,295.637,0.8044594438675435,292.8981,0.8013730241144571,291.8105,0.8013730241144571,283.3616,0.8168051228798893,221.1663,0.8137187031268028,225.0822,0.8168051228798893,245.93,0.8168051228798893,232.7104,0.8137187031268028,235.2853,0.8168051228798893,248.3179
Earthquakes,1,3582.5257,success,0.8136610130379601,317.405,0.8167762778354679,326.7268,0.8198915426329757,331.0472,0.8136610130379601,329.2145,0.8167762778354679,329.9155,0.8198915426329757,329.1567,0.8167762778354679,249.2992,0.8136610130379601,251.6064,0.8167762778354679,253.1681,0.8167762778354679,248.0382,0.8136610130379601,246.1728,0.8167762778354679,239.0254
Earthquakes,2,3328.7613,success,0.8167762778354678,296.62,0.8230068074304834,298.7277,0.8198915426329756,299.6005,0.8167762778354678,297.7878,0.8230068074304834,299.6271,0.8198915426329756,301.2876,0.8198915426329756,233.3231,0.8167762778354678,235.1074,0.8230068074304834,235.2889,0.8198915426329756,230.579,0.8167762778354678,233.7507,0.8230068074304834,235.217
Earthquakes,3,3410.5743,success,0.8105745932848737,307.5607,0.8105745932848737,309.7075,0.8105745932848737,311.851,0.8105745932848737,306.8746,0.8105745932848737,292.2752,0.8105745932848737,294.5234,0.8198915426329756,230.6744,0.8198915426329756,233.1636,0.8136610130379601,255.2089,0.8198915426329756,249.6147,0.8198915426329756,252.4466,0.8136610130379601,253.4916
Earthquakes,4,3332.3621,success,0.8198915426329756,294.1623,0.8198915426329756,322.211,0.8198915426329756,299.637,0.8198915426329756,317.9734,0.8198915426329756,307.1369,0.8198915426329756,301.4292,0.8198915426329756,222.264,0.8198915426329756,224.4213,0.8198915426329756,225.2967,0.8198915426329756,221.8613,0.8198915426329756,224.1402,0.8198915426329756,240.2589
ECG200,0,398.0917,success,0.8897801544860369,36.2375,0.8897801544860369,37.7972,0.8799762329174095,38.342,0.8897801544860369,37.0225,0.8897801544860369,38.1822,0.8799762329174095,38.9636,0.8698752228163994,26.0641,0.8897801544860369,26.501,0.8698752228163994,26.5893,0.8698752228163994,26.1638,0.8897801544860369,26.6339,0.8698752228163994,26.866
ECG200,1,442.0454,success,0.8906714200831848,39.0283,0.8906714200831848,42.5256,0.8906714200831848,42.7391,0.8906714200831848,41.5769,0.8906714200831848,42.9086,0.8906714200831848,43.1005,0.8906714200831848,28.8077,0.8805704099821746,29.2701,0.8906714200831848,29.7329,0.8906714200831848,29.0321,0.8805704099821746,29.3962,0.8906714200831848,29.7493
ECG200,2,440.2004,success,0.8202614379084968,40.3765,0.8303624480095069,41.9426,0.8202614379084968,42.2431,0.8202614379084968,41.1821,0.8303624480095069,42.4855,0.8202614379084968,42.6554,0.8104575163398694,28.677,0.8202614379084968,29.1242,0.8199643493761141,29.5691,0.8104575163398694,28.7484,0.8202614379084968,29.1589,0.8199643493761141,29.5622
ECG200,3,441.6634,success,0.8594771241830066,39.5222,0.8594771241830066,42.4277,0.8493761140819963,42.4884,0.8594771241830066,41.5295,0.8594771241830066,43.1112,0.8493761140819963,43.1397,0.8392751039809863,28.6122,0.8493761140819963,29.2172,0.8389780154486036,29.8532,0.8392751039809863,28.8621,0.8493761140819963,29.1997,0.8389780154486036,29.6085
ECG200,4,403.6569,success,0.8799762329174095,34.4026,0.8701723113487819,39.036,0.8600713012477718,39.4093,0.8799762329174095,38.901,0.8701723113487819,39.3729,0.8600713012477718,39.4543,0.8698752228163994,26.7155,0.8499702911467617,27.097,0.8597742127153892,28.198,0.8698752228163994,26.8727,0.8499702911467617,25.746,0.8597742127153892,26.0583
ECG5000,0,1218.0481,success,0.9540196715003727,111.1399,0.9580116874684367,113.9396,0.9560036553399226,114.2749,0.9540196715003727,112.6585,0.9580116874684367,105.6453,0.9560036553399226,102.4363,0.9520236635163407,84.5408,0.9540196715003727,84.6377,0.9560156794844047,85.5453,0.9520236635163407,84.8743,0.9540196715003727,85.2242,0.9560156794844047,85.6168
ECG5000,1,1184.8369,success,0.9540196715003727,111.3907,0.9540196715003727,103.6798,0.9560277036288868,102.3377,0.9540196715003727,102.5333,0.9540196715003727,101.8733,0.9560277036288868,103.0406,0.9540196715003727,84.1326,0.9540316956448548,84.7111,0.9540316956448548,85.4292,0.9540196715003727,84.1862,0.9540316956448548,84.7137,0.9540316956448548,86.9595
ECG5000,2,1231.6804,success,0.9459995671307985,108.9753,0.9480075992593126,109.5418,0.9459995671307985,109.995,0.9459995671307985,114.4331,0.9480075992593126,107.3428,0.9459995671307985,106.9193,0.9479955751148306,86.9342,0.9479955751148306,87.6566,0.9459875429863165,87.966,0.9479955751148306,86.9648,0.9479955751148306,87.6949,0.9459875429863165,88.5945
ECG5000,3,1216.7037,success,0.9499675348098983,112.289,0.9519755669384123,113.7177,0.9519755669384123,113.9882,0.9499675348098983,108.4733,0.9519755669384123,104.0122,0.9519755669384123,105.0313,0.9539715749224443,85.5117,0.9539715749224443,86.1506,0.9519755669384123,86.9365,0.9539715749224443,85.7086,0.9539715749224443,86.216,0.9519755669384123,86.8628
ECG5000,4,1229.4654,success,0.9540316956448548,107.4494,0.9540316956448548,107.1082,0.9540316956448548,107.8714,0.9540316956448548,111.8877,0.9540316956448548,110.419,0.9540316956448548,111.4092,0.9560397277733689,89.1554,0.9560397277733689,89.9756,0.9560397277733689,91.767,0.9560397277733689,84.6236,0.9560397277733689,83.9491,0.9560397277733689,90.4287
ECGFiveDays,0,550.9246,success,0.8690476190476191,58.3562,0.8273809523809524,51.4143,0.8273809523809524,52.0417,0.8690476190476191,59.5073,0.8273809523809524,52.1734,0.8273809523809524,52.3258,0.8690476190476191,37.3891,0.8690476190476191,33.4711,0.8273809523809524,33.5446,0.8690476190476191,37.627,0.8690476190476191,33.2233,0.8273809523809524,33.5386
ECGFiveDays,1,484.6003,success,0.7857142857142857,52.3164,0.7857142857142857,46.046,0.8273809523809524,46.3127,0.7857142857142857,52.7029,0.7857142857142857,46.2798,0.8273809523809524,46.2079,0.7857142857142857,33.2539,0.7857142857142857,29.9588,0.8273809523809524,29.9725,0.7857142857142857,33.0794,0.7857142857142857,28.5087,0.8273809523809524,26.6695
ECGFiveDays,2,545.7209,success,0.7321428571428571,58.8063,0.6071428571428571,51.5645,0.6904761904761904,51.913,0.7321428571428571,59.3555,0.6071428571428571,52.0064,0.6904761904761904,52.2516,0.7380952380952381,37.6758,0.6488095238095238,33.3534,0.6071428571428571,33.5786,0.7380952380952381,37.6585,0.6488095238095238,33.2518,0.6071428571428571,33.4991
ECGFiveDays,3,495.2084,success,0.7797619047619048,54.5671,0.7797619047619048,51.4858,0.7797619047619048,51.6207,0.7797619047619048,58.6115,0.7797619047619048,46.7156,0.7797619047619048,44.1185,0.7797619047619048,31.9332,0.8214285714285715,28.2445,0.8214285714285715,29.1963,0.7797619047619048,31.8896,0.8214285714285715,28.2817,0.8214285714285715,28.5785
ECGFiveDays,4,490.9288,success,0.8333333333333334,50.3227,0.8333333333333334,44.341,0.8333333333333334,44.9976,0.8333333333333334,50.1692,0.8333333333333334,46.619,0.8333333333333334,51.9814,0.8333333333333334,37.3304,0.8333333333333334,32.5002,0.8333333333333334,28.7322,0.8333333333333334,32.1871,0.8333333333333334,28.571,0.8333333333333334,29.0087
ElectricDevices,0,27068.7704,success,0.8064091443028825,2765.426,0.806632857444053,2769.8987,0.8062967229902713,2762.1416,0.8064091443028825,2753.9487,0.806632857444053,2742.2936,0.8062967229902713,2756.2444,0.8041678714496552,2587.3094,0.8075292536369386,1739.2724,0.8066330080419264,1594.3019,0.8041678714496552,1404.726,0.8075292536369386,1269.8137,0.8066330080419264,1259.6342
ElectricDevices,1,27032.6431,success,0.8077525902834252,2777.555,0.8074167946748592,2779.27,0.8075286135959759,2773.9645,0.8077525902834252,2785.3454,0.8074167946748592,2773.296,0.8075286135959759,2777.4589,0.8090971280985513,2618.1764,0.8085366404626367,1730.5088,0.8068567211830969,1531.4199,0.8090971280985513,1390.2603,0.8085366404626367,1234.1664,0.8068567211830969,1215.8807
ElectricDevices,2,27048.0837,success,0.8080894777265746,2804.1828,0.8055128987078701,2798.9701,0.8080898918707268,2784.1612,0.8080894777265746,2786.9892,0.8055128987078701,2782.4536,0.8080898918707268,2771.6788,0.8070809614168247,2554.0458,0.807080584922141,1737.1327,0.8068568717809704,1538.5919,0.8070809614168247,1394.5665,0.807080584922141,1238.6796,0.8068568717809704,1225.9688
ElectricDevices,3,26931.379,success,0.8039438194632691,2789.1887,0.8047279449414174,2794.179,0.8067447516641065,2779.6301,0.8039438194632691,2767.7524,0.8047279449414174,2766.3342,0.8067447516641065,2789.5554,0.8049524863708925,2409.0229,0.8051764254088732,1752.0953,0.8034957907894341,1527.4795,0.8049524863708925,1392.366,0.8051764254088732,1262.2511,0.8034957907894341,1263.1814
ElectricDevices,4,27016.8428,success,0.8068546881118038,2756.1479,0.8068552152043612,2750.3034,0.8075273335140508,2752.499,0.8068546881118038,2737.914,0.8068552152043612,2734.7737,0.8075273335140508,2746.5549,0.8067428315412187,2714.107,0.8070792671907473,1729.431,0.8079752115900124,1550.6296,0.8067428315412187,1372.9544,0.8070792671907473,1255.6742,0.8079752115900124,1259.9682
EOGHorizontalSignal,0,13146.4675,success,0.6988980716253442,1120.2102,0.690633608815427,1110.0091,0.6851010101010102,1161.4731,0.6988980716253442,1155.7424,0.690633608815427,1151.0807,0.6851010101010102,1133.2024,0.707208448117539,945.5995,0.7127410468319559,977.6669,0.7238062442607897,1000.3149,0.707208448117539,965.9502,0.7127410468319559,974.8979,0.7238062442607897,972.1729
EOGHorizontalSignal,1,13090.9125,success,0.7183654729109276,1185.9767,0.7155647382920111,1157.6748,0.7073002754820936,1135.0128,0.7183654729109276,1116.1488,0.7155647382920111,1116.4145,0.7073002754820936,1133.5473,0.7128787878787879,964.3687,0.7127869605142333,960.8032,0.707277318640955,958.0781,0.7128787878787879,940.7814,0.7127869605142333,950.5626,0.707277318640955,954.6592
EOGHorizontalSignal,2,13047.5914,success,0.7182047750229569,1188.3081,0.7043847566574839,1193.7267,0.7126951331496786,1124.0994,0.7182047750229569,1145.3992,0.7043847566574839,1125.4832,0.7126951331496786,1125.6488,0.7154729109274564,957.9071,0.7210055096418734,967.0022,0.7099173553719007,956.4523,0.7154729109274564,935.4148,0.7210055096418734,931.4858,0.7099173553719007,932.8424
EOGHorizontalSignal,3,12850.9645,success,0.707208448117539,1128.5015,0.7099862258953168,1091.928,0.7071854912764004,1123.8011,0.707208448117539,1146.3536,0.7099862258953168,1152.0138,0.7071854912764004,1110.6348,0.729315886134068,938.4165,0.7210514233241506,943.7245,0.7238062442607897,943.7913,0.729315886134068,926.9382,0.7210514233241506,937.426,0.7238062442607897,941.31
EOGHorizontalSignal,4,13001.0076,success,0.7072314049586778,1128.6714,0.6988980716253442,1137.7458,0.7126951331496786,1150.3298,0.7072314049586778,1131.2547,0.6988980716253442,1135.3014,0.7126951331496786,1117.6384,0.7209825528007346,968.9723,0.7210055096418734,964.1466,0.7237144168962351,955.4516,0.7209825528007346,954.9965,0.7210055096418734,948.3014,0.7237144168962351,941.1046
EOGVerticalSignal,0,13943.6611,success,0.7207988980716253,1225.1323,0.7346189164370983,1213.2138,0.7264003673094583,1195.1368,0.7207988980716253,1232.6178,0.7346189164370983,1209.7412,0.7264003673094583,1221.8177,0.7208907254361799,1023.12,0.7070247933884297,1030.8317,0.7180670339761249,1002.4142,0.7208907254361799,988.7976,0.7070247933884297,1037.0778,0.7180670339761249,1003.0078
EOGVerticalSignal,1,13841.0923,success,0.7182966023875115,1179.6711,0.7044995408631772,1176.9842,0.7127640036730947,1212.1125,0.7182966023875115,1193.1241,0.7044995408631772,1212.1503,0.7127640036730947,1192.9954,0.7100780532598714,1020.9568,0.7045684113865932,1027.5263,0.7101010101010101,1015.1758,0.7100780532598714,1009.6686,0.7045684113865932,1021.4482,0.7101010101010101,1018.9793
EOGVerticalSignal,2,13867.5538,success,0.7071625344352617,1184.4839,0.6933884297520662,1231.9028,0.6933654729109274,1219.903,0.7071625344352617,1238.4736,0.6933884297520662,1194.7195,0.6933654729109274,1185.9039,0.6961891643709825,1017.9801,0.7044536271809,1033.8094,0.6878558310376492,1032.796,0.6961891643709825,987.604,0.7044536271809,995.2044,0.6878558310376492,997.4454
EOGVerticalSignal,3,13948.506,success,0.7375573921028465,1198.0039,0.7210743801652892,1221.1348,0.7293617998163452,1273.005,0.7375573921028465,1181.7383,0.7210743801652892,1219.3386,0.7293617998163452,1202.2038,0.7238062442607897,1019.5639,0.7403810835629017,1029.4506,0.73767217630854,1027.3026,0.7238062442607897,990.3558,0.7403810835629017,1005.1963,0.73767217630854,1053.4522
EOGVerticalSignal,4,13977.5,success,0.729315886134068,1203.3663,0.7459136822773186,1243.3996,0.7182736455463729,1246.6974,0.729315886134068,1203.4908,0.7459136822773186,1209.1184,0.7182736455463729,1166.0297,0.7403122130394858,1002.9281,0.7430899908172636,1026.3295,0.7403810835629017,1029.988,0.7403122130394858,1026.4796,0.7430899908172636,1027.5805,0.7403810835629017,1027.7156
EthanolLevel,0,18296.4921,success,0.8690476190476191,1710.2784,0.8650793650793651,1660.6884,0.873015873015873,1546.4881,0.8690476190476191,1624.5901,0.8650793650793651,1627.438,0.873015873015873,1608.6177,0.884920634920635,1323.2857,0.8928571428571429,1319.7313,0.8948412698412698,1325.1988,0.884920634920635,1333.7917,0.8928571428571429,1335.9658,0.8948412698412698,1290.7899
EthanolLevel,1,18229.535,success,0.8908730158730158,1602.0749,0.8888888888888888,1581.4118,0.8888888888888888,1607.0655,0.8908730158730158,1624.2112,0.8888888888888888,1634.1148,0.8888888888888888,1607.7046,0.9107142857142857,1339.6412,0.8988095238095237,1329.4016,0.9107142857142857,1344.0501,0.9107142857142857,1329.9621,0.8988095238095237,1366.9464,0.9107142857142857,1246.5274
EthanolLevel,2,18217.9058,success,0.8492063492063492,1677.4815,0.8472222222222222,1654.4616,0.8472222222222223,1663.8802,0.8492063492063492,1673.0095,0.8472222222222222,1573.027,0.8472222222222223,1611.4195,0.8829365079365079,1355.508,0.873015873015873,1335.0477,0.8829365079365079,1336.5512,0.8829365079365079,1347.0029,0.873015873015873,1361.9692,0.8829365079365079,1132.4141
EthanolLevel,3,17921.1688,success,0.873015873015873,1705.8755,0.871031746031746,1617.1672,0.871031746031746,1598.6618,0.873015873015873,1623.5737,0.871031746031746,1618.125,0.871031746031746,1596.2779,0.9027777777777777,1337.4563,0.9107142857142857,1339.4566,0.9166666666666666,1330.8956,0.9027777777777777,1333.1119,0.9107142857142857,1329.4487,0.9166666666666666,1066.7062
EthanolLevel,4,18383.6649,success,0.871031746031746,1706.3099,0.871031746031746,1607.0911,0.8630952380952381,1606.4386,0.871031746031746,1651.5302,0.871031746031746,1661.4777,0.8630952380952381,1603.1707,0.8948412698412698,1356.3756,0.9007936507936508,1346.2647,0.8988095238095237,1318.0848,0.8948412698412698,1347.233,0.9007936507936508,1342.1338,0.8988095238095237,1310.4311
FaceAll,0,2688.2552,success,0.8768328445747801,225.8367,0.8768328445747801,226.2029,0.8768232610737354,226.3697,0.8768328445747801,225.8464,0.8768328445747801,226.3129,0.8768232610737354,225.4241,0.8982519694094647,206.9999,0.8946869070208728,206.689,0.885783834550438,205.3757,0.8982519694094647,204.1446,0.8946869070208728,202.4378,0.885783834550438,202.6853
FaceAll,1,2630.7306,success,0.8678818545991221,215.4916,0.876784927069557,220.7439,0.8660801564027371,221.0257,0.8678818545991221,217.9976,0.876784927069557,215.8193,0.8660801564027371,215.5417,0.8803691564602381,201.9324,0.8785866252659421,204.3739,0.8821708546566231,206.9922,0.8803691564602381,202.0074,0.8785866252659421,203.1024,0.8821708546566231,201.8829
FaceAll,2,2623.858,success,0.8839150518467407,214.7473,0.8803595729591934,215.1798,0.8732198646809652,214.4968,0.8839150518467407,214.992,0.8803595729591934,216.6123,0.8732198646809652,213.8389,0.8946389895156499,204.8639,0.8999865830985376,206.4844,0.9035420619860847,207.5906,0.8946389895156499,206.5617,0.8999865830985376,205.966,0.9035420619860847,199.3569
FaceAll,3,2675.6198,success,0.8839150518467407,218.4893,0.8874896977363771,218.2543,0.8892434784275393,218.2921,0.8839150518467407,218.5583,0.8874896977363771,220.8719,0.8892434784275393,225.6494,0.8964215207099459,208.201,0.8946294060146053,209.0035,0.8982040519042417,208.1149,0.8964215207099459,208.0305,0.8946294060146053,208.3296,0.8982040519042417,208.3117
FaceAll,4,2629.0917,success,0.8803979069633718,220.1445,0.8803979069633718,216.7999,0.8714948344929371,215.624,0.8803979069633718,214.8517,0.8803979069633718,222.4591,0.8714948344929371,217.8651,0.8839917198550974,202.426,0.8911218446322811,203.2664,0.8822091886608016,202.9586,0.8839917198550974,203.2819,0.8911218446322811,202.8549,0.8822091886608016,203.0353
FaceFour,0,1362.2227,success,0.875,146.6412,0.875,130.7488,0.9166666666666666,127.9526,0.875,146.7035,0.875,130.7872,0.9166666666666666,127.7137,0.875,92.2284,0.9166666666666666,82.1797,0.875,81.1514,0.875,92.7431,0.9166666666666666,82.3752,0.875,81.0869
FaceFour,1,1293.704,success,0.8333333333333334,152.8097,0.875,132.4345,0.875,114.211,0.8333333333333334,131.3855,0.875,123.1519,0.875,133.885,0.875,76.7391,0.875,68.4229,0.875,70.3319,0.875,93.1871,0.875,78.9798,0.875,78.492
FaceFour,2,1394.5847,success,0.875,150.0289,0.8333333333333334,134.0854,0.8333333333333334,130.799,0.875,150.7282,0.8333333333333334,135.0146,0.8333333333333334,132.3339,0.875,94.8256,0.8333333333333334,84.5795,0.875,83.3199,0.875,94.4548,0.8333333333333334,84.2963,0.875,79.6093
FaceFour,3,1344.6177,success,0.875,152.8734,0.9166666666666666,133.255,0.9583333333333334,122.2339,0.875,141.2704,0.9166666666666666,124.9718,0.9583333333333334,123.0776,0.9583333333333334,88.0867,0.9583333333333334,79.1116,0.9166666666666666,78.8863,0.9583333333333334,93.7376,0.9583333333333334,83.9533,0.9166666666666666,83.0647
FaceFour,4,1310.1133,success,0.875,136.3111,0.875,120.6182,0.875,118.3749,0.875,134.4531,0.875,121.2666,0.875,118.5817,0.875,86.0503,0.875,76.8206,0.875,83.8884,0.875,97.8267,0.875,86.7408,0.875,85.2053
FacesUCR,0,1132.4266,success,0.7951153324287653,98.2237,0.7651892054877129,100.5807,0.7651892054877129,100.6324,0.7951153324287653,99.3432,0.7651892054877129,100.7425,0.7651892054877129,100.8147,0.770239710538218,80.2525,0.750188451680989,82.2233,0.7651892054877129,82.9141,0.770239710538218,80.2369,0.750188451680989,81.2302,0.7651892054877129,82.2465
FacesUCR,1,1052.1151,success,0.7902909693954471,99.3915,0.8002412181516659,93.5159,0.785240464344942,91.8548,0.7902909693954471,91.3158,0.8002412181516659,91.8969,0.785240464344942,92.7159,0.7701643298658224,73.6257,0.7902909693954471,75.4984,0.7753655962611187,76.5082,0.7701643298658224,73.9536,0.7902909693954471,75.7974,0.7753655962611187,76.1717
FacesUCR,2,1121.965,success,0.7899894467058646,98.6109,0.7949645710839741,100.2582,0.7950399517563698,100.0084,0.7899894467058646,99.248,0.7949645710839741,99.8941,0.7950399517563698,100.6685,0.8099653248906981,79.2871,0.8050655811849842,81.5738,0.8100407055630936,81.9417,0.8099653248906981,79.3747,0.8050655811849842,81.5897,0.8100407055630936,81.8568
FacesUCR,3,1056.4309,success,0.7997889341172923,94.1509,0.8098145635459068,93.9176,0.7948891904115785,93.9688,0.7997889341172923,92.8673,0.8098145635459068,95.4457,0.7948891904115785,93.8711,0.814865068596412,75.3749,0.8098145635459068,77.0216,0.799864314789688,78.9359,0.814865068596412,74.5979,0.8098145635459068,75.4693,0.799864314789688,75.9475
FacesUCR,4,1048.241,success,0.7551635760590983,92.9437,0.7551635760590983,93.9172,0.7602894617819991,96.3306,0.7551635760590983,92.4916,0.7551635760590983,91.9399,0.7602894617819991,92.4635,0.7703150912106137,73.9596,0.7651138248153174,75.7302,0.7701643298658224,76.8561,0.7703150912106137,74.1077,0.7651138248153174,75.5896,0.7701643298658224,76.8373
FiftyWords,0,7258.6689,success,0.6022222222222222,598.4714,0.6022222222222222,601.7943,0.5933333333333334,612.9133,0.6022222222222222,593.5566,0.6022222222222222,595.5995,0.5933333333333334,588.2415,0.611111111111111,548.2031,0.6088888888888889,565.5669,0.5933333333333334,558.8746,0.611111111111111,558.0801,0.6088888888888889,568.1621,0.5933333333333334,569.5194
FiftyWords,1,7390.8815,success,0.6311111111111111,617.6993,0.6355555555555555,612.5719,0.6311111111111111,603.486,0.6311111111111111,600.1708,0.6355555555555555,600.7707,0.6311111111111111,614.2985,0.6355555555555555,561.3164,0.6355555555555555,566.3184,0.6333333333333333,567.7211,0.6355555555555555,565.5606,0.6355555555555555,577.85,0.6333333333333333,582.3719
FiftyWords,2,7299.9975,success,0.6111111111111112,608.1489,0.6177777777777779,614.044,0.6177777777777779,611.5546,0.6111111111111112,614.0937,0.6177777777777779,605.4601,0.6177777777777779,595.9164,0.6155555555555555,554.4769,0.6222222222222222,558.1995,0.6222222222222222,560.55,0.6155555555555555,553.1582,0.6222222222222222,564.6307,0.6222222222222222,562.44
FiftyWords,3,7253.7082,success,0.611111111111111,591.6364,0.6133333333333333,602.9239,0.6222222222222222,610.2366,0.611111111111111,607.6739,0.6133333333333333,598.9954,0.6222222222222222,589.7183,0.6155555555555555,545.4714,0.6177777777777778,560.1494,0.6177777777777778,553.9531,0.6155555555555555,554.2002,0.6177777777777778,560.1052,0.6177777777777778,565.4475
FiftyWords,4,7335.4525,success,0.6,603.9235,0.6066666666666668,613.0233,0.6066666666666666,612.7643,0.6,601.6312,0.6066666666666668,604.1189,0.6066666666666666,603.9483,0.6000000000000001,558.958,0.5955555555555555,569.5743,0.5977777777777779,567.3399,0.6000000000000001,558.5816,0.5955555555555555,563.9264,0.5977777777777779,565.0961
Fish,0,2526.4155,success,0.8288525228910967,231.6922,0.8231053964543152,230.5767,0.8173582700175336,231.4012,0.8288525228910967,224.7288,0.8231053964543152,231.599,0.8173582700175336,230.4515,0.8402493668420027,168.8613,0.8516462107929086,174.1349,0.8459964932787843,175.4805,0.8402493668420027,169.974,0.8516462107929086,179.0422,0.8459964932787843,194.5961
Fish,1,2754.9424,success,0.862556010130528,252.8238,0.8625560101305281,261.5495,0.8625560101305281,262.145,0.862556010130528,253.1632,0.8625560101305281,251.3552,0.8625560101305281,253.6915,0.8511591661796221,182.9992,0.8568088836937463,187.9451,0.8568088836937463,189.4178,0.8511591661796221,183.257,0.8568088836937463,186.7685,0.8568088836937463,187.1259
Fish,2,2548.3777,success,0.845899084356127,230.9099,0.8459964932787843,234.8421,0.8515488018702513,235.5311,0.845899084356127,232.4413,0.8459964932787843,238.7193,0.8515488018702513,236.7113,0.8573933372296901,173.1252,0.8631404636664719,177.5262,0.8573933372296901,179.4528,0.8573933372296901,172.7348,0.8631404636664719,177.3051,0.8573933372296901,179.3645
Fish,3,2540.7684,success,0.8454120397428405,226.1462,0.8396649133060589,234.3659,0.8282680693551528,233.9376,0.8454120397428405,218.0095,0.8396649133060589,230.1108,0.8282680693551528,239.5341,0.8626534190531853,177.5342,0.8569062926164038,185.6405,0.862556010130528,195.5841,0.8626534190531853,177.7403,0.8569062926164038,172.4578,0.862556010130528,173.5415
Fish,4,2609.9936,success,0.8685953633352815,232.6898,0.8799922072861874,239.0961,0.8742450808494059,240.2828,0.8685953633352815,233.1614,0.8799922072861874,238.4638,0.8742450808494059,236.5458,0.8684979544126241,173.0671,0.8799922072861874,177.8652,0.8798947983635301,179.3728,0.8684979544126241,178.6713,0.8799922072861874,183.2403,0.8798947983635301,193.9054
FreezerRegularTrain,0,1116.0134,success,1.0,105.4505,1.0,111.9373,1.0,109.0386,1.0,105.873,1.0,109.702,1.0,110.3695,1.0,70.6156,1.0,71.3323,1.0,71.3536,1.0,70.6143,1.0,70.8353,1.0,72.2306
FreezerRegularTrain,1,1211.7644,success,1.0,103.874,1.0,112.378,1.0,122.1971,1.0,116.7984,1.0,121.368,1.0,121.1471,1.0,78.2357,1.0,79.0305,1.0,80.0217,1.0,77.7168,1.0,78.7312,1.0,80.068
FreezerRegularTrain,2,1255.622,success,1.0,120.9801,1.0,124.136,1.0,124.0532,1.0,119.8883,1.0,123.8966,1.0,124.3016,0.9933333333333333,78.6907,1.0,78.7193,1.0,80.6789,0.9933333333333333,79.0378,1.0,79.4143,1.0,80.5397
FreezerRegularTrain,3,1148.5263,success,1.0,109.8895,1.0,111.7701,1.0,110.9168,1.0,109.9472,1.0,112.2699,1.0,110.9673,1.0,73.0651,1.0,73.7366,1.0,76.6991,1.0,72.9397,1.0,73.8175,1.0,74.4818
FreezerRegularTrain,4,1035.6746,success,1.0,97.311,1.0,101.0267,1.0,100.5997,1.0,98.2939,1.0,101.0237,1.0,100.2181,1.0,66.1549,1.0,66.9535,1.0,67.62,1.0,66.9951,1.0,67.2156,1.0,67.4997
FreezerSmallTrain,0,896.5712,success,1.0,88.1136,1.0,90.3489,1.0,88.9592,1.0,88.4701,1.0,88.8704,1.0,89.2338,1.0,54.9627,1.0,55.9093,1.0,56.4789,1.0,54.8263,1.0,55.8976,1.0,56.4334
FreezerSmallTrain,1,958.0404,success,0.9333333333333332,98.1892,0.9333333333333332,102.5008,0.9333333333333332,94.1382,0.9333333333333332,93.4674,0.9333333333333332,96.2236,0.9333333333333332,93.9308,0.9333333333333332,57.4797,0.9333333333333332,57.8205,0.9333333333333332,58.3231,0.9333333333333332,56.6902,0.9333333333333332,58.2595,0.9333333333333332,61.1374
FreezerSmallTrain,2,1061.8715,success,1.0,98.8459,1.0,110.9428,1.0,107.9107,1.0,106.251,1.0,106.5453,1.0,107.8286,1.0,66.1329,1.0,67.0735,1.0,68.0736,1.0,65.0478,1.0,65.4736,1.0,62.1811
FreezerSmallTrain,3,1044.7342,success,1.0,108.7126,1.0,110.0079,1.0,109.8539,1.0,109.2374,1.0,110.0515,1.0,107.949,1.0,56.0115,1.0,55.4724,1.0,57.5048,1.0,58.5994,1.0,59.954,1.0,67.5591
FreezerSmallTrain,4,1020.4493,success,1.0,100.0673,1.0,102.0746,1.0,101.8509,1.0,98.894,1.0,101.2305,1.0,101.8603,1.0,62.6242,1.0,64.5987,1.0,64.2478,1.0,61.8751,1.0,64.5524,1.0,64.7418
GunPoint,0,522.5022,success,0.8799019607843137,50.5611,0.9007352941176471,50.6455,0.9007352941176471,50.824,0.8799019607843137,50.6501,0.9007352941176471,50.6954,0.9007352941176471,54.5398,0.9203431372549019,33.5719,0.9007352941176471,33.9488,0.8995098039215685,34.1626,0.9203431372549019,33.4387,0.9007352941176471,33.7935,0.8995098039215685,34.0842
GunPoint,1,550.4799,success,0.9203431372549019,53.3946,0.8995098039215685,52.9034,0.8995098039215685,53.6551,0.9203431372549019,53.4987,0.8995098039215685,54.1229,0.8995098039215685,53.2251,0.8811274509803922,34.9116,0.9203431372549019,35.7477,0.8799019607843137,35.4448,0.8811274509803922,34.6115,0.9203431372549019,35.8284,0.8799019607843137,35.7963
GunPoint,2,584.8692,success,0.8602941176470589,57.5726,0.8590686274509803,57.7167,0.8382352941176471,57.5762,0.8602941176470589,57.5534,0.8590686274509803,57.6218,0.8382352941176471,57.7282,0.9007352941176471,37.3982,0.8602941176470589,37.8078,0.8995098039215685,38.0036,0.9007352941176471,37.3281,0.8602941176470589,37.6924,0.8995098039215685,38.1002
GunPoint,3,482.4209,success,0.9411764705882352,46.5384,0.9215686274509803,46.7369,0.9607843137254902,46.7375,0.9411764705882352,46.6241,0.9215686274509803,46.7203,0.9607843137254902,46.756,0.9411764705882352,30.7678,0.9607843137254902,31.084,0.9411764705882352,31.3679,0.9411764705882352,30.7282,0.9607843137254902,31.0364,0.9411764705882352,31.3247
GunPoint,4,514.3311,success,0.9019607843137255,49.5753,0.9019607843137255,50.2435,0.9019607843137255,49.9472,0.9019607843137255,49.4297,0.9019607843137255,48.3125,0.9019607843137255,48.266,0.8811274509803922,31.6405,0.9019607843137255,33.4173,0.9215686274509803,35.4097,0.8811274509803922,34.6531,0.9019607843137255,35.8775,0.9215686274509803,35.4163
GunPointAgeSpan,0,571.9463,success,0.9629629629629629,53.1394,0.9555555555555556,54.9261,0.9555555555555556,54.5432,0.9629629629629629,53.0268,0.9555555555555556,54.898,0.9555555555555556,54.5685,0.9629629629629631,38.0951,0.9555555555555556,38.6344,0.9481481481481481,39.846,0.9629629629629631,37.9251,0.9555555555555556,38.6337,0.9481481481481481,39.0694
GunPointAgeSpan,1,621.1697,success,0.9703703703703703,55.8627,0.9703703703703703,57.8535,0.9703703703703703,56.5397,0.9703703703703703,55.0025,0.9703703703703703,56.5861,0.9703703703703703,56.7525,0.9703703703703703,39.2344,0.9703703703703703,39.6323,0.9629629629629629,45.5314,0.9703703703703703,44.6955,0.9703703703703703,45.2718,0.9629629629629629,45.6707
GunPointAgeSpan,2,669.5985,success,0.9703703703703703,59.9181,0.9703703703703703,60.1165,0.9703703703703703,59.8245,0.9703703703703703,63.629,0.9703703703703703,66.2574,0.9703703703703703,66.5616,0.9777777777777777,44.9048,0.9703703703703703,45.5501,0.9703703703703703,47.068,0.9777777777777777,45.3987,0.9703703703703703,46.2802,0.9703703703703703,47.1369
GunPointAgeSpan,3,687.9342,success,0.9703703703703704,63.891,0.9703703703703704,65.9916,0.9703703703703704,66.3014,0.9703703703703704,63.9148,0.9703703703703704,66.3506,0.9703703703703704,66.0763,0.9629629629629631,44.7724,0.9703703703703704,45.4414,0.9629629629629631,46.0803,0.9629629629629631,44.5552,0.9703703703703704,45.4635,0.9629629629629631,46.1924
GunPointAgeSpan,4,616.7065,success,0.9703703703703703,56.8829,0.9703703703703703,59.0218,0.9703703703703703,58.6428,0.9703703703703703,57.0229,0.9703703703703703,58.9756,0.9703703703703703,58.7461,0.9629629629629629,40.5528,0.9703703703703703,40.8937,0.9703703703703703,43.72,0.9629629629629629,39.7259,0.9703703703703703,40.9454,0.9703703703703703,41.1656
GunPointMaleVersusFemale,0,582.8252,success,1.0,55.2072,0.9925925925925926,56.8051,1.0,56.2082,1.0,54.3728,0.9925925925925926,56.198,1.0,55.9434,1.0,37.6228,1.0,38.2562,1.0,38.4234,1.0,37.6134,1.0,38.0168,1.0,38.6953
GunPointMaleVersusFemale,1,582.2632,success,0.9777777777777779,53.8757,0.9777777777777779,56.4675,0.9777777777777779,55.6816,0.9777777777777779,53.9183,0.9777777777777779,56.6518,0.9777777777777779,54.257,0.9851851851851853,36.1396,0.9851851851851853,36.5854,0.9851851851851853,37.1475,0.9851851851851853,41.2086,0.9851851851851853,42.1865,0.9851851851851853,42.894
GunPointMaleVersusFemale,2,629.4637,success,1.0,58.6752,1.0,60.6627,1.0,61.255,1.0,58.9398,1.0,61.645,1.0,60.3887,1.0,40.4879,1.0,41.5416,1.0,41.1887,1.0,40.3616,1.0,40.9378,1.0,42.256
GunPointMaleVersusFemale,3,605.0405,success,0.9925925925925926,56.806,0.9925925925925926,58.9324,0.9925925925925926,58.4375,0.9925925925925926,56.812,0.9925925925925926,58.7494,0.9925925925925926,58.6124,0.9925925925925926,39.1304,0.9925925925925926,43.0363,1.0,40.3502,0.9925925925925926,39.2709,0.9925925925925926,39.8641,1.0,40.1868
GunPointMaleVersusFemale,4,659.3589,success,1.0,63.3443,1.0,65.9901,1.0,66.3792,1.0,63.7819,1.0,66.0575,1.0,66.0339,1.0,43.6591,1.0,43.4173,1.0,40.5291,1.0,39.2331,1.0,39.9023,1.0,40.4642
GunPointOldVersusYoung,0,580.8776,success,1.0,58.546,1.0,59.8521,1.0,55.1242,1.0,53.3919,1.0,55.4221,1.0,55.0729,1.0,37.7364,1.0,39.14,1.0,37.5883,1.0,36.3101,1.0,36.9394,1.0,37.4669
GunPointOldVersusYoung,1,538.2716,success,1.0,50.2674,1.0,52.3314,1.0,52.7745,1.0,50.2232,1.0,52.2643,1.0,52.0559,1.0,35.097,1.0,34.9215,1.0,35.4962,1.0,34.2868,1.0,34.9942,1.0,35.863
GunPointOldVersusYoung,2,565.8385,success,1.0,52.9348,1.0,55.2575,1.0,54.9435,1.0,53.08,1.0,55.2572,1.0,54.7423,1.0,39.6101,1.0,36.8012,1.0,37.2963,1.0,36.122,1.0,36.787,1.0,35.3494
GunPointOldVersusYoung,3,537.0035,success,1.0,50.8819,1.0,52.1923,1.0,51.8226,1.0,50.2355,1.0,52.9287,1.0,51.7673,1.0,34.0701,1.0,34.7461,1.0,35.404,1.0,34.1628,1.0,35.6518,1.0,35.5404
GunPointOldVersusYoung,4,617.8964,success,1.0,58.0367,1.0,60.1705,1.0,60.4647,1.0,58.4193,1.0,60.4549,1.0,60.4182,1.0,39.4447,1.0,40.0668,1.0,40.5206,1.0,39.4989,1.0,40.1297,1.0,40.4655
Ham,0,1799.3697,success,0.8811311311311311,176.8329,0.8718718718718718,182.3843,0.8626126126126126,182.6016,0.8811311311311311,167.3633,0.8718718718718718,175.2302,0.8626126126126126,175.4021,0.8626126126126126,114.146,0.8901401401401401,115.8421,0.8991491491491491,117.2659,0.8626126126126126,114.7256,0.8901401401401401,115.3751,0.8991491491491491,117.7105
Ham,1,1711.1099,success,0.8263263263263264,162.6363,0.8263263263263264,167.7567,0.8265765765765766,167.5468,0.8263263263263264,161.2484,0.8263263263263264,166.8685,0.8265765765765766,167.0125,0.8353353353353353,109.4967,0.8533533533533534,110.5838,0.8628628628628628,113.4713,0.8353353353353353,110.2094,0.8533533533533534,110.7136,0.8628628628628628,117.4586
Ham,2,1631.6067,success,0.8253253253253253,154.1119,0.8435935935935935,154.4413,0.8343343343343342,155.5181,0.8253253253253253,150.3576,0.8435935935935935,155.1248,0.8343343343343342,155.1548,0.8801301301301301,105.0128,0.8526026026026026,107.802,0.8433433433433434,111.3174,0.8801301301301301,106.2044,0.8526026026026026,113.2416,0.8433433433433434,118.8208
Ham,3,1694.5799,success,0.8718718718718718,176.2062,0.8901401401401401,182.3324,0.8898898898898899,172.5027,0.8718718718718718,156.0168,0.8901401401401401,160.8665,0.8898898898898899,163.9698,0.9086586586586587,106.0366,0.8993993993993993,107.4202,0.8993993993993993,109.0999,0.9086586586586587,106.7407,0.8993993993993993,105.889,0.8993993993993993,107.1985
Ham,4,1540.578,success,0.8253253253253253,146.7245,0.8253253253253253,150.6539,0.825075075075075,150.7972,0.8253253253253253,144.9701,0.8253253253253253,150.4347,0.825075075075075,150.6875,0.8621121121121121,100.9064,0.8435935935935935,101.0111,0.8433433433433434,102.6349,0.8621121121121121,99.5866,0.8435935935935935,100.9491,0.8433433433433434,102.1087
Haptics,0,5670.0793,success,0.5359477124183006,537.091,0.5295374560080442,543.4617,0.523001508295626,533.3798,0.5359477124183006,494.3865,0.5295374560080442,523.4349,0.523001508295626,538.5204,0.5295374560080442,389.6709,0.5359477124183006,417.8144,0.5424836601307189,388.2211,0.5295374560080442,361.3622,0.5359477124183006,372.1895,0.5424836601307189,398.0216
Haptics,1,5948.0195,success,0.5226244343891403,566.1354,0.5292860734037205,586.3288,0.5164655605832077,582.6804,0.5226244343891403,568.2133,0.5292860734037205,551.9302,0.5164655605832077,506.9197,0.5035193564605329,364.5773,0.5035193564605329,384.7088,0.47762694821518353,418.0311,0.5035193564605329,389.1825,0.5035193564605329,395.5111,0.47762694821518353,423.4818
Haptics,2,5916.3945,success,0.5098039215686274,560.181,0.5356963298139769,572.4383,0.5226244343891402,563.0326,0.5098039215686274,495.1756,0.5356963298139769,549.7213,0.5226244343891402,551.3971,0.5100553041729512,406.3446,0.5164655605832076,408.1136,0.5228758169934641,400.2789,0.5100553041729512,397.8873,0.5164655605832076,389.6244,0.5228758169934641,393.7446
Haptics,3,5774.2792,success,0.5548014077425842,501.2382,0.5419808949220715,513.1025,0.5678733031674209,516.73,0.5548014077425842,491.362,0.5419808949220715,553.742,0.5678733031674209,565.7012,0.5483911513323279,387.4411,0.5421065862242332,395.1835,0.5482654600301659,417.7823,0.5483911513323279,409.2801,0.5421065862242332,406.5819,0.5482654600301659,400.7021
Haptics,4,6014.6125,success,0.5480140774258421,558.5199,0.5674962292609352,582.1204,0.548139768728004,582.6025,0.5480140774258421,564.6947,0.5674962292609352,579.1842,0.548139768728004,581.0205,0.5416038210155857,406.2099,0.5354449472096531,393.4385,0.5224987430869784,392.5737,0.5416038210155857,378.1699,0.5354449472096531,388.8936,0.5224987430869784,393.4482
Herring,0,1869.7303,success,0.5324675324675324,195.8073,0.5483405483405482,193.4399,0.5317460317460317,189.979,0.5324675324675324,183.2615,0.5483405483405482,183.186,0.5317460317460317,190.2557,0.5779220779220778,114.4037,0.577922077922078,113.5222,0.562049062049062,115.0128,0.5779220779220778,113.224,0.577922077922078,115.6059,0.562049062049062,118.5756
Herring,1,1902.2072,success,0.5468975468975469,163.6815,0.5476190476190476,174.3217,0.5627705627705627,200.9805,0.5468975468975469,197.9943,0.5476190476190476,194.6509,0.5627705627705627,180.1663,0.5331890331890331,114.5883,0.5324675324675324,125.8087,0.5634920634920634,126.6544,0.5331890331890331,123.5075,0.5324675324675324,125.9752,0.5634920634920634,127.771
Herring,2,1774.1751,success,0.564935064935065,194.6167,0.5490620490620491,163.2342,0.5331890331890331,164.8025,0.564935064935065,158.0024,0.5490620490620491,158.1469,0.5331890331890331,164.4323,0.5331890331890331,106.156,0.5331890331890331,121.9092,0.5808080808080808,123.9033,0.5331890331890331,120.1134,0.5331890331890331,125.5284,0.5808080808080808,127.0852
Herring,3,1891.2783,success,0.6262626262626262,181.8188,0.6103896103896104,182.6024,0.6414141414141414,189.5771,0.6262626262626262,182.9251,0.6103896103896104,183.2344,0.6414141414141414,197.2162,0.6255411255411255,124.2362,0.5945165945165946,125.7196,0.6103896103896104,126.2088,0.6255411255411255,117.4722,0.5945165945165946,113.0489,0.6103896103896104,108.9941
Herring,4,1886.6449,success,0.63997113997114,189.6049,0.6240981240981242,194.3486,0.63997113997114,179.3496,0.63997113997114,175.733,0.6240981240981242,172.103,0.63997113997114,179.1918,0.6385281385281385,112.0299,0.63997113997114,121.0413,0.63997113997114,122.4825,0.6385281385281385,119.1017,0.63997113997114,126.7622,0.63997113997114,128.2926
HouseTwenty,0,6366.3322,success,0.8754578754578755,580.6082,0.8498168498168498,605.8733,0.8278388278388279,639.3672,0.8754578754578755,655.0104,0.8498168498168498,679.6451,0.8278388278388279,664.7606,0.8003663003663003,388.5324,0.8241758241758242,389.7794,0.7985347985347985,394.1024,0.8003663003663003,383.2457,0.8241758241758242,392.1715,0.7985347985347985,391.4588
HouseTwenty,1,6234.3685,success,0.6978021978021979,592.965,0.6978021978021979,611.6135,0.6978021978021979,624.2809,0.6978021978021979,709.4784,0.6978021978021979,610.7417,0.6978021978021979,567.804,0.7472527472527473,422.5871,0.7728937728937728,378.5421,0.7216117216117216,387.6995,0.7472527472527473,422.9902,0.7728937728937728,420.5178,0.7216117216117216,360.5362
HouseTwenty,2,6596.2967,success,0.7234432234432235,706.5842,0.6996336996336997,716.0625,0.6978021978021979,684.8121,0.7234432234432235,678.7796,0.6996336996336997,643.7543,0.6978021978021979,646.0131,0.7472527472527473,393.4349,0.6978021978021977,404.7937,0.6739926739926739,398.3562,0.7472527472527473,383.666,0.6978021978021977,396.7025,0.6739926739926739,407.6985
HouseTwenty,3,6430.035,success,0.6483516483516484,620.1681,0.6483516483516484,707.0073,0.6739926739926739,629.3706,0.6483516483516484,653.1865,0.6483516483516484,715.2146,0.6739926739926739,659.8221,0.6739926739926739,385.81,0.6739926739926739,353.9465,0.6996336996336997,365.5818,0.6739926739926739,372.6808,0.6739926739926739,398.8195,0.6996336996336997,436.4065
HouseTwenty,4,6423.6183,success,0.7765567765567766,586.942,0.7765567765567766,601.9862,0.7765567765567766,611.3151,0.7765567765567766,607.806,0.7765567765567766,687.7829,0.7765567765567766,713.2432,0.7509157509157509,423.2194,0.7765567765567766,411.4049,0.8003663003663003,404.8564,0.7509157509157509,387.3559,0.7765567765567766,408.9338,0.8003663003663003,439.5938
InlineSkate,0,8720.2964,success,0.37046939988116456,857.5977,0.3407605466428996,848.9517,0.3597742127153891,883.5707,0.37046939988116456,863.2215,0.3407605466428996,862.7324,0.3597742127153891,823.9885,0.3502673796791444,519.3496,0.3401663695781343,564.5211,0.3300653594771242,568.7835,0.3502673796791444,551.87,0.3401663695781343,532.9326,0.3300653594771242,553.2671
InlineSkate,1,8659.3599,success,0.3496732026143791,780.8109,0.3695781342840166,809.1569,0.3597742127153892,824.9698,0.3496732026143791,834.2591,0.3695781342840166,820.8798,0.3597742127153892,832.9181,0.3392751039809863,549.112,0.309863339275104,585.3773,0.32026143790849676,589.7458,0.3392751039809863,578.8862,0.309863339275104,600.9126,0.32026143790849676,550.3485
InlineSkate,2,8190.2684,success,0.3401663695781343,730.0517,0.34997029114676176,825.0686,0.3499702911467617,796.2543,0.3401663695781343,775.5434,0.34997029114676176,756.9646,0.3499702911467617,830.5193,0.43018419489007725,536.9228,0.39007724301841945,554.6618,0.38027332144979203,546.1906,0.43018419489007725,538.5647,0.39007724301841945,537.5012,0.38027332144979203,544.0149
InlineSkate,3,8507.4962,success,0.340463458110517,750.1973,0.340463458110517,875.8915,0.3502673796791444,847.9716,0.340463458110517,799.8348,0.340463458110517,826.5724,0.3502673796791444,841.6079,0.37046939988116456,542.7716,0.340463458110517,576.2208,0.3300653594771242,580.594,0.37046939988116456,557.2779,0.340463458110517,534.2479,0.3300653594771242,541.3691
InlineSkate,4,8715.9317,success,0.35056446821152704,823.1182,0.33036244800950687,869.8911,0.37076648841354726,876.4741,0.35056446821152704,825.4816,0.33036244800950687,823.6108,0.37076648841354726,812.6143,0.33036244800950687,532.8014,0.37046939988116456,556.8374,0.35056446821152704,592.7534,0.33036244800950687,577.9084,0.37046939988116456,590.2988,0.35056446821152704,541.8451
InsectEPGRegularTrain,0,2113.3635,success,1.0,210.2352,1.0,213.9079,1.0,191.7138,1.0,197.6452,1.0,207.2006,1.0,227.3048,1.0,148.4798,1.0,139.9907,1.0,128.9473,1.0,127.632,1.0,125.0423,1.0,128.0427
InsectEPGRegularTrain,1,2097.0669,success,1.0,213.309,1.0,222.0655,1.0,228.1205,1.0,201.9339,1.0,193.3646,1.0,199.4874,1.0,126.6642,1.0,120.3335,1.0,122.6656,1.0,127.0724,1.0,135.8584,1.0,136.0735
InsectEPGRegularTrain,2,2251.3786,success,1.0,200.1598,1.0,197.4443,1.0,231.4028,1.0,239.47,1.0,224.9816,1.0,222.5096,1.0,148.0386,1.0,141.2535,1.0,143.1757,1.0,148.1528,1.0,141.2049,1.0,142.5195
InsectEPGRegularTrain,3,2182.3222,success,1.0,218.1048,1.0,204.5208,1.0,212.316,1.0,217.8097,1.0,211.4131,1.0,236.4335,1.0,150.5441,1.0,131.2526,1.0,133.1747,1.0,137.5622,1.0,130.6382,1.0,133.1562
InsectEPGRegularTrain,4,2253.1723,success,1.0,224.8108,1.0,222.59,1.0,221.5511,1.0,228.721,1.0,215.5283,1.0,217.2324,1.0,136.738,1.0,138.9172,1.0,142.5951,1.0,149.46,1.0,141.284,1.0,142.3331
InsectEPGSmallTrain,0,2322.7996,success,1.0,259.3554,1.0,214.2017,1.0,214.0677,1.0,260.0498,1.0,226.5316,1.0,225.989,1.0,160.1566,1.0,132.219,1.0,133.0651,1.0,160.1096,1.0,132.3004,1.0,133.9031
InsectEPGSmallTrain,1,2319.9289,success,1.0,268.9899,1.0,220.4949,1.0,220.8845,1.0,268.8894,1.0,220.0819,1.0,220.5276,1.0,165.6886,1.0,140.6919,1.0,133.9027,1.0,148.8106,1.0,121.8756,1.0,122.7961
InsectEPGSmallTrain,2,2091.6879,success,1.0,246.3091,1.0,201.4115,1.0,207.015,1.0,252.4757,1.0,205.1975,1.0,187.8114,1.0,137.2429,1.0,112.7636,1.0,113.8126,1.0,138.8384,1.0,113.1131,1.0,114.0223
InsectEPGSmallTrain,3,2341.1582,success,1.0,277.3308,1.0,228.6929,1.0,229.7328,1.0,277.2047,1.0,227.6533,1.0,225.6488,1.0,163.1538,1.0,124.1168,1.0,124.4097,1.0,149.2097,1.0,123.5299,1.0,124.5346
InsectEPGSmallTrain,4,2294.8247,success,1.0,241.6861,1.0,197.6232,1.0,197.5647,1.0,240.7644,1.0,204.4527,1.0,229.0921,1.0,172.6371,1.0,141.5638,1.0,142.6287,1.0,171.5073,1.0,141.2995,1.0,141.724
InsectWingbeatSound,0,1936.3685,success,0.5863260520794767,177.5094,0.5862643465383192,178.4181,0.5817598420338146,178.7449,0.5863260520794767,176.8256,0.5862643465383192,178.3561,0.5817598420338146,179.6498,0.5999629766753055,137.3972,0.5863260520794767,132.5011,0.5953967666296434,131.5779,0.5999629766753055,127.4318,0.5863260520794767,131.6223,0.5953967666296434,142.048
InsectWingbeatSound,1,1922.2072,success,0.6089719856843144,163.7625,0.5953967666296434,164.6781,0.595458472170801,179.3283,0.6089719856843144,180.8246,0.5953967666296434,184.1284,0.595458472170801,182.479,0.6092188078489448,132.6414,0.5818215475749723,136.1778,0.5909539676662964,137.1978,0.6092188078489448,132.4707,0.5818215475749723,132.9862,0.5909539676662964,133.7706
InsectWingbeatSound,2,1953.5161,success,0.5681846229791435,173.6391,0.5726274219424904,173.0223,0.5636184129334815,172.2361,0.5681846229791435,169.4869,0.5726274219424904,171.6999,0.5636184129334815,169.5427,0.5727508330248056,138.6895,0.5682463285203011,144.1172,0.5771936319881524,145.3749,0.5727508330248056,140.0197,0.5682463285203011,144.4085,0.5771936319881524,145.147
InsectWingbeatSound,3,1907.7526,success,0.5999629766753055,175.6413,0.5817598420338146,176.3864,0.5953350610884858,177.2447,0.5999629766753055,172.8037,0.5817598420338146,173.7206,0.5953350610884858,173.3616,0.5953350610884858,131.279,0.6089719856843144,133.0068,0.6181044057756386,134.5001,0.5953350610884858,130.5597,0.6089719856843144,133.6698,0.6181044057756386,134.1745
InsectWingbeatSound,4,1894.5925,success,0.6227323213624584,172.5107,0.6045908922621251,172.489,0.6227323213624584,171.323,0.6227323213624584,171.1557,0.6045908922621251,173.4429,0.6227323213624584,173.3579,0.6362458348759717,131.8561,0.636369245958287,133.3208,0.6408120449216339,134.443,0.6362458348759717,130.9612,0.636369245958287,133.9604,0.6408120449216339,134.1751
ItalyPowerDemand,0,120.844,success,0.9703557312252965,10.8633,0.9703557312252965,10.956,0.9703557312252965,11.1155,0.9703557312252965,10.9526,0.9703557312252965,11.0236,0.9703557312252965,11.1061,0.9703557312252965,8.5111,0.9703557312252965,8.4755,0.9703557312252965,8.6436,0.9703557312252965,8.4421,0.9703557312252965,8.5617,0.9703557312252965,8.5509
ItalyPowerDemand,1,114.1254,success,0.9848484848484849,10.2173,0.9703557312252965,10.3263,0.9703557312252965,10.4985,0.9848484848484849,10.2946,0.9703557312252965,10.3163,0.9703557312252965,10.5258,0.9703557312252965,8.0623,0.9848484848484849,8.0354,0.9848484848484849,8.2142,0.9703557312252965,7.9855,0.9848484848484849,8.1091,0.9848484848484849,8.1217
ItalyPowerDemand,2,118.3451,success,0.9703557312252965,10.2318,0.9703557312252965,10.3733,0.9552042160737813,10.5688,0.9703557312252965,10.3406,0.9703557312252965,10.3332,0.9552042160737813,10.58,0.9855072463768115,9.2837,0.9855072463768115,9.3772,0.9703557312252965,8.9518,0.9855072463768115,8.3497,0.9855072463768115,8.4912,0.9703557312252965,8.5453
ItalyPowerDemand,3,125.4716,success,0.9703557312252965,11.2863,0.9703557312252965,11.3623,0.9703557312252965,11.5127,0.9703557312252965,11.3265,0.9703557312252965,11.3723,0.9703557312252965,11.5677,0.9703557312252965,8.873,0.9848484848484849,8.8329,0.9703557312252965,8.9904,0.9703557312252965,9.2838,0.9848484848484849,9.1005,0.9703557312252965,8.878
ItalyPowerDemand,4,114.061,success,0.9696969696969697,10.2329,0.9696969696969697,10.3302,0.9696969696969697,10.5437,0.9696969696969697,10.3397,0.9696969696969697,10.329,0.9696969696969697,10.5294,0.9848484848484849,8.3693,0.9696969696969697,8.0591,0.9696969696969697,8.2376,0.9848484848484849,8.0064,0.9696969696969697,8.1445,0.9696969696969697,8.1382
LargeKitchenAppliances,0,6504.2292,success,0.6506666666666666,551.3507,0.6613333333333333,563.9535,0.6586666666666666,584.212,0.6506666666666666,594.0367,0.6613333333333333,597.441,0.6586666666666666,597.9122,0.672,482.3009,0.664,464.9579,0.672,462.4782,0.672,458.4247,0.664,460.2327,0.672,459.8552
LargeKitchenAppliances,1,6312.9233,success,0.6693333333333333,548.7713,0.6693333333333333,552.8554,0.6693333333333333,579.2314,0.6693333333333333,554.502,0.6693333333333333,572.959,0.6693333333333333,544.7171,0.6906666666666667,442.6105,0.7013333333333334,464.6717,0.7040000000000001,459.2544,0.6906666666666667,465.7789,0.7013333333333334,448.0715,0.7040000000000001,453.7198
LargeKitchenAppliances,2,6409.0121,success,0.672,566.626,0.6586666666666666,550.2318,0.656,561.8212,0.672,551.3902,0.6586666666666666,568.2386,0.656,567.9472,0.6773333333333333,462.9061,0.6773333333333333,467.0636,0.6826666666666666,479.4987,0.6773333333333333,473.0794,0.6773333333333333,466.7183,0.6826666666666666,466.2348
LargeKitchenAppliances,3,6209.9745,success,0.6693333333333333,540.7269,0.6666666666666666,543.3261,0.672,544.0671,0.6693333333333333,540.7064,0.6666666666666666,540.5382,0.672,562.3583,0.6773333333333333,443.4315,0.68,447.3818,0.6746666666666666,448.091,0.6773333333333333,466.2756,0.68,455.2153,0.6746666666666666,452.0512
LargeKitchenAppliances,4,6420.3631,success,0.632,561.929,0.6346666666666666,548.2353,0.632,577.6508,0.632,588.9204,0.6346666666666666,571.0102,0.632,568.9304,0.656,456.9035,0.6506666666666666,461.548,0.664,462.0862,0.656,461.2627,0.6506666666666666,472.6607,0.664,463.0287
Lightning2,0,2155.2677,success,0.8166666666666668,206.8602,0.8333333333333334,209.4716,0.8166666666666668,215.8713,0.8166666666666668,208.5212,0.8333333333333334,206.6448,0.8166666666666668,216.931,0.7999999999999999,145.1479,0.7999999999999999,129.9641,0.7833333333333332,132.2102,0.7999999999999999,137.7587,0.7999999999999999,134.33,0.7833333333333332,136.8647
Lightning2,1,2205.7899,success,0.8333333333333334,218.2476,0.8333333333333334,215.7292,0.8333333333333334,224.5165,0.8333333333333334,214.6409,0.8333333333333334,214.9747,0.8333333333333334,222.8861,0.7999999999999999,136.7233,0.7999999999999999,139.7227,0.7999999999999999,141.05,0.7999999999999999,126.8718,0.7999999999999999,126.3734,0.7999999999999999,145.0422
Lightning2,2,2257.4192,success,0.8166666666666668,200.2043,0.8166666666666668,200.2624,0.7999999999999999,208.2819,0.8166666666666668,207.9506,0.8166666666666668,234.6057,0.7999999999999999,242.7486,0.8166666666666668,148.9628,0.7999999999999999,151.4653,0.7999999999999999,149.2384,0.8166666666666668,144.3892,0.7999999999999999,146.0444,0.7999999999999999,147.8773
Lightning2,3,2236.4898,success,0.7666666666666666,211.2705,0.7666666666666666,211.2035,0.7666666666666666,220.5504,0.7666666666666666,222.7046,0.7666666666666666,224.8883,0.7666666666666666,225.6195,0.7833333333333333,135.5444,0.7833333333333333,137.3382,0.7666666666666666,146.7439,0.7833333333333333,147.6844,0.7833333333333333,150.2655,0.7666666666666666,149.9063
Lightning2,4,2146.4168,success,0.7333333333333334,229.7474,0.6833333333333332,221.7977,0.6833333333333332,208.3584,0.7333333333333334,199.8384,0.6833333333333332,203.763,0.6833333333333332,217.8409,0.7000000000000001,132.2861,0.7000000000000001,134.3724,0.6833333333333332,137.0898,0.7000000000000001,123.9463,0.7000000000000001,133.544,0.6833333333333332,133.9098
Lightning7,0,1358.8504,success,0.7004830917874396,125.0249,0.714975845410628,120.0778,0.7294685990338164,127.1581,0.7004830917874396,138.9364,0.714975845410628,133.1456,0.7294685990338164,135.9492,0.6865942028985508,91.6159,0.6721014492753623,89.3771,0.6865942028985508,89.5325,0.6865942028985508,91.4961,0.6721014492753623,89.0486,0.6865942028985508,83.8503
Lightning7,1,1293.4576,success,0.6721014492753623,127.2519,0.7004830917874396,123.8211,0.7004830917874396,124.2732,0.6721014492753623,126.726,0.7004830917874396,123.4678,0.7004830917874396,123.8483,0.6708937198067634,84.2336,0.6714975845410628,83.9364,0.6714975845410628,83.1174,0.6708937198067634,83.9854,0.6714975845410628,82.0584,0.6714975845410628,82.6836
Lightning7,2,1364.9034,success,0.6570048309178743,139.6334,0.6708937198067634,134.0817,0.6847826086956522,136.4856,0.6570048309178743,140.6476,0.6708937198067634,134.1829,0.6847826086956522,135.8925,0.6570048309178743,84.27,0.6564009661835749,82.1957,0.6425120772946858,84.6839,0.6570048309178743,83.9439,0.6564009661835749,82.141,0.6425120772946858,82.5821
Lightning7,3,1332.5412,success,0.7155797101449276,138.9406,0.7004830917874395,134.1838,0.7010869565217391,133.2069,0.7155797101449276,139.6346,0.7004830917874395,124.9664,0.7010869565217391,120.5991,0.7155797101449276,83.4815,0.7155797101449276,79.8571,0.7016908212560385,80.3189,0.7155797101449276,81.7506,0.7155797101449276,80.41,0.7016908212560385,89.1012
Lightning7,4,1273.5387,success,0.6865942028985508,117.0658,0.7004830917874395,112.7401,0.714975845410628,118.1181,0.6865942028985508,127.8698,0.7004830917874395,123.1375,0.714975845410628,125.0711,0.7004830917874395,85.2646,0.6859903381642511,83.1175,0.69987922705314,82.5464,0.7004830917874395,84.8209,0.6859903381642511,84.1204,0.69987922705314,84.7452
Mallat,0,3892.9828,success,0.94541910331384,396.125,0.94541910331384,368.6759,0.94541910331384,361.978,0.94541910331384,384.3755,0.94541910331384,407.8098,0.94541910331384,391.8314,0.9269005847953217,255.8177,0.94541910331384,241.9151,0.94541910331384,238.7016,0.9269005847953217,245.3968,0.94541910331384,239.6153,0.94541910331384,237.2159
Mallat,1,3942.5252,success,0.9269005847953217,414.7893,0.9093567251461989,394.1452,0.9269005847953217,391.0347,0.9269005847953217,411.1562,0.9093567251461989,359.8983,0.9269005847953217,375.2055,0.9269005847953217,256.4159,0.9093567251461989,241.4359,0.9269005847953217,248.1192,0.9269005847953217,262.4963,0.9093567251461989,233.3187,0.9269005847953217,232.8434
Mallat,2,3989.4006,success,0.9269005847953217,381.307,0.9269005847953217,362.391,0.9269005847953217,355.3331,0.9269005847953217,415.7552,0.9269005847953217,401.3068,0.9269005847953217,371.5891,0.9269005847953217,257.651,0.9093567251461989,259.3668,0.9269005847953217,258.8603,0.9269005847953217,269.6694,0.9093567251461989,259.4281,0.9269005847953217,260.1681
Mallat,3,3965.6813,success,0.8752436647173489,406.7467,0.8567251461988304,364.1621,0.8752436647173489,356.215,0.8752436647173489,384.1216,0.8567251461988304,391.8313,0.8752436647173489,392.5077,0.8752436647173489,266.2562,0.8752436647173489,257.251,0.8752436647173489,256.9533,0.8752436647173489,268.0095,0.8752436647173489,260.3248,0.8752436647173489,238.5761
Mallat,4,3874.5504,success,0.9463937621832358,424.6158,0.9463937621832358,401.932,0.9463937621832358,391.9704,0.9463937621832358,390.2915,0.9463937621832358,374.8454,0.9463937621832358,363.7983,0.9113060428849903,236.6618,0.8927875243664717,241.1281,0.8927875243664717,239.4614,0.9113060428849903,250.5152,0.8927875243664717,221.9314,0.8927875243664717,221.4265
Meat,0,1583.058,success,1.0,149.435,1.0,150.0591,1.0,155.4968,1.0,150.0216,1.0,150.726,1.0,152.9352,1.0,106.7771,1.0,109.2864,1.0,110.5684,1.0,100.4621,1.0,98.3539,1.0,99.542
Meat,1,1558.0298,success,1.0,150.0889,1.0,151.5719,1.0,156.6435,1.0,150.6126,1.0,157.4593,1.0,151.8889,1.0,93.2155,1.0,95.0659,1.0,94.2162,1.0,97.3552,1.0,103.1886,1.0,105.022
Meat,2,1395.891,success,1.0,134.786,1.0,135.6,1.0,141.9083,1.0,135.4474,1.0,135.726,1.0,140.4401,1.0,86.392,1.0,88.3203,1.0,88.9759,1.0,86.0338,1.0,87.8007,1.0,90.3067
Meat,3,1574.0109,success,1.0,160.7329,1.0,150.2213,1.0,142.4191,1.0,137.1838,1.0,138.3847,1.0,142.5047,1.0,93.985,1.0,110.2529,1.0,112.0865,1.0,108.6673,1.0,110.4533,1.0,111.7357
Meat,4,1597.4666,success,1.0,159.6526,1.0,165.6615,1.0,169.3863,1.0,164.1183,1.0,165.2132,1.0,166.8686,1.0,91.095,1.0,92.9937,1.0,94.0226,1.0,91.3381,1.0,95.7841,1.0,94.3758
MedicalImages,0,1173.6638,success,0.7322834645669292,97.2391,0.7244094488188977,97.886,0.732283464566929,97.6041,0.7322834645669292,97.8612,0.7244094488188977,98.0512,0.732283464566929,99.7243,0.7349081364829395,90.544,0.7296587926509185,91.2939,0.7270341207349081,92.3762,0.7349081364829395,90.2802,0.7296587926509185,91.1741,0.7270341207349081,87.7632
MedicalImages,1,1131.9168,success,0.7244094488188976,97.3556,0.7322834645669292,95.2252,0.7244094488188977,98.0826,0.7244094488188976,95.2327,0.7322834645669292,95.9023,0.7244094488188977,95.7591,0.7139107611548555,84.6778,0.7139107611548557,84.576,0.6981627296587926,85.9201,0.7139107611548555,83.8316,0.7139107611548557,84.8626,0.6981627296587926,85.7632
MedicalImages,2,1193.4459,success,0.7191601049868767,99.68,0.7191601049868767,102.1255,0.7139107611548557,102.3897,0.7191601049868767,102.2026,0.7191601049868767,101.6163,0.7139107611548557,102.0466,0.7112860892388452,88.4448,0.7165354330708662,89.8988,0.7112860892388452,90.24,0.7112860892388452,88.6225,0.7165354330708662,89.5628,0.7112860892388452,89.7572
MedicalImages,3,1190.986,success,0.6981627296587926,101.3566,0.7086614173228347,101.2476,0.7165354330708662,101.8105,0.6981627296587926,101.5958,0.7086614173228347,101.3042,0.7165354330708662,102.0528,0.6981627296587926,88.275,0.6981627296587926,89.4931,0.7112860892388451,89.8995,0.6981627296587926,88.2697,0.6981627296587926,89.0721,0.7112860892388451,89.8084
MedicalImages,4,1167.6155,success,0.7270341207349081,101.536,0.7296587926509187,100.23,0.7217847769028872,96.3273,0.7270341207349081,99.3608,0.7296587926509187,99.269,0.7217847769028872,99.6258,0.7191601049868767,86.9837,0.706036745406824,88.0499,0.7139107611548557,87.8994,0.7191601049868767,86.8558,0.706036745406824,87.5232,0.7139107611548557,87.8069
MiddlePhalanxOutlineCorrect,0,1081.828,success,0.8383333333333333,90.0027,0.8283333333333333,92.2024,0.8283333333333333,92.8446,0.8383333333333333,91.8859,0.8283333333333333,92.2438,0.8283333333333333,92.6724,0.84,81.5497,0.8366666666666666,81.3547,0.8466666666666667,81.6536,0.84,81.5935,0.8366666666666666,81.4547,0.8466666666666667,81.7407
MiddlePhalanxOutlineCorrect,1,1066.458,success,0.8183333333333334,91.7278,0.82,90.7724,0.82,89.1652,0.8183333333333334,91.3415,0.82,91.3199,0.82,91.4019,0.8316666666666667,80.5086,0.8233333333333333,80.3018,0.8283333333333333,80.4575,0.8316666666666667,80.5576,0.8233333333333333,80.2995,0.8283333333333333,79.2179
MiddlePhalanxOutlineCorrect,2,1085.0482,success,0.8216666666666667,92.4414,0.8283333333333333,92.786,0.8283333333333335,93.0934,0.8216666666666667,92.7245,0.8283333333333333,92.7411,0.8283333333333335,92.8012,0.8333333333333334,81.1432,0.8283333333333335,81.3082,0.8366666666666666,81.31,0.8333333333333334,81.2345,0.8283333333333335,81.6342,0.8366666666666666,81.6922
MiddlePhalanxOutlineCorrect,3,1017.72,success,0.8183333333333334,92.7516,0.815,85.5879,0.8233333333333333,85.7222,0.8183333333333334,84.8789,0.815,84.6869,0.8233333333333333,85.1649,0.8233333333333333,76.7589,0.8183333333333334,76.3846,0.8250000000000001,76.635,0.8233333333333333,77.1078,0.8183333333333334,76.5029,0.8250000000000001,76.8074
MiddlePhalanxOutlineCorrect,4,1071.0345,success,0.8233333333333333,89.4087,0.8316666666666667,89.4132,0.8316666666666667,89.8715,0.8233333333333333,90.4444,0.8316666666666667,92.7976,0.8316666666666667,94.8478,0.8283333333333333,80.9032,0.8383333333333334,80.6948,0.8316666666666667,78.9686,0.8283333333333333,77.3422,0.8383333333333334,83.1713,0.8316666666666667,82.5337
MiddlePhalanxOutlineAgeGroup,0,669.7337,success,0.8125163655407174,61.3273,0.8075412411626081,57.6702,0.8050349754984475,57.826,0.8125163655407174,57.6624,0.8075412411626081,59.2706,0.8050349754984475,57.8845,0.8100288033516626,48.4495,0.8075225376875023,48.7403,0.8100288033516626,48.6678,0.8100288033516626,48.4217,0.8075225376875023,48.5357,0.8100288033516626,48.5167
MiddlePhalanxOutlineAgeGroup,1,641.2447,success,0.8075412411626081,56.3281,0.8075038342123966,55.8951,0.8100288033516626,55.9868,0.8075412411626081,56.4354,0.8075038342123966,55.7807,0.8100288033516626,55.947,0.8075412411626081,46.7823,0.8025848202596042,47.4502,0.8100475068267684,46.9922,0.8075412411626081,46.7793,0.8025848202596042,46.913,0.8100475068267684,47.3384
MiddlePhalanxOutlineAgeGroup,2,714.7122,success,0.7849848501851643,63.9061,0.7899225676130625,64.1512,0.7849661467100587,64.4887,0.7849848501851643,64.0692,0.7899225676130625,64.2379,0.7849661467100587,64.656,0.7924475367523286,52.0341,0.7774660531926831,51.9756,0.7824598810458983,52.0189,0.7924475367523286,51.5397,0.7774660531926831,50.9898,0.7824598810458983,47.8723
MiddlePhalanxOutlineAgeGroup,3,672.7326,success,0.8148730034040325,58.6689,0.7949350989413834,59.0044,0.7974600680806495,59.2399,0.8148730034040325,58.9042,0.7949350989413834,58.8777,0.7974600680806495,59.1764,0.7874163019489021,48.9825,0.797422661130438,49.2006,0.7924288332772229,48.8812,0.7874163019489021,48.5776,0.797422661130438,48.6637,0.7924288332772229,48.6483
MiddlePhalanxOutlineAgeGroup,4,645.1482,success,0.787472412374219,56.4676,0.7949725058915945,56.0547,0.7924662402274342,56.2897,0.787472412374219,55.9128,0.7949725058915945,55.9928,0.7924662402274342,56.3687,0.79248494370254,47.4449,0.7974787715557551,47.5534,0.79248494370254,47.5484,0.79248494370254,47.4308,0.7974787715557551,47.9428,0.79248494370254,47.4643
MiddlePhalanxTW,0,868.6606,success,0.619047619047619,74.5377,0.6290726817042607,74.9286,0.6215538847117794,74.9047,0.619047619047619,74.5706,0.6290726817042607,74.5872,0.6215538847117794,74.3214,0.6240601503759399,63.9053,0.631578947368421,64.5841,0.6240601503759399,64.6317,0.6240601503759399,64.1058,0.631578947368421,65.2061,0.6240601503759399,65.4353
MiddlePhalanxTW,1,876.1669,success,0.6165413533834587,75.7229,0.6215538847117794,75.9933,0.6190476190476191,76.1011,0.6165413533834587,75.6307,0.6215538847117794,76.3834,0.6190476190476191,75.8315,0.6215538847117794,65.3362,0.6240601503759398,64.9355,0.6240601503759399,63.4553,0.6215538847117794,63.8411,0.6240601503759398,65.0888,0.6240601503759399,65.2929
MiddlePhalanxTW,2,891.8222,success,0.6365914786967419,73.0423,0.6340852130325815,75.4181,0.6290726817042606,79.4104,0.6365914786967419,79.0784,0.6340852130325815,79.2335,0.6290726817042606,79.1133,0.6416040100250626,67.214,0.6340852130325815,67.4763,0.6416040100250627,64.9029,0.6416040100250626,64.1408,0.6340852130325815,64.6686,0.6416040100250627,65.1584
MiddlePhalanxTW,3,860.4122,success,0.6190476190476191,76.196,0.6115288220551378,76.4595,0.6165413533834586,74.3449,0.6190476190476191,75.1313,0.6115288220551378,74.2691,0.6165413533834586,72.8932,0.6140350877192983,62.4509,0.6140350877192983,63.1909,0.619047619047619,62.9218,0.6140350877192983,62.44,0.6140350877192983,63.1023,0.619047619047619,62.9847
MiddlePhalanxTW,4,846.8234,success,0.6190476190476191,73.96,0.6190476190476191,75.6326,0.6240601503759398,74.1857,0.6190476190476191,73.7502,0.6190476190476191,71.353,0.6240601503759398,71.1693,0.6240601503759399,61.9711,0.6315789473684211,62.9441,0.606516290726817,62.63,0.6240601503759399,61.9963,0.6315789473684211,62.7277,0.606516290726817,62.708
MixedShapesRegularTrain,0,10524.1184,success,0.9020513190486498,908.8936,0.9020272707596854,909.53,0.8980232306471395,924.848,0.9020513190486498,925.1137,0.9020272707596854,908.8197,0.8980232306471395,906.8228,0.9060072625832672,780.1106,0.9060192867277492,763.669,0.9060313108722314,762.6164,0.9060072625832672,781.0522,0.9060192867277492,778.972,0.9060313108722314,781.8273
MixedShapesRegularTrain,1,10717.5244,success,0.9020152466152034,918.9959,0.9020032224707212,921.0978,0.909999278551331,935.5755,0.9020152466152034,951.1797,0.9020032224707212,937.5306,0.909999278551331,952.2646,0.9120433831132915,778.1662,0.9100353509847774,770.0412,0.9140393910973234,784.3959,0.9120433831132915,780.076,0.9100353509847774,806.4199,0.9140393910973234,792.7237
MixedShapesRegularTrain,2,10472.3457,success,0.8980232306471395,955.5197,0.9000432869201357,918.0864,0.8900512228554938,904.0652,0.8980232306471395,883.1022,0.9000432869201357,880.1331,0.8900512228554938,902.7827,0.9020513190486495,792.7251,0.9060553591611957,770.9102,0.9040473270326816,769.8564,0.9020513190486495,770.2807,0.9060553591611957,768.4022,0.9040473270326816,776.151
MixedShapesRegularTrain,3,10391.8858,success,0.8960873433855182,892.7329,0.8960873433855182,879.8264,0.9000673352090999,901.2143,0.8960873433855182,905.2405,0.8960873433855182,900.6902,0.9000673352090999,892.9234,0.9020513190486498,761.8459,0.9040593511771639,781.3607,0.8980593030805858,772.6267,0.9020513190486498,770.605,0.9040593511771639,769.0464,0.8980593030805858,777.03
MixedShapesRegularTrain,4,10631.2422,success,0.9060673833056779,921.643,0.9040593511771639,917.338,0.9060553591611957,923.8644,0.9060673833056779,971.6984,0.9040593511771639,917.6027,0.9060553591611957,932.9767,0.9080633912897098,779.3505,0.9060794074501599,777.4821,0.9060794074501599,777.8586,0.9080633912897098,777.9509,0.9060794074501599,774.438,0.9060794074501599,776.0687
MixedShapesSmallTrain,0,4166.5998,success,0.8793820558526441,396.0854,0.869281045751634,397.6157,0.8689839572192514,414.4365,0.8793820558526441,398.0618,0.869281045751634,406.6758,0.8689839572192514,414.2744,0.859180035650624,258.1001,0.869281045751634,268.4273,0.8588829471182412,269.5343,0.859180035650624,261.594,0.869281045751634,269.7395,0.8588829471182412,272.8354
MixedShapesSmallTrain,1,4229.572,success,0.7798573975044564,398.2639,0.809863339275104,419.797,0.7899584076054665,411.9043,0.7798573975044564,393.4901,0.809863339275104,403.1374,0.7899584076054665,377.8068,0.8101604278074866,271.2505,0.8000594177064766,291.5439,0.8101604278074866,294.9453,0.8101604278074866,275.4839,0.8000594177064766,290.6055,0.8101604278074866,293.5245
MixedShapesSmallTrain,2,4271.5337,success,0.7893642305407012,395.6972,0.7994652406417112,431.0598,0.7994652406417112,418.1199,0.7893642305407012,423.299,0.7994652406417112,436.0153,0.7994652406417112,421.256,0.7994652406417112,260.2327,0.8196672608437314,272.9457,0.7994652406417112,267.9084,0.7994652406417112,284.56,0.8196672608437314,276.4689,0.7994652406417112,277.4991
MixedShapesSmallTrain,3,4292.1558,success,0.799762329174094,421.2175,0.7994652406417112,415.6023,0.799762329174094,420.8895,0.799762329174094,404.9731,0.7994652406417112,430.5102,0.799762329174094,416.1817,0.809863339275104,269.5623,0.809863339275104,292.5959,0.809863339275104,295.9641,0.809863339275104,279.4981,0.809863339275104,274.8245,0.809863339275104,269.3746
MixedShapesSmallTrain,4,4021.5396,success,0.8398692810457516,423.8365,0.8398692810457516,421.12,0.8398692810457516,407.5579,0.8398692810457516,417.2419,0.8398692810457516,372.5993,0.8398692810457516,372.6683,0.8597742127153891,239.8207,0.8297682709447415,248.2921,0.8398692810457516,255.2747,0.8597742127153891,245.4381,0.8297682709447415,252.6141,0.8398692810457516,255.6253
MoteStrain,0,307.2813,success,0.746031746031746,34.6265,0.746031746031746,27.8938,0.746031746031746,27.4114,0.746031746031746,34.5999,0.746031746031746,27.1646,0.746031746031746,27.3776,0.6904761904761904,22.9718,0.6904761904761904,18.343,0.746031746031746,18.4315,0.6904761904761904,23.6083,0.6904761904761904,18.0674,0.746031746031746,18.1865
MoteStrain,1,344.1207,success,0.7936507936507936,36.7996,0.7936507936507936,28.3251,0.8492063492063492,28.5029,0.7936507936507936,36.1257,0.7936507936507936,32.291,0.8492063492063492,32.4559,0.8492063492063492,26.7348,0.7936507936507936,21.4213,0.8492063492063492,21.5633,0.8492063492063492,26.7017,0.7936507936507936,21.4493,0.8492063492063492,21.5771
MoteStrain,2,365.4455,success,0.8571428571428571,41.2728,0.8571428571428571,32.8545,0.8571428571428571,32.8773,0.8571428571428571,41.1201,0.8571428571428571,32.6859,0.8571428571428571,32.9303,0.8571428571428571,27.1093,0.8571428571428571,21.7433,0.8571428571428571,21.9189,0.8571428571428571,27.1666,0.8571428571428571,21.6878,0.8571428571428571,21.8213
MoteStrain,3,363.623,success,0.8968253968253969,41.1871,0.8492063492063492,32.7848,0.8015873015873015,32.239,0.8968253968253969,41.287,0.8492063492063492,32.4656,0.8015873015873015,32.7264,0.8492063492063492,27.206,0.8968253968253969,21.6384,0.8492063492063492,21.7723,0.8492063492063492,27.1528,0.8968253968253969,21.2203,0.8492063492063492,21.6578
MoteStrain,4,336.7899,success,0.746031746031746,38.071,0.746031746031746,30.0699,0.746031746031746,30.2712,0.746031746031746,38.6928,0.746031746031746,30.0665,0.746031746031746,30.3129,0.7936507936507936,25.3168,0.7936507936507936,20.2504,0.7936507936507936,20.7264,0.7936507936507936,25.6272,0.7936507936507936,20.2847,0.7936507936507936,20.4425
OliveOil,0,1780.6455,success,0.9333333333333332,188.586,0.9333333333333332,176.809,0.9333333333333332,168.6776,0.9333333333333332,189.6602,0.9333333333333332,177.0511,0.9333333333333332,169.3696,0.9,117.7098,0.9666666666666667,111.9056,0.9,107.1167,0.9,117.6619,0.9666666666666667,113.1461,0.9,107.2974
OliveOil,1,2012.1721,success,0.9,211.6898,0.9,199.5073,0.9,190.934,0.9,212.1659,0.9,199.7539,0.9,190.6428,0.8666666666666667,132.3559,0.9,125.049,0.9,117.7061,0.8666666666666667,129.0149,0.9,122.7451,0.9,117.8923
OliveOil,2,2007.6198,success,0.9,231.9399,0.9,220.0699,0.9,202.7101,0.9,205.9704,0.9,192.7028,0.9,183.0931,0.9,128.8449,0.9333333333333332,120.6741,0.9333333333333332,116.0038,0.9,129.7557,0.9333333333333332,121.2008,0.9333333333333332,116.0382
OliveOil,3,2141.789,success,0.8333333333333334,227.9886,0.8333333333333334,214.2338,0.8333333333333334,205.376,0.8333333333333334,228.379,0.8333333333333334,212.4372,0.8333333333333334,203.3333,0.8333333333333334,140.7449,0.8333333333333334,133.3821,0.8666666666666667,128.3192,0.8333333333333334,140.6851,0.8333333333333334,134.3345,0.8666666666666667,129.1899
OliveOil,4,2046.9371,success,0.8333333333333334,225.5204,0.8333333333333334,199.2808,0.7999999999999999,191.1622,0.8333333333333334,216.5336,0.8333333333333334,200.5248,0.7999999999999999,190.6835,0.8333333333333334,131.6754,0.8333333333333334,123.9559,0.8333333333333334,121.3558,0.8333333333333334,131.3477,0.8333333333333334,126.0497,0.8333333333333334,127.2965
OSULeaf,0,2868.394,success,0.6096788783355948,257.9612,0.6249057741595054,277.1484,0.6048545153022764,272.2511,0.6096788783355948,255.5128,0.6249057741595054,253.4709,0.6048545153022764,261.724,0.6047037539574852,192.1821,0.5995778682345846,192.5869,0.6298055178652193,199.6599,0.6047037539574852,202.3157,0.5995778682345846,207.1564,0.6298055178652193,204.3879
OSULeaf,1,2862.2828,success,0.6446555103271522,247.8083,0.6198552691090004,263.35,0.619930649781396,268.4904,0.6446555103271522,263.2213,0.6198552691090004,267.082,0.619930649781396,267.3647,0.6399065279662294,197.3854,0.6397557666214383,199.6863,0.6647821498567766,198.4227,0.6399065279662294,192.6999,0.6397557666214383,195.0444,0.6647821498567766,209.8748
OSULeaf,2,2785.6133,success,0.6249811548319011,240.4103,0.6148047640584954,244.2816,0.614880144730891,245.6284,0.6249811548319011,246.0949,0.6148047640584954,255.5221,0.614880144730891,260.8402,0.6198552691090004,195.7167,0.6299562792100105,201.736,0.6299562792100105,202.7607,0.6198552691090004,195.6077,0.6299562792100105,202.2027,0.6299562792100105,202.0978
OSULeaf,3,2781.6649,success,0.5998040102517714,248.984,0.5949796472184531,263.139,0.5947535052012664,268.1862,0.5998040102517714,240.8838,0.5949796472184531,240.098,0.5947535052012664,250.8987,0.6100557816975728,190.2226,0.6249057741595054,194.3712,0.6350821649329111,197.5806,0.6100557816975728,193.9626,0.6249057741595054,199.4231,0.6350821649329111,201.4901
OSULeaf,4,2734.2402,success,0.639831147293834,237.5972,0.6450324136891301,242.1173,0.6301070405548016,243.0075,0.639831147293834,259.5676,0.6450324136891301,267.7769,0.6301070405548016,242.7027,0.639981908638625,182.3064,0.6549826624453491,186.9139,0.6600331674958541,189.0975,0.639981908638625,188.5688,0.6549826624453491,200.5387,0.6600331674958541,200.6062
PhalangesOutlinesCorrect,0,3864.1116,success,0.8494444444444444,312.4561,0.8505555555555556,318.206,0.8477777777777779,315.3346,0.8494444444444444,314.9947,0.8505555555555556,312.8815,0.8477777777777779,313.1171,0.8522222222222222,303.2417,0.8505555555555556,302.2076,0.8477777777777779,303.3858,0.8522222222222222,302.696,0.8505555555555556,302.7538,0.8477777777777779,302.567
PhalangesOutlinesCorrect,1,3888.9009,success,0.8433333333333334,311.2051,0.8388888888888889,321.4367,0.8411111111111111,312.2343,0.8433333333333334,309.0742,0.8388888888888889,319.0718,0.8411111111111111,322.9374,0.8450000000000001,309.128,0.84,309.8203,0.84,303.3565,0.8450000000000001,303.6828,0.84,303.9205,0.84,303.252
PhalangesOutlinesCorrect,2,3866.0402,success,0.8444444444444444,316.6343,0.8438888888888889,317.0687,0.8433333333333334,317.5688,0.8444444444444444,314.1147,0.8438888888888889,313.4817,0.8433333333333334,313.8412,0.8438888888888889,300.8915,0.8427777777777777,301.2637,0.8383333333333334,302.0061,0.8438888888888889,301.0501,0.8427777777777777,301.0652,0.8383333333333334,301.9846
PhalangesOutlinesCorrect,3,3883.9162,success,0.8361111111111109,313.347,0.8338888888888888,315.8691,0.831111111111111,317.5444,0.8361111111111109,314.2412,0.8338888888888888,315.3175,0.831111111111111,317.1787,0.8388888888888889,303.238,0.8433333333333334,304.9589,0.8450000000000001,305.2547,0.8388888888888889,304.5263,0.8433333333333334,304.7587,0.8450000000000001,305.2577
PhalangesOutlinesCorrect,4,3844.7961,success,0.8438888888888889,315.0302,0.8433333333333334,316.48,0.8461111111111111,317.5445,0.8438888888888889,309.2971,0.8433333333333334,311.5598,0.8461111111111111,315.6061,0.8505555555555556,303.2702,0.8466666666666667,302.8052,0.8472222222222223,297.3902,0.8505555555555556,293.8775,0.8466666666666667,295.8463,0.8472222222222223,304.8662
Phoneme,0,11959.2898,success,0.12141366718831509,1069.3346,0.11221961398017737,1075.1794,0.12610850286906625,1017.4837,0.12141366718831509,1001.7631,0.11221961398017737,1005.803,0.12610850286906625,1053.1094,0.1307381324986959,869.4163,0.1260432968179447,876.0299,0.1167188315075639,888.3274,0.1307381324986959,869.2807,0.1260432968179447,880.47,0.1167188315075639,889.4743
Phoneme,1,12083.4374,success,0.09826551904016693,1070.9219,0.10282994261867501,1053.8852,0.09350547730829421,1035.9589,0.09826551904016693,1045.0534,0.10282994261867501,1082.3303,0.09350547730829421,1026.0337,0.09350547730829421,860.653,0.0748565466875326,867.7014,0.0841810119979134,872.2912,0.09350547730829421,869.0716,0.0748565466875326,884.1648,0.0841810119979134,888.8861
Phoneme,2,12253.8244,success,0.08398539384454877,1046.1599,0.1118283776734481,1051.2827,0.09337506520605111,1049.8575,0.08398539384454877,1042.8231,0.1118283776734481,1060.4235,0.09337506520605111,1037.7945,0.07935576421491915,866.1817,0.10726395409494001,887.811,0.09330985915492958,897.2167,0.07935576421491915,920.8833,0.10726395409494001,937.4669,0.09330985915492958,912.3763
Phoneme,3,12025.6033,success,0.09800469483568075,1029.5524,0.1260432968179447,1041.8582,0.11189358372456963,1031.3355,0.09800469483568075,1044.2804,0.1260432968179447,1035.2562,0.11189358372456963,1022.2282,0.10739436619718311,845.5201,0.08868022952529996,870.7846,0.10739436619718311,899.365,0.10739436619718311,882.3563,0.08868022952529996,891.3476,0.10739436619718311,892.9872
Phoneme,4,12113.4514,success,0.1121544079290558,1047.0106,0.10269953051643194,1042.8288,0.11208920187793427,1071.2104,0.1121544079290558,1070.3944,0.10269953051643194,1058.2072,0.11208920187793427,1038.6365,0.10739436619718311,869.334,0.12610850286906625,884.4704,0.10276473656755346,891.4298,0.10739436619718311,878.539,0.12610850286906625,892.7696,0.10276473656755346,891.3637
PigAirwayPressure,0,14590.112,success,0.06694677871148459,1347.7731,0.06694677871148459,1367.6392,0.06694677871148459,1329.7909,0.06694677871148459,1321.9005,0.06694677871148459,1305.0788,0.06694677871148459,1314.5838,0.05742296918767507,1008.2485,0.06694677871148459,1001.3538,0.05742296918767507,997.1353,0.05742296918767507,965.1363,0.06694677871148459,986.0204,0.05742296918767507,1046.5237
PigAirwayPressure,1,14760.5558,success,0.05742296918767507,1355.9322,0.05742296918767507,1354.9411,0.05742296918767507,1329.0202,0.05742296918767507,1359.8123,0.05742296918767507,1383.1552,0.05742296918767507,1393.0771,0.05742296918767507,974.8904,0.05742296918767507,1028.1286,0.05742296918767507,1035.5047,0.05742296918767507,1003.052,0.05742296918767507,992.056,0.05742296918767507,1031.2322
PigAirwayPressure,2,14291.9502,success,0.1061624649859944,1342.3298,0.09663865546218486,1302.793,0.07703081232492998,1317.9494,0.1061624649859944,1323.9457,0.09663865546218486,1292.3634,0.07703081232492998,1298.4551,0.06722689075630252,963.7972,0.06722689075630252,993.1567,0.06722689075630252,1030.5552,0.06722689075630252,983.8883,0.06722689075630252,955.8277,0.06722689075630252,939.415
PigAirwayPressure,3,14246.4472,success,0.12549019607843137,1331.2754,0.11596638655462184,1321.5668,0.12549019607843137,1338.9816,0.12549019607843137,1321.0218,0.11596638655462184,1332.3479,0.12549019607843137,1320.0973,0.11596638655462184,1034.6585,0.11596638655462184,1001.3761,0.10644257703081232,1028.2443,0.11596638655462184,999.014,0.11596638655462184,1010.4178,0.10644257703081232,690.6227
PigAirwayPressure,4,14601.2855,success,0.06722689075630252,1277.4211,0.07675070028011205,1276.6635,0.06722689075630252,1286.0521,0.06722689075630252,1420.811,0.07675070028011205,1312.2005,0.06722689075630252,1314.6043,0.06722689075630252,1021.9744,0.07675070028011205,1041.5595,0.06722689075630252,1042.4795,0.06722689075630252,1018.4236,0.07675070028011205,1055.1808,0.06722689075630252,1031.3492
PigArtPressure,0,14218.5844,success,0.09635854341736694,1369.805,0.0773109243697479,1387.6105,0.0773109243697479,1265.8889,0.09635854341736694,1261.7482,0.0773109243697479,1298.3777,0.0773109243697479,1306.5489,0.0773109243697479,977.2008,0.0868347338935574,1011.3535,0.06778711484593837,994.7299,0.0773109243697479,999.5533,0.0868347338935574,1008.2735,0.06778711484593837,785.9033
PigArtPressure,1,14367.1375,success,0.12464985994397759,1414.0658,0.12492997198879552,1375.2703,0.11540616246498599,1355.9409,0.12464985994397759,1333.9572,0.12492997198879552,1321.2838,0.11540616246498599,1343.2813,0.10560224089635854,1002.1308,0.12492997198879552,1019.4215,0.12492997198879552,1042.9527,0.10560224089635854,1014.3066,0.12492997198879552,1011.4786,0.12492997198879552,777.9681
PigArtPressure,2,14157.9088,success,0.11512605042016806,1280.8365,0.11512605042016806,1277.8725,0.10560224089635854,1294.4499,0.11512605042016806,1280.9388,0.11512605042016806,1267.5942,0.10560224089635854,1310.4382,0.12492997198879552,1009.0428,0.10532212885154062,1005.6059,0.10532212885154062,1044.7753,0.12492997198879552,1008.5101,0.10532212885154062,1004.0429,0.10532212885154062,984.3312
PigArtPressure,3,14437.6628,success,0.08655462184873951,1373.4739,0.09607843137254903,1336.7063,0.08655462184873951,1356.5333,0.08655462184873951,1335.8379,0.09607843137254903,1272.503,0.08655462184873951,1331.0295,0.09607843137254903,1014.2973,0.09607843137254903,1031.8864,0.10588235294117647,1051.6404,0.09607843137254903,1007.4035,0.09607843137254903,1001.8391,0.10588235294117647,975.1949
PigArtPressure,4,14354.3601,success,0.14453781512605043,1461.9427,0.14453781512605043,1415.2925,0.14453781512605043,1348.5661,0.14453781512605043,1324.8888,0.14453781512605043,1304.5638,0.14453781512605043,1316.0433,0.14453781512605043,982.8686,0.13473389355742296,995.0242,0.13473389355742296,1005.0509,0.14453781512605043,975.2783,0.13473389355742296,982.7218,0.13473389355742296,891.6408
PigCVP,0,14206.8478,success,0.009523809523809523,1405.0033,0.009523809523809523,1289.1983,0.009523809523809523,1265.3055,0.009523809523809523,1247.7933,0.009523809523809523,1261.8817,0.009523809523809523,1313.6791,0.009523809523809523,1017.4682,0.009523809523809523,1004.2406,0.009523809523809523,994.0867,0.009523809523809523,1020.5033,0.009523809523809523,1004.9141,0.009523809523809523,802.6695
PigCVP,1,14725.5453,success,0.04817927170868347,1385.3256,0.0484593837535014,1343.2635,0.03865546218487395,1389.5766,0.04817927170868347,1312.7974,0.0484593837535014,1318.3808,0.03865546218487395,1342.3805,0.038375350140056025,1009.0749,0.04817927170868347,1069.5782,0.038375350140056025,1098.6911,0.038375350140056025,1027.1859,0.04817927170868347,893.5864,0.038375350140056025,1023.3937
PigCVP,2,14082.4722,success,0.019047619047619046,1417.4519,0.038375350140056025,1338.424,0.028851540616246497,1406.8833,0.019047619047619046,1393.9662,0.038375350140056025,1275.9933,0.028851540616246497,1301.8475,0.028851540616246497,1011.6047,0.028851540616246497,1018.4523,0.02857142857142857,1042.4276,0.028851540616246497,1023.6485,0.028851540616246497,874.0226,0.02857142857142857,616.4908
PigCVP,3,14390.5818,success,0.019047619047619046,1387.989,0.019047619047619046,1334.4421,0.019047619047619046,1331.2919,0.019047619047619046,1342.8388,0.019047619047619046,1361.0163,0.019047619047619046,1376.9518,0.019047619047619046,1009.7853,0.019047619047619046,1023.8122,0.019047619047619046,1038.687,0.019047619047619046,1011.1888,0.019047619047619046,935.4118,0.019047619047619046,742.7367
PigCVP,4,14572.0253,success,0.02857142857142857,1336.7748,0.02857142857142857,1366.3653,0.019047619047619046,1340.5235,0.02857142857142857,1338.5587,0.02857142857142857,1309.9107,0.019047619047619046,1308.1259,0.02857142857142857,989.3648,0.019047619047619046,1018.6143,0.019047619047619046,1044.67,0.02857142857142857,1001.0428,0.019047619047619046,997.7738,0.019047619047619046,972.3367
Plane,0,686.9971,success,0.9619047619047619,64.291,0.9619047619047619,65.4271,0.9619047619047619,66.3389,0.9619047619047619,64.4529,0.9619047619047619,65.5455,0.9619047619047619,66.2491,0.9619047619047619,44.7049,0.9619047619047619,45.557,0.9619047619047619,45.9908,0.9619047619047619,44.7827,0.9619047619047619,45.4729,0.9619047619047619,45.9689
Plane,1,698.8953,success,1.0,65.4894,1.0,66.5152,1.0,67.6086,1.0,65.3348,1.0,66.683,1.0,67.5003,1.0,45.4436,1.0,46.238,1.0,46.8725,1.0,45.521,1.0,46.3808,1.0,46.8699
Plane,2,595.7525,success,0.9904761904761905,56.9658,0.9904761904761905,58.1665,0.9904761904761905,60.6231,0.9904761904761905,61.1331,0.9904761904761905,50.0301,0.9904761904761905,55.9668,0.9714285714285715,38.0955,0.9714285714285715,39.068,0.9904761904761905,39.9697,0.9714285714285715,38.129,0.9714285714285715,38.935,0.9904761904761905,39.5285
Plane,3,576.8813,success,0.9714285714285714,53.6263,1.0,54.4504,1.0,55.0959,0.9714285714285714,53.5,1.0,55.2268,1.0,55.0513,0.9904761904761905,37.597,0.9904761904761905,38.5079,0.9904761904761905,39.0686,0.9904761904761905,37.5787,0.9904761904761905,38.5117,0.9904761904761905,39.0451
Plane,4,683.0302,success,0.9904761904761905,64.5626,0.980952380952381,65.6602,1.0,66.593,0.9904761904761905,64.8118,0.980952380952381,65.4916,1.0,66.5411,0.9904761904761905,44.9402,0.9904761904761905,45.6511,0.9904761904761905,46.1658,0.9904761904761905,44.2497,0.9904761904761905,43.5944,0.9904761904761905,43.259
PowerCons,0,567.3746,success,1.0,53.4167,1.0,53.0982,1.0,53.2274,1.0,53.4269,1.0,53.214,1.0,53.2114,0.9944444444444445,37.6039,0.9944444444444445,38.4529,0.9944444444444445,38.396,0.9944444444444445,37.6307,0.9944444444444445,38.3708,0.9944444444444445,38.5026
PowerCons,1,628.0901,success,0.9833333333333334,59.1546,0.9777777777777779,59.2318,0.9777777777777779,59.4532,0.9833333333333334,60.676,0.9777777777777779,59.6883,0.9777777777777779,59.2474,0.9833333333333334,40.9504,0.9833333333333334,42.0256,0.9833333333333334,42.0074,0.9833333333333334,41.0945,0.9833333333333334,41.9062,0.9833333333333334,42.0524
PowerCons,2,557.6136,success,0.9833333333333334,52.9938,0.9833333333333334,52.7294,0.9833333333333334,52.7644,0.9833333333333334,53.6994,0.9833333333333334,52.545,0.9833333333333334,52.6372,0.9944444444444445,37.1907,0.9944444444444445,37.9463,0.9944444444444445,37.9134,0.9944444444444445,37.1731,0.9944444444444445,37.8991,0.9944444444444445,37.8306
PowerCons,3,592.2577,success,0.9944444444444445,54.6382,0.9944444444444445,53.9227,0.9944444444444445,54.0195,0.9944444444444445,55.5542,0.9944444444444445,56.2529,0.9944444444444445,56.6051,0.9944444444444445,39.3354,0.9944444444444445,42.3325,0.9888888888888889,40.1789,0.9944444444444445,39.3515,0.9944444444444445,40.0622,0.9888888888888889,40.2372
PowerCons,4,607.512,success,1.0,59.4127,1.0,58.4228,1.0,56.8399,1.0,56.7748,1.0,56.6633,1.0,56.8832,0.9888888888888889,40.3891,0.9944444444444445,41.4154,0.9944444444444445,40.417,0.9888888888888889,39.4855,0.9944444444444445,40.4226,0.9944444444444445,40.5061
ProximalPhalanxOutlineCorrect,0,992.1717,success,0.8783333333333333,84.1734,0.875,83.366,0.8716666666666667,83.8069,0.8783333333333333,84.9875,0.875,83.7001,0.8716666666666667,84.2137,0.8850000000000001,74.5653,0.8816666666666667,74.2714,0.8816666666666667,74.3849,0.8850000000000001,75.6551,0.8816666666666667,75.8116,0.8816666666666667,75.3273
ProximalPhalanxOutlineCorrect,1,1015.7537,success,0.8783333333333334,86.7122,0.8733333333333334,87.3048,0.88,87.1043,0.8783333333333334,86.5334,0.8733333333333334,87.0887,0.88,86.887,0.88,75.5296,0.8783333333333334,76.4432,0.8783333333333333,75.7638,0.88,75.6124,0.8783333333333334,75.224,0.8783333333333333,75.2676
ProximalPhalanxOutlineCorrect,2,957.3274,success,0.8700000000000001,84.2985,0.8683333333333333,85.3445,0.8666666666666666,80.6476,0.8700000000000001,80.3566,0.8683333333333333,80.8708,0.8666666666666666,81.0217,0.87,71.6724,0.8799999999999999,71.3072,0.87,71.4371,0.87,71.5639,0.8799999999999999,71.2903,0.87,71.3796
ProximalPhalanxOutlineCorrect,3,1010.2004,success,0.8816666666666667,86.6588,0.8816666666666667,86.9022,0.8833333333333333,87.6922,0.8816666666666667,86.7363,0.8816666666666667,86.9715,0.8833333333333333,87.5558,0.88,75.5881,0.8850000000000001,75.3697,0.8783333333333333,75.9156,0.88,76.0447,0.8850000000000001,74.1708,0.8783333333333333,73.8175
ProximalPhalanxOutlineCorrect,4,991.6513,success,0.8716666666666667,88.9878,0.8683333333333333,88.9411,0.8649999999999999,89.0108,0.8716666666666667,85.287,0.8683333333333333,84.3843,0.8649999999999999,84.7167,0.8783333333333333,74.5669,0.875,72.8901,0.88,71.5617,0.8783333333333333,71.5508,0.875,71.5402,0.88,71.7321
ProximalPhalanxOutlineAgeGroup,0,637.2803,success,0.8323607526278383,54.5715,0.8248793625855684,56.1368,0.8249167695357799,56.2509,0.8323607526278383,57.1299,0.8248793625855684,56.231,0.8249167695357799,56.0935,0.8274230351999402,46.8586,0.8223918003965136,46.9799,0.8323794561029438,46.9298,0.8274230351999402,46.8518,0.8223918003965136,46.3187,0.8323794561029438,45.6183
ProximalPhalanxOutlineAgeGroup,1,646.7455,success,0.8400852878464818,56.5565,0.8326038978042121,56.5401,0.8325851943291064,56.465,0.8400852878464818,56.4799,0.8326038978042121,55.8575,0.8325851943291064,55.946,0.840066584371376,46.9438,0.8351288669434781,47.068,0.8350914599932667,47.1162,0.840066584371376,46.9287,0.8351288669434781,48.9305,0.8350914599932667,47.3587
ProximalPhalanxOutlineAgeGroup,2,635.3761,success,0.8399730669958477,54.3813,0.8375042082818988,54.2255,0.8375229117570044,54.1098,0.8399730669958477,54.3606,0.8375042082818988,54.1014,0.8375229117570044,55.2426,0.8400104739460592,47.5387,0.8324916769535781,47.6931,0.8349979426177384,47.7898,0.8400104739460592,47.4071,0.8324916769535781,47.7237,0.8349979426177384,48.134
ProximalPhalanxOutlineAgeGroup,3,665.5866,success,0.8475292709385404,53.642,0.8525230987917555,59.2482,0.8475292709385404,60.2159,0.8475292709385404,60.0798,0.8525230987917555,60.1381,0.8475292709385404,60.2147,0.8475479744136459,49.3672,0.8450604122245914,48.5364,0.852541802266861,47.7485,0.8475479744136459,47.6051,0.8450604122245914,48.921,0.852541802266861,47.8355
ProximalPhalanxOutlineAgeGroup,4,622.3811,success,0.839842142670108,54.232,0.8373171735308421,54.4048,0.8323046422025211,54.3152,0.839842142670108,54.1756,0.8373171735308421,55.2284,0.8323046422025211,54.1823,0.8423110013840572,45.6134,0.834848314816893,45.7165,0.8298357834885722,45.6894,0.8423110013840572,45.6943,0.834848314816893,45.8051,0.8298357834885722,45.7536
ProximalPhalanxTW,0,716.9566,success,0.8425541465604308,64.6591,0.8425354430853252,62.9973,0.8450791156996971,62.2752,0.8425541465604308,61.4863,0.8425354430853252,62.7539,0.8450791156996971,62.0668,0.8375790221823215,50.8915,0.8350540530430554,52.7746,0.8375603187072157,52.7677,0.8375790221823215,50.9523,0.8350540530430554,52.3121,0.8375603187072157,53.4436
ProximalPhalanxTW,1,723.7754,success,0.8475292709385404,62.7239,0.8475292709385404,64.4388,0.8550106609808102,63.4251,0.8475292709385404,62.4413,0.8475292709385404,63.0792,0.8550106609808102,63.311,0.8500542400778065,50.9606,0.8500355366027007,52.1376,0.8550106609808102,52.3849,0.8500542400778065,51.9057,0.8500355366027007,53.7764,0.8550106609808102,54.3262
ProximalPhalanxTW,2,746.5915,success,0.8224292073467249,65.6847,0.8174353794935098,66.1149,0.8249354730108854,66.535,0.8224292073467249,65.4636,0.8174353794935098,65.8723,0.8249354730108854,65.9911,0.8249541764859911,53.0983,0.8224292073467251,54.7616,0.8199229416825645,54.8306,0.8249541764859911,53.2155,0.8224292073467251,54.6059,0.8199229416825645,54.904
ProximalPhalanxTW,3,680.3405,success,0.835016646092844,58.6273,0.8325103804286836,59.1557,0.8400291774211649,59.683,0.835016646092844,58.5586,0.8325103804286836,58.9046,0.8400291774211649,59.2287,0.8375229117570044,48.6821,0.8375042082818988,50.1872,0.8400104739460592,50.5156,0.8375229117570044,48.929,0.8375042082818988,50.1215,0.8400104739460592,50.459
ProximalPhalanxTW,4,761.4628,success,0.8249728799610967,66.7487,0.834960535667527,67.2402,0.8324542700033666,67.5279,0.8249728799610967,66.5477,0.834960535667527,67.0656,0.8324542700033666,67.1712,0.8349792391426326,54.6726,0.8324729734784723,55.8853,0.8249541764859911,56.2968,0.8349792391426326,54.4144,0.8324729734784723,55.8839,0.8249541764859911,56.2702
RefrigerationDevices,0,6626.2263,success,0.616,581.2846,0.6266666666666666,580.9202,0.6213333333333333,582.3117,0.616,565.8003,0.6266666666666666,570.8342,0.6213333333333333,563.5988,0.6266666666666666,486.6736,0.6106666666666667,487.7736,0.616,487.4361,0.6266666666666666,486.0277,0.6106666666666667,484.3812,0.616,483.4334
RefrigerationDevices,1,6845.0333,success,0.6133333333333333,588.1056,0.6106666666666666,581.4139,0.6213333333333333,594.2369,0.6133333333333333,596.0629,0.6106666666666666,590.0131,0.6213333333333333,595.3402,0.6133333333333333,513.0167,0.6293333333333333,515.113,0.608,509.989,0.6133333333333333,505.4517,0.6293333333333333,502.1285,0.608,501.7933
RefrigerationDevices,2,6865.6513,success,0.6213333333333333,591.1092,0.64,597.4356,0.64,597.669,0.6213333333333333,600.8175,0.64,590.2872,0.64,600.6915,0.632,514.1605,0.6133333333333333,515.0233,0.6106666666666666,504.8933,0.632,492.7284,0.6133333333333333,493.9442,0.6106666666666666,495.7859
RefrigerationDevices,3,6882.2906,success,0.624,590.6858,0.6000000000000001,604.6787,0.624,611.2421,0.624,611.9926,0.6000000000000001,615.8886,0.624,571.4804,0.624,493.503,0.6106666666666668,495.6754,0.6080000000000001,493.3743,0.624,500.0777,0.6106666666666668,516.0459,0.6080000000000001,506.5288
RefrigerationDevices,4,6768.0425,success,0.6,595.9631,0.6,587.9316,0.6053333333333333,589.1107,0.6,589.3304,0.6,585.4407,0.6053333333333333,586.1102,0.608,502.3577,0.5973333333333333,502.3071,0.6106666666666666,501.3634,0.608,493.8244,0.5973333333333333,492.7065,0.6106666666666666,493.1983
Rock,0,10091.604,success,0.8015873015873015,1184.688,0.8015873015873015,1027.6857,0.753968253968254,910.01,0.8015873015873015,1242.4909,0.8015873015873015,1015.8514,0.753968253968254,851.4285,0.8015873015873015,651.2729,0.8015873015873015,577.9388,0.8015873015873015,533.4051,0.8015873015873015,690.7507,0.8015873015873015,607.2618,0.8015873015873015,498.4979
Rock,1,9728.6888,success,0.6111111111111112,1108.8968,0.6111111111111112,913.2461,0.5634920634920635,921.3621,0.6111111111111112,1199.903,0.6111111111111112,970.551,0.5634920634920635,876.3726,0.6666666666666666,701.6217,0.7142857142857143,586.8269,0.7142857142857143,555.1782,0.6666666666666666,649.0969,0.7142857142857143,552.722,0.7142857142857143,508.1062
Rock,2,10023.6536,success,0.8492063492063492,1167.1808,0.8015873015873015,984.6755,0.7857142857142857,895.0428,0.8492063492063492,1275.8762,0.8015873015873015,978.5611,0.7857142857142857,812.951,0.8412698412698413,640.0594,0.7936507936507936,603.2866,0.6904761904761904,499.5271,0.8412698412698413,686.9906,0.7936507936507936,622.9553,0.6904761904761904,539.3706
Rock,3,9790.2314,success,0.6031746031746031,1203.1913,0.5555555555555555,967.4722,0.5555555555555555,859.2475,0.6031746031746031,1108.7368,0.5555555555555555,873.4902,0.5555555555555555,886.5575,0.6031746031746031,659.2768,0.6507936507936507,591.4157,0.6507936507936507,581.4615,0.6031746031746031,695.4416,0.6507936507936507,646.7179,0.6507936507936507,548.3573
Rock,4,9680.2141,success,0.6587301587301587,1058.8604,0.7063492063492064,975.9366,0.753968253968254,880.5705,0.6587301587301587,1136.0742,0.7063492063492064,1000.6823,0.753968253968254,817.7845,0.7063492063492064,634.5463,0.753968253968254,560.1216,0.7063492063492064,513.352,0.7063492063492064,657.4546,0.753968253968254,594.8209,0.7063492063492064,561.7653
ScreenType,0,6793.1935,success,0.4533333333333333,599.7636,0.4613333333333333,599.6115,0.4613333333333333,598.6603,0.4533333333333333,612.8538,0.4613333333333333,593.1388,0.4613333333333333,594.3163,0.46399999999999997,493.2063,0.47733333333333333,490.6651,0.4693333333333333,488.9227,0.46399999999999997,489.4727,0.47733333333333333,492.4201,0.4693333333333333,493.4312
ScreenType,1,6782.4187,success,0.4693333333333333,582.0271,0.48,601.9062,0.48266666666666663,608.9256,0.4693333333333333,585.5219,0.48,584.63,0.48266666666666663,625.7127,0.49333333333333335,511.462,0.4586666666666666,489.8185,0.48533333333333334,493.717,0.49333333333333335,482.4385,0.4586666666666666,486.6621,0.48533333333333334,485.6529
ScreenType,2,6733.2303,success,0.4586666666666666,580.1222,0.4506666666666666,577.6188,0.4533333333333333,583.8344,0.4586666666666666,620.0085,0.4506666666666666,621.5295,0.4533333333333333,601.0181,0.44799999999999995,487.6501,0.4613333333333333,486.9495,0.472,487.986,0.44799999999999995,481.5308,0.4613333333333333,475.5016,0.472,486.0317
ScreenType,3,6627.2149,success,0.4506666666666666,567.5404,0.4346666666666667,566.2761,0.4426666666666667,567.0437,0.4506666666666666,575.0366,0.4346666666666667,586.786,0.4426666666666667,582.6375,0.4506666666666666,485.2605,0.4346666666666667,486.0139,0.45599999999999996,485.1914,0.4506666666666666,494.8833,0.4346666666666667,494.2082,0.45599999999999996,491.1149
ScreenType,4,6637.922,success,0.424,590.3768,0.4026666666666667,588.1249,0.408,582.7848,0.424,572.7432,0.4026666666666667,573.1452,0.408,576.0015,0.4266666666666667,490.2012,0.41333333333333333,490.773,0.39999999999999997,483.7598,0.4266666666666667,484.7372,0.41333333333333333,480.111,0.39999999999999997,483.0415
SemgHandGenderCh2,0,8872.4753,success,0.9233333333333333,794.5836,0.93,791.4098,0.92,790.2421,0.9233333333333333,790.5169,0.93,788.1298,0.92,787.1978,0.9266666666666666,615.1219,0.93,626.4294,0.94,637.496,0.9266666666666666,640.3503,0.93,638.9173,0.94,667.5419
SemgHandGenderCh2,1,8871.3171,success,0.9266666666666667,784.3278,0.9333333333333332,771.2585,0.9400000000000001,772.1989,0.9266666666666667,775.5866,0.9333333333333332,772.9128,0.9400000000000001,864.9329,0.9533333333333335,659.9587,0.94,632.4759,0.9533333333333333,627.4739,0.9533333333333335,634.9475,0.94,645.1983,0.9533333333333333,643.0759
SemgHandGenderCh2,2,8821.0887,success,0.9166666666666666,815.8738,0.93,780.0261,0.91,818.1133,0.9166666666666666,800.1396,0.93,797.936,0.91,801.4819,0.9266666666666666,622.7879,0.9366666666666665,622.3618,0.9266666666666667,616.1744,0.9266666666666666,608.0767,0.9366666666666665,625.4138,0.9266666666666667,625.7165
SemgHandGenderCh2,3,8975.8421,success,0.9233333333333333,826.5914,0.9233333333333333,822.0681,0.92,850.4107,0.9233333333333333,882.3755,0.9233333333333333,796.8169,0.92,806.9419,0.9366666666666665,620.1781,0.93,611.7263,0.9400000000000001,618.8444,0.9366666666666665,616.6679,0.93,620.9617,0.9400000000000001,617.6391
SemgHandGenderCh2,4,8994.7956,success,0.9266666666666667,801.1498,0.9133333333333334,823.4647,0.9199999999999999,825.0936,0.9266666666666667,838.889,0.9133333333333334,784.2973,0.9199999999999999,807.5906,0.9433333333333334,626.8906,0.94,630.6639,0.9466666666666667,628.6493,0.9433333333333334,650.1135,0.94,644.806,0.9466666666666667,634.0345
SemgHandMovementCh2,0,15283.5783,success,0.5822222222222222,1523.0689,0.5933333333333334,1489.7822,0.5755555555555555,1478.2833,0.5822222222222222,1455.9762,0.5933333333333334,1459.0317,0.5755555555555555,1468.6236,0.5666666666666665,1300.8667,0.5911111111111111,1277.6377,0.5933333333333334,1072.3155,0.5666666666666665,786.071,0.5911111111111111,782.3881,0.5933333333333334,770.3291
SemgHandMovementCh2,1,15526.2917,success,0.6022222222222222,1467.2437,0.5977777777777779,1473.1647,0.5844444444444444,1492.721,0.6022222222222222,1481.6475,0.5977777777777779,1484.7185,0.5844444444444444,1494.7985,0.5977777777777779,1298.4967,0.6044444444444445,1336.0406,0.6177777777777779,1211.9903,0.5977777777777779,858.5479,0.6044444444444445,786.7022,0.6177777777777779,767.1928
SemgHandMovementCh2,2,15606.8593,success,0.6133333333333334,1574.9055,0.6,1589.5487,0.6177777777777779,1496.1485,0.6133333333333334,1496.2469,0.6,1526.7169,0.6177777777777779,1510.8079,0.6022222222222222,1290.122,0.6177777777777778,1292.2027,0.6177777777777779,1118.5419,0.6022222222222222,783.8761,0.6177777777777778,783.2636,0.6177777777777779,752.739
SemgHandMovementCh2,3,15219.6622,success,0.6022222222222222,1583.1286,0.5888888888888889,1559.6885,0.5911111111111111,1505.595,0.6022222222222222,1494.4626,0.5888888888888889,1499.8836,0.5911111111111111,1489.6234,0.6066666666666666,1292.7665,0.6222222222222222,1263.2801,0.611111111111111,809.0623,0.6066666666666666,788.1788,0.6222222222222222,780.0466,0.611111111111111,769.6952
SemgHandMovementCh2,4,15156.6924,success,0.6133333333333333,1511.2642,0.5933333333333333,1530.0166,0.5911111111111111,1527.3891,0.6133333333333333,1511.2242,0.5933333333333333,1537.898,0.5911111111111111,1580.6352,0.6022222222222222,1290.948,0.6088888888888889,1145.3766,0.6266666666666666,807.2102,0.6022222222222222,786.3894,0.6088888888888889,784.2433,0.6266666666666666,768.404
SemgHandSubjectCh2,0,14503.9931,success,0.8355555555555556,1422.5552,0.8333333333333334,1441.3761,0.8288888888888889,1421.8008,0.8355555555555556,1400.5414,0.8333333333333334,1382.1084,0.8288888888888889,1428.936,0.8555555555555556,1268.2485,0.8488888888888889,1236.642,0.8666666666666666,873.686,0.8555555555555556,761.2913,0.8488888888888889,745.7378,0.8666666666666666,743.1387
SemgHandSubjectCh2,1,14566.248,success,0.851111111111111,1408.4581,0.8533333333333334,1349.3352,0.8577777777777778,1391.0627,0.851111111111111,1394.5719,0.8533333333333334,1387.8503,0.8577777777777778,1398.2052,0.8755555555555555,1204.139,0.8755555555555556,1198.882,0.8533333333333334,984.5443,0.8755555555555555,868.2842,0.8755555555555556,869.7698,0.8533333333333334,742.1724
SemgHandSubjectCh2,2,15012.7926,success,0.8355555555555556,1416.1706,0.8266666666666667,1448.4492,0.8444444444444444,1424.0436,0.8355555555555556,1403.3178,0.8266666666666667,1399.1178,0.8444444444444444,1456.7866,0.8555555555555556,1273.3215,0.8422222222222223,1196.7905,0.8555555555555556,1158.315,0.8555555555555556,978.0748,0.8422222222222223,751.4624,0.8555555555555556,736.2047
SemgHandSubjectCh2,3,14943.9933,success,0.8355555555555556,1445.0928,0.8422222222222221,1440.5256,0.8377777777777777,1417.5233,0.8355555555555556,1418.3312,0.8422222222222221,1406.1403,0.8377777777777777,1397.5058,0.8488888888888889,1225.0275,0.8533333333333334,1224.2493,0.8711111111111111,1217.7763,0.8488888888888889,884.7142,0.8533333333333334,765.8883,0.8711111111111111,740.1622
SemgHandSubjectCh2,4,14626.5193,success,0.831111111111111,1394.9783,0.84,1434.1662,0.8444444444444444,1389.029,0.831111111111111,1371.9578,0.84,1358.9102,0.8444444444444444,1421.8488,0.8533333333333334,1258.2571,0.86,1221.9786,0.86,1033.8349,0.8533333333333334,880.9689,0.86,747.7273,0.86,744.1675
ShapeletSim,0,1705.2886,success,0.6507936507936507,198.0992,0.8095238095238094,158.172,0.8015873015873015,161.6868,0.6507936507936507,200.3213,0.8095238095238094,152.7841,0.8015873015873015,154.7428,0.6031746031746031,122.4923,0.5,97.0817,0.5476190476190476,96.0841,0.6031746031746031,122.8518,0.5,97.045,0.5476190476190476,95.9657
ShapeletSim,1,1762.4566,success,0.6587301587301587,220.7341,0.7063492063492064,172.0867,0.6984126984126985,172.487,0.6587301587301587,207.3375,0.7063492063492064,145.5311,0.6984126984126985,155.027,0.5476190476190476,125.3102,0.6111111111111112,96.4885,0.6111111111111112,98.778,0.5476190476190476,125.2412,0.6111111111111112,96.38,0.6111111111111112,96.9564
ShapeletSim,2,1680.0206,success,0.7063492063492064,196.2675,0.753968253968254,154.8436,0.753968253968254,151.8228,0.7063492063492064,196.6447,0.753968253968254,151.456,0.753968253968254,155.2752,0.6031746031746031,121.6441,0.6587301587301587,94.4097,0.6587301587301587,95.1093,0.6031746031746031,122.493,0.6587301587301587,96.9055,0.6587301587301587,95.0933
ShapeletSim,3,1690.8753,success,0.753968253968254,200.0644,0.753968253968254,151.6317,0.7063492063492064,152.459,0.753968253968254,200.1543,0.753968253968254,152.2789,0.7063492063492064,152.9291,0.5396825396825397,125.6632,0.6031746031746031,95.0344,0.6507936507936507,95.9358,0.5396825396825397,122.4045,0.6031746031746031,95.1564,0.6507936507936507,99.1307
ShapeletSim,4,1697.8246,success,0.6111111111111112,182.3994,0.5079365079365079,140.9348,0.5634920634920635,138.1273,0.6111111111111112,203.2896,0.5079365079365079,162.6682,0.5634920634920635,162.9934,0.6031746031746031,129.9063,0.41269841269841273,99.3623,0.5555555555555555,106.4099,0.6031746031746031,135.4909,0.41269841269841273,93.5019,0.5555555555555555,95.6712
ShapesAll,0,16257.7001,success,0.7283333333333334,1699.0689,0.73,1685.9855,0.7333333333333334,1682.4183,0.7283333333333334,1686.7576,0.73,1705.85,0.7333333333333334,1715.5152,0.7383333333333333,1355.8217,0.7383333333333333,922.5859,0.735,923.364,0.7383333333333333,892.5783,0.7383333333333333,828.8978,0.735,767.2874
ShapesAll,1,16333.735,success,0.735,1719.9109,0.7383333333333333,1698.8839,0.7400000000000001,1720.514,0.735,1698.338,0.7383333333333333,1701.7921,0.7400000000000001,1694.8101,0.7466666666666667,1389.4291,0.7416666666666667,926.9713,0.7399999999999999,927.1485,0.7466666666666667,887.1791,0.7416666666666667,813.9852,0.7399999999999999,768.875
ShapesAll,2,16051.501,success,0.7266666666666667,1708.3655,0.7266666666666666,1707.5711,0.7166666666666667,1695.3135,0.7266666666666667,1715.3195,0.7266666666666666,1700.9163,0.7166666666666667,1689.8317,0.7166666666666667,1073.5269,0.73,923.3356,0.7133333333333333,922.7415,0.7166666666666667,900.0557,0.73,842.9691,0.7133333333333333,775.6511
ShapesAll,3,16396.6684,success,0.7433333333333333,1714.997,0.7466666666666667,1695.3919,0.7399999999999999,1702.5145,0.7433333333333333,1705.6525,0.7466666666666667,1702.5794,0.7399999999999999,1690.088,0.7433333333333333,1488.2977,0.7483333333333334,925.319,0.7516666666666666,924.2061,0.7433333333333333,882.6817,0.7483333333333334,808.0823,0.7516666666666666,767.7115
ShapesAll,4,16513.0399,success,0.73,1748.7225,0.7266666666666666,1738.2034,0.73,1730.8382,0.73,1723.2135,0.7266666666666666,1741.6126,0.73,1693.7654,0.7433333333333333,1537.5527,0.73,925.6181,0.7283333333333334,918.8436,0.7433333333333333,841.47,0.73,776.0357,0.7283333333333334,761.3119
SmallKitchenAppliances,0,6328.7916,success,0.6826666666666666,562.5672,0.6613333333333333,543.5586,0.6453333333333333,556.8798,0.6826666666666666,584.2166,0.6613333333333333,571.0594,0.6453333333333333,551.3386,0.6933333333333334,453.8278,0.6906666666666667,455.9777,0.6773333333333333,460.4749,0.6933333333333334,441.6063,0.6906666666666667,455.9601,0.6773333333333333,465.3886
SmallKitchenAppliances,1,6377.0509,success,0.6666666666666666,557.6152,0.6666666666666666,548.6742,0.6666666666666666,585.8753,0.6666666666666666,578.7549,0.6666666666666666,571.3268,0.6666666666666666,555.4471,0.672,449.8592,0.672,457.1583,0.6746666666666666,464.1437,0.672,445.6932,0.672,461.2487,0.6746666666666666,464.6414
SmallKitchenAppliances,2,6295.5862,success,0.6373333333333333,551.6697,0.6293333333333333,585.0421,0.64,547.448,0.6373333333333333,529.505,0.6293333333333333,558.1179,0.64,561.4866,0.6613333333333333,445.1771,0.648,458.8099,0.6586666666666666,460.6687,0.6613333333333333,440.4174,0.648,460.4373,0.6586666666666666,469.1322
SmallKitchenAppliances,3,6309.6328,success,0.68,557.3053,0.6613333333333333,568.6974,0.664,566.5022,0.68,555.0508,0.6613333333333333,567.3464,0.664,563.5796,0.6960000000000001,433.6064,0.6933333333333334,465.6342,0.6746666666666666,466.9787,0.6960000000000001,437.8146,0.6933333333333334,451.0266,0.6746666666666666,450.0884
SmallKitchenAppliances,4,6308.8731,success,0.6666666666666666,563.4555,0.6586666666666666,558.0416,0.6666666666666666,555.4605,0.6666666666666666,549.0646,0.6586666666666666,560.7075,0.6666666666666666,547.5285,0.6826666666666666,439.5323,0.6773333333333333,457.4685,0.6853333333333333,462.9138,0.6826666666666666,442.7116,0.6773333333333333,459.6176,0.6853333333333333,476.9517
SmoothSubspace,0,117.7399,success,0.98,10.2476,0.9866666666666667,10.4204,0.9866666666666667,10.492,0.98,10.2033,0.9866666666666667,10.5126,0.9866666666666667,10.3959,0.98,8.9256,0.98,8.65,0.98,8.5574,0.98,8.6082,0.98,8.5501,0.98,8.6039
SmoothSubspace,1,108.6218,success,0.9933333333333333,9.1837,0.9933333333333333,9.316,0.9933333333333333,10.088,0.9933333333333333,9.2545,0.9933333333333333,9.4307,0.9933333333333333,9.3198,0.9933333333333333,8.1121,0.9933333333333333,8.0961,0.9933333333333333,8.114,0.9933333333333333,8.1237,0.9933333333333333,8.1028,0.9933333333333333,8.1024
SmoothSubspace,2,117.0936,success,0.9866666666666667,9.692,0.9866666666666667,9.8721,0.9866666666666667,9.9811,0.9866666666666667,9.6817,0.9866666666666667,10.3294,0.9866666666666667,10.3172,0.9866666666666667,8.9395,0.9866666666666667,8.9126,0.9866666666666667,8.9241,0.9866666666666667,8.9471,0.9866666666666667,8.8911,0.9866666666666667,8.927
SmoothSubspace,3,110.2054,success,0.98,9.1074,0.98,9.2661,0.9733333333333333,9.3361,0.98,9.0914,0.98,9.3423,0.9733333333333333,9.2462,0.9733333333333333,8.813,0.9733333333333333,8.6171,0.9733333333333333,8.4569,0.9733333333333333,8.4712,0.9733333333333333,8.4558,0.9733333333333333,8.487
SmoothSubspace,4,111.0275,success,0.9866666666666667,9.608,0.9933333333333333,9.8223,0.9866666666666667,9.8703,0.9866666666666667,9.7688,0.9933333333333333,9.4876,0.9866666666666667,9.2652,0.9933333333333333,8.8903,0.9933333333333333,8.0523,0.9933333333333333,8.2072,0.9933333333333333,8.5796,0.9933333333333333,8.0381,0.9933333333333333,8.0775
SonyAIBORobotSurface1,0,277.1596,success,0.7936507936507936,29.2209,0.746031746031746,25.9893,0.746031746031746,25.8942,0.7936507936507936,29.1558,0.746031746031746,26.023,0.746031746031746,26.8782,0.8412698412698413,19.2597,0.8412698412698413,17.316,0.8412698412698413,17.3434,0.8412698412698413,19.1477,0.8412698412698413,17.1554,0.8412698412698413,17.2836
SonyAIBORobotSurface1,1,301.8574,success,0.746031746031746,32.476,0.746031746031746,28.6284,0.746031746031746,28.7247,0.746031746031746,32.4018,0.746031746031746,28.6721,0.746031746031746,28.0285,0.746031746031746,20.5282,0.746031746031746,18.7302,0.7936507936507936,18.7852,0.746031746031746,20.9183,0.746031746031746,18.7705,0.7936507936507936,18.9199
SonyAIBORobotSurface1,2,286.2543,success,0.746031746031746,30.0139,0.746031746031746,26.3966,0.746031746031746,26.465,0.746031746031746,29.9161,0.746031746031746,26.7029,0.746031746031746,27.3491,0.746031746031746,19.5523,0.746031746031746,17.624,0.746031746031746,17.6591,0.746031746031746,19.5637,0.746031746031746,17.5955,0.746031746031746,17.7499
SonyAIBORobotSurface1,3,264.6191,success,0.8015873015873015,27.7281,0.753968253968254,24.5813,0.8015873015873015,24.6213,0.8015873015873015,27.7915,0.753968253968254,24.6015,0.8015873015873015,24.54,0.753968253968254,18.1557,0.8015873015873015,16.2835,0.753968253968254,16.4246,0.753968253968254,18.1214,0.8015873015873015,16.3379,0.753968253968254,16.4576
SonyAIBORobotSurface1,4,289.7069,success,0.8015873015873015,29.3834,0.8015873015873015,25.7649,0.8015873015873015,25.7648,0.8015873015873015,29.0217,0.8015873015873015,27.7993,0.8015873015873015,27.782,0.8015873015873015,20.3666,0.8015873015873015,18.2857,0.8015873015873015,18.3499,0.8015873015873015,20.4104,0.8015873015873015,18.2823,0.8015873015873015,18.4014
SonyAIBORobotSurface2,0,249.6089,success,0.9259259259259259,25.1235,0.9259259259259259,23.3135,0.9259259259259259,23.2994,0.9259259259259259,25.1303,0.9259259259259259,23.2964,0.9259259259259259,23.5018,0.9259259259259259,16.7869,0.9259259259259259,15.9118,0.9259259259259259,16.0044,0.9259259259259259,17.0096,0.9259259259259259,16.1983,0.9259259259259259,16.3955
SonyAIBORobotSurface2,1,284.4598,success,0.8518518518518517,29.4443,0.8518518518518517,27.2242,0.8518518518518517,27.2671,0.8518518518518517,29.3997,0.8518518518518517,27.2555,0.8518518518518517,26.611,0.8888888888888888,18.8597,0.8888888888888888,18.1277,0.8518518518518517,18.2764,0.8888888888888888,19.4979,0.8888888888888888,18.2136,0.8518518518518517,18.2988
SonyAIBORobotSurface2,2,281.7751,success,0.8888888888888888,28.6344,0.9259259259259259,26.4702,0.8518518518518517,26.5403,0.8888888888888888,28.7206,0.9259259259259259,26.5162,0.8518518518518517,26.6518,0.9259259259259259,19.0441,0.9259259259259259,17.8995,0.9259259259259259,18.0272,0.9259259259259259,18.9983,0.9259259259259259,17.8334,0.9259259259259259,18.0119
SonyAIBORobotSurface2,3,229.8347,success,0.8888888888888888,23.4589,0.8888888888888888,21.6108,0.8888888888888888,21.6675,0.8888888888888888,23.4629,0.8888888888888888,21.7026,0.8888888888888888,21.7524,0.9259259259259259,15.6625,0.9259259259259259,14.7873,0.8518518518518517,14.9086,0.9259259259259259,15.8146,0.9259259259259259,14.8945,0.8518518518518517,14.9437
SonyAIBORobotSurface2,4,230.8729,success,0.8888888888888888,23.2803,0.8888888888888888,21.4981,0.8888888888888888,23.0646,0.8888888888888888,23.198,0.8888888888888888,21.4772,0.8888888888888888,21.5464,0.8888888888888888,15.5085,0.8888888888888888,14.6338,0.8888888888888888,14.7046,0.8888888888888888,15.6174,0.8888888888888888,14.6423,0.8888888888888888,14.7812
Strawberry,0,2118.8219,success,0.9739120038259207,178.4891,0.9755459907540253,180.2868,0.9755459907540253,180.0952,0.9739120038259207,179.6629,0.9755459907540253,183.821,0.9755459907540253,192.5441,0.9755459907540253,156.5208,0.9739120038259207,155.8105,0.9739120038259207,156.9802,0.9755459907540253,156.2291,0.9739120038259207,155.8143,0.9739120038259207,156.5671
Strawberry,1,2084.487,success,0.9738960624900367,183.8666,0.9722700462298741,184.0361,0.9739040331579787,185.2215,0.9738960624900367,184.2744,0.9722700462298741,184.9444,0.9739040331579787,185.4677,0.9738960624900367,151.2831,0.9755220787501994,149.7998,0.9738960624900367,150.3703,0.9738960624900367,154.987,0.9755220787501994,151.8475,0.9738960624900367,147.97
Strawberry,2,2083.4455,success,0.9706599713055954,186.3793,0.972285987565758,187.3146,0.9706599713055954,187.7498,0.9706599713055954,187.0799,0.972285987565758,187.8753,0.9706599713055954,188.0797,0.9706520006376534,149.8653,0.972285987565758,145.2768,0.9706599713055954,147.9544,0.9706520006376534,146.012,0.972285987565758,145.6945,0.9706599713055954,145.3775
Strawberry,3,2058.7398,success,0.9706201179658857,181.7554,0.9689861310377811,181.8625,0.9706201179658857,183.4876,0.9706201179658857,180.9422,0.9689861310377811,182.6212,0.9706201179658857,182.2984,0.9738801211541528,150.0414,0.9755061374143154,148.459,0.9738721504862108,149.6283,0.9738801211541528,148.9614,0.9755061374143154,148.9673,0.9738721504862108,148.671
Strawberry,4,2089.2965,success,0.9755380200860833,188.4011,0.9755380200860833,188.7969,0.9771640363462458,183.1048,0.9755380200860833,180.5156,0.9755380200860833,182.8056,0.9771640363462458,182.2205,0.9722780168978161,150.8837,0.9755380200860833,154.7774,0.9722780168978161,151.7183,0.9722780168978161,148.1205,0.9755380200860833,147.7248,0.9722780168978161,149.0225
SwedishLeaf,0,2103.8255,success,0.8820311184859198,180.8882,0.8800351105018879,181.2721,0.8840271264699516,181.7368,0.8820311184859198,179.193,0.8800351105018879,172.1183,0.8840271264699516,175.9336,0.8800230863574057,158.3449,0.8860231344539836,159.1956,0.8960392468075896,159.1241,0.8800230863574057,157.9232,0.8860231344539836,158.9847,0.8960392468075896,159.2628
SwedishLeaf,1,2091.9194,success,0.8459226126061132,179.3444,0.853918668686723,181.6011,0.8579347329437511,181.8585,0.8459226126061132,181.4609,0.853918668686723,181.3466,0.8579347329437511,179.8535,0.8639949017627396,153.1512,0.8639588293292931,154.2011,0.8579587812327153,155.2927,0.8639949017627396,154.3726,0.8639588293292931,155.6232,0.8579587812327153,155.0041
SwedishLeaf,2,2066.3491,success,0.8679989418752857,174.3709,0.8659788856022894,176.031,0.8579828295216796,175.3179,0.8679989418752857,174.9799,0.8659788856022894,176.4001,0.8579828295216796,175.2326,0.8720029819878317,155.1427,0.8699949498593176,156.2537,0.8739749416828992,156.8218,0.8720029819878317,154.6539,0.8699949498593176,155.825,0.8739749416828992,156.8856
SwedishLeaf,3,2071.8587,success,0.8779188610730347,172.5582,0.8659187648798788,174.0212,0.875934877233485,172.812,0.8779188610730347,173.0471,0.8659187648798788,174.1828,0.875934877233485,175.0459,0.8739268451049709,158.5956,0.8799389173460308,160.2693,0.8739268451049709,159.491,0.8739268451049709,158.9263,0.8799389173460308,157.1523,0.8739268451049709,156.2526
SwedishLeaf,4,2074.5069,success,0.8819349253300627,173.3446,0.8799268932015488,174.3731,0.8779308852175168,173.3283,0.8819349253300627,174.6413,0.8799268932015488,173.8297,0.8779308852175168,174.6184,0.8879349734266407,156.9341,0.8859509895870908,158.3822,0.8879469975711228,157.7526,0.8879349734266407,161.4851,0.8859509895870908,158.3962,0.8879469975711228,157.3829
Symbols,0,1570.3142,success,0.8796296296296297,176.6729,0.8796296296296297,159.0231,0.8796296296296297,156.367,0.8796296296296297,177.8932,0.8796296296296297,140.7796,0.8796296296296297,135.9704,0.8796296296296297,102.4963,0.8796296296296297,93.1031,0.8796296296296297,92.0188,0.8796296296296297,103.2842,0.8796296296296297,92.0713,0.8796296296296297,92.26
Symbols,1,1614.842,success,0.8842592592592592,173.5693,0.8842592592592592,154.4348,0.8842592592592592,153.4061,0.8842592592592592,173.2986,0.8842592592592592,153.6589,0.8842592592592592,152.4901,0.8842592592592592,107.2627,0.8842592592592592,96.696,0.8842592592592592,97.0066,0.8842592592592592,108.0581,0.8842592592592592,97.3,0.8842592592592592,96.7073
Symbols,2,1443.3776,success,0.875,174.3133,0.875,145.0078,0.875,134.5629,0.875,155.2496,0.875,134.6134,0.875,149.657,0.875,99.4731,0.875,84.0787,0.875,78.7417,0.875,88.5797,0.875,78.6429,0.875,78.6708
Symbols,3,1578.0616,success,0.875,155.0614,0.875,137.8336,0.875,136.8258,0.875,165.2624,0.875,155.9922,0.875,155.0926,0.875,109.2814,0.875,98.2436,0.875,99.3389,0.875,111.5569,0.875,100.2652,0.875,100.18
Symbols,4,1344.7061,success,0.8796296296296297,143.8095,0.8379629629629629,127.3928,0.8796296296296297,126.5044,0.8796296296296297,143.3751,0.8379629629629629,127.7316,0.8796296296296297,126.7321,0.8379629629629629,89.9407,0.8379629629629629,82.3772,0.8379629629629629,80.9515,0.8379629629629629,90.6016,0.8379629629629629,81.1142,0.8379629629629629,81.1449
SyntheticControl,0,492.4958,success,0.9633333333333333,42.7756,0.9633333333333333,42.7816,0.9666666666666667,42.6019,0.9633333333333333,42.608,0.9633333333333333,42.7491,0.9666666666666667,44.1931,0.9666666666666667,36.812,0.98,36.0881,0.9766666666666666,36.1116,0.9666666666666667,36.0854,0.98,35.9796,0.9766666666666666,36.1664
SyntheticControl,1,504.9327,success,0.9533333333333333,44.5912,0.9633333333333333,45.227,0.9666666666666667,44.0429,0.9533333333333333,43.9559,0.9633333333333333,44.1084,0.9666666666666667,43.8511,0.96,36.4162,0.9666666666666667,36.5578,0.9666666666666667,36.5709,0.96,36.3706,0.9666666666666667,36.3414,0.9666666666666667,37.9867
SyntheticControl,2,490.4165,success,0.9633333333333333,43.1093,0.9633333333333333,43.2738,0.9666666666666667,42.9219,0.9633333333333333,42.228,0.9633333333333333,42.5769,0.9666666666666667,41.7583,0.9633333333333333,35.1406,0.9733333333333333,35.2263,0.9666666666666667,35.2679,0.9633333333333333,35.089,0.9733333333333333,37.7711,0.9666666666666667,38.62
SyntheticControl,3,471.5627,success,0.9633333333333333,41.7337,0.9633333333333333,40.7313,0.9666666666666667,40.8814,0.9633333333333333,40.8653,0.9633333333333333,40.8496,0.9666666666666667,40.8772,0.9633333333333333,34.5533,0.9633333333333333,34.6934,0.9566666666666667,34.6802,0.9633333333333333,34.5599,0.9633333333333333,34.528,0.9566666666666667,34.7119
SyntheticControl,4,481.0495,success,0.9733333333333333,41.6733,0.9700000000000001,41.7186,0.9700000000000001,41.8613,0.9733333333333333,41.6938,0.9700000000000001,41.7913,0.9700000000000001,41.8141,0.9666666666666667,36.154,0.9633333333333333,35.309,0.9700000000000001,35.2768,0.9666666666666667,35.0856,0.9633333333333333,35.2263,0.9700000000000001,35.239
ToeSegmentation1,0,1027.9985,success,0.37545787545787546,106.3129,0.3772893772893773,106.5128,0.4267399267399267,105.1633,0.37545787545787546,105.1698,0.3772893772893773,105.8294,0.4267399267399267,106.0001,0.4249084249084249,65.6929,0.45054945054945056,67.5004,0.4249084249084249,61.6946,0.4249084249084249,60.1689,0.45054945054945056,58.7023,0.4249084249084249,58.8691
ToeSegmentation1,1,1047.9701,success,0.49633699633699635,103.0153,0.4450549450549451,103.4615,0.521978021978022,103.7072,0.49633699633699635,103.1026,0.4450549450549451,103.1712,0.521978021978022,103.173,0.47252747252747246,64.483,0.521978021978022,66.0789,0.49633699633699635,66.0737,0.47252747252747246,64.784,0.521978021978022,66.0037,0.49633699633699635,66.301
ToeSegmentation1,2,863.2261,success,0.4249084249084249,83.133,0.49633699633699635,83.3461,0.47252747252747246,83.3686,0.4249084249084249,83.0153,0.49633699633699635,83.2461,0.47252747252747246,83.6746,0.5,52.9296,0.5,56.1011,0.5,58.3507,0.5,56.9067,0.5,57.9722,0.5,59.056
ToeSegmentation1,3,887.9925,success,0.575091575091575,87.6981,0.575091575091575,88.0881,0.575091575091575,88.531,0.575091575091575,87.7465,0.575091575091575,88.4213,0.575091575091575,88.2477,0.5732600732600733,55.6497,0.5989010989010989,56.8817,0.5989010989010989,57.2666,0.5732600732600733,55.7731,0.5989010989010989,56.8204,0.5989010989010989,57.1025
ToeSegmentation1,4,949.5449,success,0.42124542124542125,94.9946,0.4468864468864469,93.9687,0.4468864468864469,94.1161,0.42124542124542125,94.4576,0.4468864468864469,92.6071,0.4468864468864469,94.421,0.4981684981684982,59.5031,0.42124542124542125,62.2976,0.47252747252747246,61.2243,0.4981684981684982,59.3416,0.42124542124542125,60.7954,0.47252747252747246,60.9746
ToeSegmentation2,0,1088.8102,success,0.6388888888888888,106.3491,0.6111111111111112,108.4011,0.638888888888889,106.9106,0.6388888888888888,106.4513,0.6111111111111112,108.6702,0.638888888888889,106.7499,0.6111111111111112,67.1976,0.5833333333333334,68.6608,0.6111111111111112,70.4476,0.6111111111111112,67.1187,0.5833333333333334,68.4385,0.6111111111111112,68.6325
ToeSegmentation2,1,1161.1493,success,0.5833333333333334,113.1338,0.5555555555555555,116.305,0.5555555555555555,114.1657,0.5833333333333334,113.7406,0.5555555555555555,113.9811,0.5555555555555555,116.2198,0.5277777777777778,71.9286,0.47222222222222227,72.9563,0.5277777777777778,73.0834,0.5277777777777778,71.3325,0.47222222222222227,72.8723,0.5277777777777778,73.0649
ToeSegmentation2,2,1108.6153,success,0.5555555555555556,107.8402,0.5555555555555556,108.4239,0.5555555555555556,110.0594,0.5555555555555556,109.4596,0.5555555555555556,109.0286,0.5555555555555556,110.3972,0.5555555555555556,68.3364,0.5555555555555556,69.7773,0.5,71.066,0.5555555555555556,68.2453,0.5555555555555556,69.6659,0.5,71.2153
ToeSegmentation2,3,1172.7202,success,0.6388888888888888,109.1086,0.5833333333333334,109.7096,0.47222222222222227,109.9315,0.6388888888888888,109.3337,0.5833333333333334,112.9655,0.47222222222222227,109.8169,0.5277777777777778,70.4338,0.4444444444444444,81.7162,0.47222222222222227,81.6289,0.5277777777777778,80.294,0.4444444444444444,81.7186,0.47222222222222227,81.6979
ToeSegmentation2,4,1127.2475,success,0.6111111111111112,114.4821,0.5833333333333334,112.7684,0.5833333333333334,111.7743,0.6111111111111112,112.4089,0.5833333333333334,111.1054,0.5833333333333334,112.033,0.5555555555555557,68.4252,0.5277777777777778,69.7825,0.5,70.9297,0.5555555555555557,68.2002,0.5277777777777778,70.6063,0.5,69.7396
Trace,0,1115.3676,success,0.8701723113487819,101.3188,0.8701723113487819,105.0011,0.8701723113487819,112.1197,0.8701723113487819,107.2384,0.8701723113487819,110.4984,0.8701723113487819,110.9951,0.8701723113487819,72.5227,0.8701723113487819,73.2582,0.880273321449792,73.9971,0.8701723113487819,72.5901,0.8701723113487819,73.2599,0.880273321449792,74.2772
Trace,1,1079.1702,success,0.9402852049910874,102.2168,0.9301841948900772,106.8137,0.9301841948900772,106.4483,0.9402852049910874,102.3266,0.9301841948900772,106.8801,0.9301841948900772,106.2584,0.9503862150920974,69.3734,0.9402852049910874,70.7932,0.9301841948900772,73.2536,0.9503862150920974,68.1641,0.9402852049910874,69.8506,0.9301841948900772,70.759
Trace,2,1071.4134,success,0.9595959595959597,100.2165,0.9595959595959597,104.407,0.9595959595959597,104.4237,0.9595959595959597,101.5975,0.9595959595959597,102.9267,0.9595959595959597,105.4953,0.9595959595959597,67.8131,0.9595959595959597,70.7034,0.9595959595959597,70.3059,0.9595959595959597,67.9592,0.9595959595959597,70.4862,0.9595959595959597,70.2267
Trace,3,1150.2703,success,0.9099821746880571,115.0857,0.9099821746880571,118.0405,0.9099821746880571,119.3683,0.9099821746880571,115.0424,0.9099821746880571,117.9339,0.9099821746880571,113.3081,0.9099821746880571,69.4634,0.9301841948900772,71.5071,0.9099821746880571,71.0406,0.9099821746880571,66.6707,0.9301841948900772,70.2961,0.9099821746880571,73.5674
Trace,4,1030.2468,success,0.9203802733214498,95.8249,0.9203802733214498,100.0645,0.93048128342246,99.8364,0.9203802733214498,95.8807,0.9203802733214498,98.437,0.93048128342246,99.6547,0.9200831847890671,65.2506,0.94058229352347,68.5175,0.9503862150920974,70.5754,0.9200831847890671,67.9657,0.94058229352347,70.9006,0.9503862150920974,70.542
TwoLeadECG,0,329.6798,success,0.7321428571428571,32.6348,0.7738095238095237,27.7276,0.7738095238095237,29.7059,0.7321428571428571,35.577,0.7738095238095237,32.6802,0.7738095238095237,32.6256,0.6904761904761904,22.9161,0.7321428571428571,21.4179,0.8154761904761904,21.5382,0.6904761904761904,22.8652,0.7321428571428571,21.4572,0.8154761904761904,21.3741
TwoLeadECG,1,311.4814,success,0.8095238095238094,32.2583,0.8095238095238094,29.5833,0.8571428571428571,29.9217,0.8095238095238094,32.3411,0.8095238095238094,29.7836,0.8571428571428571,29.9752,0.8095238095238094,21.0589,0.8571428571428571,19.7046,0.9047619047619048,19.6929,0.8095238095238094,21.1156,0.8571428571428571,19.661,0.9047619047619048,19.8031
TwoLeadECG,2,297.6515,success,0.8214285714285715,30.4187,0.8630952380952381,27.9316,0.9047619047619048,28.1497,0.8214285714285715,30.477,0.8630952380952381,28.507,0.9047619047619048,29.2992,0.9047619047619048,19.7771,0.9047619047619048,18.5042,0.9047619047619048,18.5961,0.9047619047619048,19.8248,0.9047619047619048,18.5672,0.9047619047619048,18.6291
TwoLeadECG,3,317.7092,success,0.8630952380952381,32.2997,0.9047619047619048,29.7396,0.9047619047619048,29.9195,0.8630952380952381,32.6538,0.9047619047619048,32.3439,0.9047619047619048,30.0577,0.9047619047619048,21.0889,0.9047619047619048,19.6659,0.9047619047619048,19.7688,0.9047619047619048,21.1312,0.9047619047619048,19.6675,0.9047619047619048,19.8241
TwoLeadECG,4,297.6035,success,0.8154761904761904,30.401,0.8630952380952381,27.9831,0.9107142857142857,28.1245,0.8154761904761904,30.3972,0.8630952380952381,27.966,0.9107142857142857,28.0877,0.8630952380952381,19.892,0.8214285714285715,19.5284,0.9107142857142857,19.445,0.8630952380952381,19.7881,0.8214285714285715,18.4743,0.9107142857142857,18.5687
TwoPatterns,0,3364.469,success,0.8659857462252672,282.1851,0.8609927292562022,276.2897,0.8609957262651874,274.9011,0.8659857462252672,275.1386,0.8609927292562022,274.0082,0.8609957262651874,287.5138,0.8659887432342522,265.3337,0.8669837502172832,262.87,0.872980765196334,256.256,0.8659887432342522,261.8376,0.8669837502172832,256.917,0.872980765196334,255.8648
TwoPatterns,1,3362.8644,success,0.909007810205415,280.8009,0.9010327692962424,284.509,0.913017808227389,281.1644,0.909007810205415,278.011,0.9010327692962424,277.1312,0.913017808227389,276.8859,0.9090287892683103,257.3713,0.9210258162353971,256.5541,0.9170248092403782,257.3002,0.9090287892683103,262.0469,0.9210258162353971,258.4049,0.9170248092403782,256.6521
TwoPatterns,2,3363.7231,success,0.893989798181415,275.7632,0.8959977942013869,274.9155,0.8889937842033651,273.6217,0.893989798181415,273.0862,0.8959977942013869,275.9158,0.8889937842033651,277.2782,0.882993772215329,259.0195,0.8949937961914011,257.5913,0.8949848051644459,258.3419,0.882993772215329,261.0755,0.8949937961914011,265.339,0.8949848051644459,265.615
TwoPatterns,3,3336.2297,success,0.8900127672582762,281.698,0.8800027572482662,274.6777,0.8800117482752213,274.6613,0.8900127672582762,273.589,0.8800027572482662,273.0777,0.8800117482752213,273.6798,0.8880407353461245,254.5516,0.8840277403151654,253.539,0.8950117782453111,253.5598,0.8880407353461245,258.3187,0.8840277403151654,262.8703,0.8950117782453111,264.9681
TwoPatterns,4,3378.7274,success,0.8759777741813671,279.352,0.8709817602033171,283.7711,0.882978787170404,281.2364,0.8759777741813671,278.5637,0.8709817602033171,279.9958,0.882978787170404,280.2304,0.883991776207345,260.1497,0.8839767911624198,260.2678,0.8919818021614428,259.8081,0.883991776207345,260.6411,0.8839767911624198,260.4486,0.8919818021614428,258.0743
UMD,0,565.76,success,0.9444444444444443,56.8747,0.9444444444444443,57.2125,0.9722222222222222,57.2334,0.9444444444444443,56.835,0.9444444444444443,57.2017,0.9722222222222222,57.2119,0.8888888888888888,36.7699,0.9166666666666666,37.2331,0.9444444444444443,37.6162,0.8888888888888888,32.4335,0.9166666666666666,31.5965,0.9444444444444443,31.8271
UMD,1,505.8928,success,0.8888888888888888,48.9414,0.8888888888888888,49.1128,0.9166666666666666,49.1415,0.8888888888888888,48.9393,0.8888888888888888,49.0861,0.9166666666666666,51.0183,0.8055555555555555,31.9102,0.861111111111111,32.4041,0.9166666666666666,32.6743,0.8055555555555555,31.6984,0.861111111111111,32.3452,0.9166666666666666,32.602
UMD,2,530.5293,success,0.75,52.225,0.8055555555555555,52.4349,0.8055555555555555,52.5162,0.75,52.2682,0.8055555555555555,52.301,0.8055555555555555,54.832,0.6944444444444445,33.8628,0.7777777777777777,34.2048,0.8333333333333334,34.2933,0.6944444444444445,32.4941,0.7777777777777777,33.6058,0.8333333333333334,33.9592
UMD,3,500.6486,success,0.8333333333333334,50.4207,0.888888888888889,48.6904,0.888888888888889,48.7242,0.8333333333333334,48.4639,0.888888888888889,48.7147,0.888888888888889,48.747,0.8611111111111112,33.8684,0.8611111111111112,31.2293,0.9166666666666666,31.4858,0.8611111111111112,31.1561,0.8611111111111112,33.6393,0.9166666666666666,33.9472
UMD,4,479.7831,success,0.8333333333333334,46.5793,0.8888888888888888,46.7989,0.8333333333333334,46.8235,0.8333333333333334,46.4568,0.8888888888888888,46.6259,0.8333333333333334,46.6803,0.8333333333333334,30.2162,0.8333333333333334,30.8831,0.8333333333333334,30.9739,0.8333333333333334,30.2012,0.8333333333333334,30.8074,0.8333333333333334,31.1902
UWaveGestureLibraryAll,0,14751.3513,success,0.9441950423858799,1632.1131,0.9453061285567852,1620.2144,0.9419653879823123,1613.8987,0.9441950423858799,1634.1005,0.9453061285567852,1623.8828,0.9419653879823123,1475.5697,0.9441950423858799,905.8858,0.9397282515169881,890.9844,0.9397282515169881,813.0485,0.9441950423858799,756.7519,0.9397282515169881,743.1677,0.9397282515169881,678.489
UWaveGestureLibraryAll,1,14487.1457,success,0.9341204462301632,1607.0772,0.9318907918265958,1624.686,0.9352352734319469,1621.0629,0.9341204462301632,1592.6108,0.9318907918265958,1587.1757,0.9352352734319469,1187.5711,0.9408168915026224,906.6191,0.9396945822390818,898.9062,0.9385909781299335,861.7805,0.9408168915026224,791.4299,0.9396945822390818,747.6591,0.9385909781299335,702.5234
UWaveGestureLibraryAll,2,14617.972,success,0.9397207694552311,1599.4934,0.9397207694552311,1610.9615,0.9408355966570149,1628.2049,0.9397207694552311,1638.5324,0.9397207694552311,1596.2921,0.9408355966570149,1309.5119,0.9430764741532176,912.4997,0.941954164889677,897.4178,0.9408355966570149,851.4977,0.9430764741532176,783.6937,0.941954164889677,746.7366,0.9408355966570149,691.4316
UWaveGestureLibraryAll,3,14635.1675,success,0.9453248337111774,1632.2492,0.9430989203384885,1643.6502,0.9397432156405019,1651.4562,0.9453248337111774,1625.9767,0.9430989203384885,1589.8335,0.9397432156405019,1328.8848,0.9408543018114072,914.7118,0.9397469566713804,896.0651,0.9464471429747182,815.8314,0.9408543018114072,762.5626,0.9397469566713804,749.1608,0.9464471429747182,679.7827
UWaveGestureLibraryAll,4,14387.6232,success,0.9486543511930149,1627.7844,0.9441950423858799,1614.9239,0.9441950423858799,1633.2899,0.9486543511930149,1639.7185,0.9441950423858799,1602.1859,0.9441950423858799,1009.0648,0.9464284378203258,922.288,0.9475395239912311,903.7343,0.9475395239912311,844.2185,0.9464284378203258,771.4327,0.9475395239912311,745.9993,0.9475395239912311,707.5071
UWaveGestureLibraryX,0,7735.7952,success,0.7511316618407369,637.574,0.7600577615167636,656.4571,0.7533575752134257,652.4815,0.7511316618407369,630.9928,0.7600577615167636,632.1368,0.7533575752134257,632.896,0.7622799338585741,598.0773,0.756702056818777,594.1185,0.7544724024152095,595.7363,0.7622799338585741,598.778,0.756702056818777,600.6618,0.7544724024152095,595.1133
UWaveGestureLibraryX,1,7706.6113,success,0.7388498574667235,647.7907,0.7455425617083042,638.1666,0.7366052389396422,636.553,0.7388498574667235,636.3518,0.7455425617083042,637.608,0.7366052389396422,638.2144,0.7377088430487905,600.2081,0.7276641751401015,595.269,0.7366052389396422,596.8921,0.7377088430487905,605.5392,0.7276641751401015,611.005,0.7366052389396422,608.2783
UWaveGestureLibraryX,2,7780.9012,success,0.7511391439024938,640.9032,0.7455500437700612,645.9523,0.7522427480116421,634.5672,0.7511391439024938,639.7381,0.7455500437700612,642.8861,0.7522427480116421,651.3992,0.7522464890425206,612.8023,0.746664870971845,612.5514,0.7399646846685073,620.3642,0.7522464890425206,615.0543,0.746664870971845,602.6997,0.7399646846685073,596.8444
UWaveGestureLibraryX,3,7888.3356,success,0.7600390563623711,652.6632,0.7555722654934792,651.6906,0.7566945747570201,654.5501,0.7600390563623711,649.0386,0.7555722654934792,666.2709,0.7566945747570201,674.1994,0.7522315249190067,615.4281,0.7622724517968171,610.2585,0.7566945747570201,607.7854,0.7522315249190067,607.7704,0.7622724517968171,605.9992,0.7566945747570201,602.7963
UWaveGestureLibraryX,4,7768.0945,success,0.7277165495724001,642.0802,0.7187867088654949,641.2644,0.7199090181290356,642.9727,0.7277165495724001,638.7912,0.7187867088654949,644.0831,0.7199090181290356,645.5991,0.7277202906032786,612.6939,0.7333131317665895,604.3375,0.7366501313101838,615.935,0.7277202906032786,611.7292,0.7333131317665895,611.1344,0.7366501313101838,604.5318
UWaveGestureLibraryY,0,7730.3355,success,0.712045371222494,631.7972,0.7220937801620614,631.0813,0.7198678667893725,632.2174,0.712045371222494,636.7902,0.7220937801620614,642.79,0.7198678667893725,643.6576,0.7254307797056557,600.3409,0.7232086073638451,600.8098,0.719856643696737,601.1424,0.7254307797056557,599.6661,0.7232086073638451,599.959,0.719856643696737,597.8285
UWaveGestureLibraryY,1,7580.7508,success,0.709819457849805,625.7859,0.7008896171428999,628.0644,0.7053414438882779,622.9662,0.709819457849805,622.3956,0.7008896171428999,625.3809,0.7053414438882779,632.3062,0.7064637531518185,583.5788,0.6997635668484806,580.244,0.702000703313805,581.6135,0.7064637531518185,581.5326,0.6997635668484806,587.5762,0.702000703313805,587.7204
UWaveGestureLibraryY,2,7692.8421,success,0.7332420521798987,641.7644,0.7377013609870335,640.6743,0.734360620412561,635.5956,0.7332420521798987,632.0924,0.7377013609870335,632.4109,0.734360620412561,635.7576,0.7377013609870335,595.4198,0.7454976693377627,595.5457,0.7410533246541416,596.0155,0.7377013609870335,593.1477,0.7454976693377627,594.3018,0.7410533246541416,592.3011
UWaveGestureLibraryY,3,7603.2385,success,0.7421718928868039,631.9017,0.7343681024743178,629.1102,0.7354717065834663,623.86,0.7421718928868039,621.1468,0.7343681024743178,623.8483,0.7354717065834663,625.986,0.7421756339176824,586.5255,0.739938497452358,591.7727,0.7444090293521283,594.525,0.7421756339176824,591.6656,0.739938497452358,590.4904,0.7444090293521283,584.5446
UWaveGestureLibraryY,4,7698.9458,success,0.708700889617143,642.4385,0.7142787666569399,639.261,0.7142862487186968,638.7378,0.708700889617143,634.3684,0.7142787666569399,635.219,0.7142862487186968,638.4378,0.7131714215169133,598.8195,0.715404816951359,597.9312,0.7165196441531428,598.6747,0.7131714215169133,596.4448,0.715404816951359,596.265,0.7165196441531428,594.6538
UWaveGestureLibraryZ,0,7935.7567,success,0.6953079990722243,649.6184,0.6941969129013191,654.1387,0.6953154811339813,656.2197,0.6953079990722243,649.8941,0.6941969129013191,659.2368,0.6953154811339813,661.0952,0.7009083222972922,614.8588,0.7020268905299544,623.84,0.7042602859644003,614.9442,0.7009083222972922,614.367,0.7020268905299544,618.9674,0.7042602859644003,610.1598
UWaveGestureLibraryZ,1,8016.6026,success,0.7008783940502644,655.5217,0.7064487890283045,660.4719,0.7031080484538319,661.435,0.7008783940502644,662.5098,0.7064487890283045,669.8944,0.7031080484538319,671.8625,0.7098082347571696,629.4188,0.7075748393227238,630.135,0.7109193209280749,629.2871,0.7098082347571696,622.3892,0.7075748393227238,618.6926,0.7109193209280749,582.5248
UWaveGestureLibraryZ,2,7880.1806,success,0.6975264303831564,663.8751,0.7109342850515888,665.8285,0.702000703313805,665.7309,0.6975264303831564,664.3828,0.7109342850515888,663.5144,0.702000703313805,663.5552,0.7153898528278452,622.425,0.7086896665245076,619.5402,0.705333961826521,616.1397,0.7153898528278452,616.7767,0.7086896665245076,618.2432,0.705333961826521,589.8702
UWaveGestureLibraryZ,3,7998.7126,success,0.7042490628717649,654.3782,0.702023149499076,654.1642,0.7053638900735487,653.6725,0.7042490628717649,651.6458,0.702023149499076,651.6054,0.7053638900735487,653.1873,0.7176344713549265,617.6058,0.7176419534166835,636.9394,0.7154085579822377,633.0917,0.7176344713549265,629.0999,0.7176419534166835,629.6245,0.7154085579822377,615.278
UWaveGestureLibraryZ,4,7983.8895,success,0.6986375165540616,654.3541,0.695289293917832,656.4834,0.6997560847867238,654.7197,0.6986375165540616,669.8927,0.695289293917832,656.8476,0.6997560847867238,660.7204,0.7120416301916156,623.4713,0.716504680029629,635.562,0.7131676804860346,619.4161,0.7120416301916156,617.0608,0.716504680029629,616.4949,0.7131676804860346,600.374
Wafer,0,1774.5929,success,0.99500398602195,142.5803,0.99500398602195,148.6813,0.99500398602195,155.2049,0.99500398602195,154.703,0.99500398602195,154.4149,0.99500398602195,155.0635,0.99500398602195,131.8512,0.99500398602195,132.4008,0.99500398602195,132.9728,0.99500398602195,131.8694,0.99500398602195,132.6354,0.99500398602195,133.0166
Wafer,1,1716.9542,success,0.995000989012965,147.3336,0.995000989012965,147.0281,0.995000989012965,148.6716,0.995000989012965,146.5634,0.995000989012965,147.0437,0.995000989012965,146.594,0.995000989012965,127.0038,0.995000989012965,127.4234,0.995000989012965,129.4097,0.995000989012965,126.8835,0.995000989012965,127.2002,0.995000989012965,128.3537
Wafer,2,1829.2847,success,0.9980009950069831,157.6131,0.9980009950069831,158.4268,0.9980009950069831,158.9755,0.9980009950069831,157.3178,0.9980009950069831,158.3846,0.9980009950069831,158.7217,0.9980009950069831,135.4435,0.9980009950069831,135.8944,0.9980009950069831,136.0648,0.9980009950069831,135.1036,0.9980009950069831,135.8303,0.9980009950069831,134.1974
Wafer,3,1657.1284,success,0.9970059880239521,141.3172,0.9970059880239521,141.4827,0.9970059880239521,143.5271,0.9970059880239521,141.2361,0.9970059880239521,141.4822,0.9970059880239521,142.0459,0.9970059880239521,124.3655,0.9970059880239521,123.6925,0.9980039920159681,123.9726,0.9970059880239521,123.1921,0.9970059880239521,125.1559,0.9980039920159681,123.9165
Wafer,4,1736.2608,success,0.9980009950069831,148.6123,0.9980009950069831,149.5898,0.9980009950069831,150.1525,0.9980009950069831,146.1178,0.9980009950069831,145.9385,0.9980009950069831,146.5198,0.9980009950069831,127.8045,0.9980009950069831,130.3518,0.9980009950069831,131.2052,0.9980009950069831,130.6435,0.9980009950069831,130.7966,0.9980009950069831,130.9348
Wine,0,779.4503,success,1.0,75.5796,1.0,75.7857,1.0,75.6743,1.0,77.5375,1.0,75.675,1.0,75.7576,1.0,49.1672,1.0,49.6262,0.9824561403508771,51.4921,1.0,49.2686,1.0,49.4875,0.9824561403508771,49.6735
Wine,1,767.6847,success,1.0,80.8608,1.0,80.3724,1.0,79.135,1.0,72.6219,1.0,72.5355,1.0,72.494,1.0,47.1409,1.0,47.6249,1.0,47.7704,1.0,47.3307,1.0,47.8193,1.0,47.9823
Wine,2,773.5155,success,0.9649122807017544,74.8509,0.9298245614035089,75.0296,0.9298245614035089,74.8817,0.9649122807017544,74.635,0.9298245614035089,76.6039,0.9298245614035089,74.7684,0.9649122807017544,48.6249,0.9649122807017544,49.1221,0.9298245614035089,49.3079,0.9649122807017544,48.7768,0.9649122807017544,51.1196,0.9298245614035089,51.0379
Wine,3,797.0862,success,0.9824561403508771,77.3327,0.9824561403508771,77.2596,1.0,77.1306,0.9824561403508771,78.8137,0.9824561403508771,76.9463,1.0,77.1416,1.0,50.4193,0.9824561403508771,50.9339,0.9824561403508771,51.5232,1.0,51.6397,0.9824561403508771,50.7582,0.9824561403508771,50.9409
Wine,4,747.6595,success,0.9649122807017544,74.1022,0.9649122807017544,73.8097,0.9473684210526315,74.3392,0.9649122807017544,73.4431,0.9649122807017544,73.1079,0.9473684210526315,73.4258,0.9649122807017544,47.7414,0.9649122807017544,48.434,1.0,48.101,0.9649122807017544,47.8961,0.9649122807017544,47.933,1.0,48.4134
WordSynonyms,0,3264.6345,success,0.5767790262172284,277.6882,0.5767790262172284,280.8109,0.5655430711610486,278.9392,0.5767790262172284,280.8686,0.5767790262172284,280.1359,0.5655430711610486,279.8565,0.5730337078651685,239.3724,0.5730337078651685,241.4277,0.5730337078651685,244.0868,0.5730337078651685,238.5132,0.5730337078651685,243.9563,0.5730337078651685,244.4486
WordSynonyms,1,3198.2423,success,0.5842696629213483,274.8609,0.5917602996254682,276.1146,0.5917602996254682,276.0626,0.5842696629213483,280.1007,0.5917602996254682,277.4097,0.5917602996254682,271.9248,0.5842696629213483,232.3254,0.5842696629213483,234.9139,0.5805243445692884,236.6198,0.5842696629213483,232.2929,0.5842696629213483,236.1682,0.5805243445692884,236.3449
WordSynonyms,2,3208.1708,success,0.5617977528089888,270.0572,0.5580524344569288,278.6836,0.5655430711610486,274.9187,0.5617977528089888,272.9241,0.5580524344569288,279.9917,0.5655430711610486,276.0824,0.5543071161048689,232.9774,0.5655430711610486,234.9695,0.5468164794007491,236.6597,0.5543071161048689,236.539,0.5655430711610486,239.572,0.5468164794007491,238.8285
WordSynonyms,3,3144.7309,success,0.5655430711610486,268.8154,0.5655430711610486,267.9298,0.5692883895131086,268.6859,0.5655430711610486,268.0004,0.5655430711610486,268.9339,0.5692883895131086,271.9734,0.5617977528089888,232.9082,0.5655430711610486,239.166,0.5767790262172284,236.9217,0.5617977528089888,231.989,0.5655430711610486,235.5115,0.5767790262172284,233.0448
WordSynonyms,4,3196.4695,success,0.5655430711610486,272.5484,0.5692883895131086,274.7418,0.5805243445692884,275.9956,0.5655430711610486,274.5718,0.5692883895131086,274.2934,0.5805243445692884,272.6112,0.5730337078651685,235.5651,0.5842696629213483,236.67,0.5730337078651685,238.0126,0.5730337078651685,240.5339,0.5842696629213483,238.2483,0.5730337078651685,240.2041
Worms,0,5253.0869,success,0.5358834244080146,453.4466,0.5303278688524591,462.6277,0.519216757741348,487.8985,0.5358834244080146,480.9174,0.5303278688524591,498.3688,0.519216757741348,498.9337,0.5414389799635702,364.003,0.5358834244080146,372.5871,0.5303278688524591,370.5034,0.5414389799635702,357.0135,0.5358834244080146,372.4347,0.5303278688524591,371.1987
Worms,1,5233.2129,success,0.5744990892531876,468.4805,0.5745901639344263,474.9514,0.5745901639344263,474.4336,0.5744990892531876,469.1388,0.5745901639344263,480.1279,0.5745901639344263,470.1969,0.5854280510018215,358.4287,0.5800546448087431,392.1732,0.5689435336976321,394.6774,0.5854280510018215,373.1285,0.5800546448087431,358.7629,0.5689435336976321,360.5872
Worms,2,5094.4757,success,0.5630236794171221,455.6456,0.5741347905282331,462.1695,0.546448087431694,477.8152,0.5630236794171221,467.5461,0.5741347905282331,473.621,0.546448087431694,464.8624,0.5796903460837887,369.8741,0.568488160291439,345.2512,0.573952641165756,343.3521,0.5796903460837887,348.9572,0.568488160291439,369.253,0.573952641165756,358.48
Worms,3,5078.9419,success,0.6078324225865209,462.2088,0.6078324225865209,470.3214,0.6133879781420766,472.47,0.6078324225865209,463.7773,0.6078324225865209,473.9796,0.6133879781420766,470.5214,0.6299635701275045,345.3027,0.6078324225865209,353.0604,0.607832422586521,354.1334,0.6299635701275045,345.3,0.6078324225865209,355.0377,0.607832422586521,354.4304
Worms,4,5298.216,success,0.6075591985428052,465.5277,0.624408014571949,502.3993,0.5913479052823315,453.7745,0.6075591985428052,454.6696,0.624408014571949,485.4747,0.5913479052823315,486.4719,0.6020947176684882,336.0337,0.5967213114754099,358.8225,0.6131147540983607,383.6222,0.6020947176684882,374.3476,0.5967213114754099,392.6276,0.6131147540983607,394.7374
WormsTwoClass,0,4372.3582,success,0.6350637522768671,414.8713,0.6352459016393442,409.63,0.6517304189435337,403.3021,0.6350637522768671,403.3493,0.6352459016393442,407.402,0.6517304189435337,400.4325,0.6460837887067394,291.7667,0.6350637522768671,296.5876,0.6295992714025501,296.5936,0.6460837887067394,292.2977,0.6350637522768671,295.3335,0.6295992714025501,296.584
WormsTwoClass,1,4454.8018,success,0.6576502732240438,412.9397,0.6685792349726776,408.2058,0.6462659380692167,403.5815,0.6576502732240438,408.4914,0.6685792349726776,411.3715,0.6462659380692167,399.5052,0.6354280510018215,309.1859,0.6463570127504553,302.267,0.6464480874316939,298.2514,0.6354280510018215,287.7222,0.6463570127504553,320.0564,0.6464480874316939,320.1115
WormsTwoClass,2,4586.6684,success,0.6575591985428051,419.0117,0.6740437158469946,391.7671,0.6685792349726776,444.6213,0.6575591985428051,458.8806,0.6740437158469946,424.8542,0.6685792349726776,447.3571,0.6795992714025502,302.9289,0.6851548269581057,333.574,0.663023679417122,317.0242,0.6795992714025502,310.4529,0.6851548269581057,303.9012,0.663023679417122,297.2313
WormsTwoClass,3,4465.6954,success,0.679417122040073,411.7893,0.6795992714025502,412.5749,0.685063752276867,412.7413,0.679417122040073,411.5719,0.6795992714025502,416.6826,0.685063752276867,415.2957,0.6793260473588342,305.4229,0.6793260473588343,299.9348,0.6740437158469946,304.5737,0.6793260473588342,298.0056,0.6793260473588343,301.182,0.6740437158469946,308.8856
WormsTwoClass,4,4648.7187,success,0.6520036429872494,412.5719,0.6631147540983606,425.4073,0.6631147540983606,444.9528,0.6520036429872494,446.3464,0.6631147540983606,440.8702,0.6631147540983606,436.3425,0.6465391621129326,316.4178,0.668670309653916,320.7811,0.6520947176684881,316.1335,0.6465391621129326,311.399,0.668670309653916,317.4776,0.6520947176684881,318.5263
Yoga,0,3065.8999,success,0.7933333333333333,286.4317,0.7866666666666667,263.3228,0.7933333333333333,273.7944,0.7933333333333333,274.7941,0.7866666666666667,273.3712,0.7933333333333333,275.1752,0.8000000000000002,214.8293,0.7966666666666667,213.299,0.8033333333333333,210.0643,0.8000000000000002,218.007,0.7966666666666667,227.3645,0.8033333333333333,227.891
Yoga,1,3075.4125,success,0.8033333333333333,271.9525,0.81,269.5388,0.8033333333333333,267.7031,0.8033333333333333,293.4354,0.81,299.1757,0.8033333333333333,296.0766,0.8066666666666666,210.8426,0.8066666666666666,210.193,0.7999999999999999,210.4431,0.8066666666666666,209.3187,0.8066666666666666,208.4974,0.7999999999999999,208.6181
Yoga,2,3021.9868,success,0.7866666666666667,266.8266,0.8066666666666666,270.4783,0.8033333333333333,269.1043,0.7866666666666667,272.1672,0.8066666666666666,260.2871,0.8033333333333333,275.1362,0.79,229.2612,0.8000000000000002,216.3523,0.8166666666666668,213.8324,0.79,213.0138,0.8000000000000002,215.1181,0.8166666666666668,216.0075
Yoga,3,3089.7664,success,0.7699999999999999,280.867,0.7766666666666667,276.8046,0.7733333333333334,279.1596,0.7699999999999999,278.5628,0.7766666666666667,278.9809,0.7733333333333334,278.6956,0.79,218.3359,0.7833333333333333,220.4053,0.7833333333333332,219.3656,0.79,219.5245,0.7833333333333333,220.905,0.7833333333333332,215.7899
Yoga,4,3101.4263,success,0.8166666666666668,281.4591,0.8066666666666666,279.7221,0.8033333333333333,279.7137,0.8166666666666668,281.3265,0.8066666666666666,270.7427,0.8033333333333333,271.6774,0.81,213.6083,0.7999999999999999,214.9144,0.8033333333333333,213.7211,0.81,220.5248,0.7999999999999999,234.3413,0.8033333333333333,218.9595
ArticularyWordRecognition,0,10122.3974,success,0.9454530976270107,1163.3622,0.9454530976270107,1176.6252,0.9381669055582099,1140.649,0.9454530976270107,1129.8013,0.9454530976270107,1087.4604,0.9381669055582099,927.6124,0.9418299092212136,563.9691,0.9454530976270107,572.1228,0.9454530976270107,563.9646,0.9418299092212136,537.7373,0.9454530976270107,515.8619,0.9454530976270107,493.6206
ArticularyWordRecognition,1,9864.0573,success,0.9382067208154163,1150.7994,0.9345835324096194,1167.4653,0.9382465360726231,1175.7865,0.9382067208154163,1174.7955,0.9345835324096194,848.2804,0.9382465360726231,817.9654,0.9455327281414238,615.0011,0.9491161012900143,570.6149,0.9382067208154163,572.7614,0.9455327281414238,541.3501,0.9491161012900143,512.8187,0.9382067208154163,491.5468
ArticularyWordRecognition,2,10163.041,success,0.9345039018952063,1163.4626,0.9417502787068005,1166.9914,0.9381270903010034,1182.7908,0.9345039018952063,1182.6991,0.9417502787068005,1141.3859,0.9381270903010034,864.0561,0.9526994744386048,565.8882,0.9490762860328078,571.3287,0.9381270903010034,565.7766,0.9526994744386048,539.0487,0.9490762860328078,511.171,0.9381270903010034,486.8057
ArticularyWordRecognition,3,10357.6299,success,0.9527392896958115,1165.0419,0.9527392896958115,1167.6397,0.9491161012900143,1168.8917,0.9527392896958115,1203.5476,0.9527392896958115,1175.6222,0.9491161012900143,1011.3077,0.9527392896958115,570.3762,0.956322662844402,578.2511,0.9563624781016086,564.0961,0.9527392896958115,529.8356,0.956322662844402,510.27,0.9563624781016086,487.126
ArticularyWordRecognition,4,10247.3369,success,0.9418697244784201,1192.4467,0.9382067208154163,1166.5499,0.9381669055582099,1213.8836,0.9418697244784201,1114.6946,0.9382067208154163,1078.5474,0.9381669055582099,1035.1041,0.9418299092212136,564.3606,0.9382067208154165,571.6819,0.9418697244784201,557.783,0.9418299092212136,525.2883,0.9382067208154165,507.0974,0.9418697244784201,475.2008
AtrialFibrillation,0,4781.4799,success,0.4666666666666666,603.1721,0.4000000000000001,474.7816,0.46666666666666673,439.4133,0.4666666666666666,599.5635,0.4000000000000001,444.7901,0.46666666666666673,414.6365,0.4000000000000001,347.8442,0.4000000000000001,258.5997,0.4000000000000001,226.1999,0.4000000000000001,337.6701,0.4000000000000001,274.8041,0.4000000000000001,239.9326
AtrialFibrillation,1,4693.2065,success,0.26666666666666666,571.7834,0.20000000000000004,472.76,0.3333333333333333,397.3493,0.26666666666666666,564.2608,0.20000000000000004,471.1963,0.3333333333333333,419.1162,0.3333333333333333,350.5566,0.3333333333333333,290.3956,0.26666666666666666,249.0008,0.3333333333333333,300.1838,0.3333333333333333,271.2302,0.26666666666666666,221.6673
AtrialFibrillation,2,4260.4009,success,0.4666666666666666,505.9128,0.4000000000000001,410.8967,0.4000000000000001,362.7339,0.4666666666666666,504.4254,0.4000000000000001,411.1729,0.4000000000000001,361.6939,0.4666666666666666,310.3506,0.4000000000000001,252.5316,0.3333333333333333,221.805,0.4666666666666666,309.2569,0.4000000000000001,252.0724,0.3333333333333333,220.9492
AtrialFibrillation,3,4536.3147,success,0.3333333333333333,547.6098,0.20000000000000004,434.7059,0.26666666666666666,380.9513,0.3333333333333333,530.795,0.20000000000000004,432.5472,0.26666666666666666,384.9545,0.20000000000000004,334.3986,0.26666666666666666,271.9324,0.26666666666666666,239.9706,0.20000000000000004,334.4281,0.26666666666666666,270.1406,0.26666666666666666,232.5771
AtrialFibrillation,4,4396.8939,success,0.26666666666666666,521.3981,0.26666666666666666,407.6985,0.26666666666666666,417.8153,0.26666666666666666,575.7584,0.26666666666666666,439.768,0.26666666666666666,370.4516,0.26666666666666666,326.0685,0.3333333333333333,274.6042,0.26666666666666666,242.9289,0.26666666666666666,336.8699,0.3333333333333333,237.311,0.26666666666666666,196.2013
BasicMotions,0,1916.1683,success,0.7509157509157509,205.5667,0.7509157509157509,179.6398,0.7765567765567765,181.0706,0.7509157509157509,205.4964,0.7509157509157509,180.0749,0.7765567765567765,179.1638,0.7014652014652015,129.9705,0.7252747252747254,115.1385,0.7252747252747254,117.3683,0.7014652014652015,130.1125,0.7252747252747254,115.3971,0.7252747252747254,116.3376
BasicMotions,1,2022.7393,success,0.7234432234432235,217.4652,0.7728937728937728,190.5149,0.7234432234432235,189.978,0.7234432234432235,218.4289,0.7728937728937728,189.7744,0.7234432234432235,190.0131,0.7234432234432235,137.9602,0.7234432234432235,120.7251,0.6996336996336995,122.1154,0.7234432234432235,138.181,0.7234432234432235,121.2524,0.6996336996336995,123.7365
BasicMotions,2,2040.1034,success,0.7728937728937728,217.7601,0.7490842490842491,191.2015,0.7490842490842491,194.4518,0.7728937728937728,218.5297,0.7490842490842491,190.2739,0.7490842490842491,194.7256,0.7490842490842491,138.1466,0.7728937728937728,122.2322,0.7490842490842491,126.8778,0.7490842490842491,138.0883,0.7728937728937728,122.5685,0.7490842490842491,123.3932
BasicMotions,3,1917.0261,success,0.8260073260073261,218.1946,0.8260073260073261,174.5302,0.7985347985347985,174.9849,0.8260073260073261,200.5985,0.8260073260073261,174.6172,0.7985347985347985,175.1845,0.8003663003663003,132.5392,0.8003663003663003,117.1442,0.7490842490842491,118.6205,0.8003663003663003,134.921,0.8003663003663003,117.332,0.7490842490842491,118.4746
BasicMotions,4,2153.9331,success,0.6996336996336995,246.7207,0.6483516483516483,220.898,0.6483516483516484,220.6451,0.6996336996336995,251.7347,0.6483516483516483,220.0493,0.6483516483516484,212.7854,0.7252747252747254,135.9294,0.6758241758241758,117.6256,0.6483516483516483,117.7415,0.7252747252747254,133.3728,0.6758241758241758,117.1129,0.6483516483516483,119.0142
Cricket,0,18051.2119,success,0.9537037037037036,3292.5295,0.9537037037037036,2696.526,0.9351851851851851,1874.7488,0.9537037037037036,1579.0703,0.9537037037037036,1410.5307,0.9351851851851851,1318.5301,0.9722222222222223,919.3722,0.9722222222222222,906.0257,0.9814814814814815,922.8446,0.9722222222222223,918.6591,0.9722222222222222,906.5069,0.9814814814814815,922.4723
Cricket,1,17846.2179,success,0.9351851851851851,3360.3458,0.9351851851851851,2688.2807,0.9351851851851851,1812.6963,0.9351851851851851,1547.7768,0.9351851851851851,1366.9985,0.9351851851851851,1322.6643,0.9444444444444443,928.1631,0.9444444444444443,884.1444,0.9351851851851851,900.2224,0.9444444444444443,895.2804,0.9444444444444443,883.7118,0.9351851851851851,901.2796
Cricket,2,17446.6673,success,0.9444444444444443,3125.7751,0.9629629629629629,2382.5312,0.9537037037037036,1917.9859,0.9444444444444443,1555.5925,0.9629629629629629,1404.2892,0.9537037037037036,1291.8282,0.9814814814814815,904.7109,1.0,890.8473,0.9814814814814815,906.6381,0.9814814814814815,899.9258,1.0,889.6036,0.9814814814814815,905.7298
Cricket,3,17583.783,success,0.9351851851851851,3202.0629,0.9444444444444443,2250.0512,0.9444444444444443,1966.4125,0.9351851851851851,1588.7705,0.9444444444444443,1401.5485,0.9444444444444443,1330.5892,0.9537037037037036,937.331,0.9537037037037037,901.1391,0.9629629629629629,912.7902,0.9537037037037036,907.8343,0.9537037037037037,895.5275,0.9629629629629629,912.6928
Cricket,4,17667.5908,success,0.9907407407407408,3255.9081,0.9814814814814815,2480.5505,0.9814814814814815,1823.7061,0.9907407407407408,1563.9093,0.9814814814814815,1392.7949,0.9814814814814815,1309.8242,1.0,918.6917,0.9907407407407408,904.782,1.0,921.3364,1.0,915.3502,0.9907407407407408,903.461,1.0,918.3063
Epilepsy,0,2987.4145,success,0.7668276972624799,289.6056,0.8033816425120772,299.3436,0.8028985507246377,299.4486,0.7668276972624799,288.5265,0.8033816425120772,285.6438,0.8028985507246377,274.6457,0.8033816425120772,184.5511,0.7959742351046698,192.258,0.8177133655394525,197.3633,0.8033816425120772,191.6573,0.7959742351046698,199.2884,0.8177133655394525,201.5409
Epilepsy,1,2937.363,success,0.788244766505636,256.3912,0.7811594202898551,266.9302,0.803059581320451,283.7167,0.788244766505636,267.2932,0.7811594202898551,291.4882,0.803059581320451,293.435,0.788244766505636,201.1606,0.8099838969404187,194.0226,0.8173913043478261,191.6164,0.788244766505636,190.5273,0.8099838969404187,206.7055,0.8173913043478261,208.2585
Epilepsy,2,2876.5542,success,0.7148148148148148,243.9674,0.6782608695652175,251.5999,0.7146537842190016,290.0216,0.7148148148148148,283.0928,0.6782608695652175,283.9221,0.7146537842190016,275.9163,0.7223832528180353,188.3677,0.7222222222222222,196.5507,0.7148148148148148,197.516,0.7223832528180353,190.9236,0.7222222222222222,197.3373,0.7148148148148148,197.3486
Epilepsy,3,2887.5674,success,0.8035426731078905,278.2697,0.7816425120772946,288.7699,0.7962962962962963,282.8921,0.8035426731078905,256.4061,0.7816425120772946,267.9715,0.7962962962962963,265.5613,0.7888888888888889,189.4232,0.7959742351046698,192.9137,0.7961352657004831,194.0142,0.7888888888888889,189.4587,0.7959742351046698,192.9186,0.7961352657004831,194.2196
Epilepsy,4,2777.0897,success,0.7814814814814816,240.3168,0.7813204508856684,248.6266,0.774074074074074,247.945,0.7814814814814816,244.0226,0.7813204508856684,271.6944,0.774074074074074,273.2312,0.7887278582930758,183.0969,0.7668276972624799,196.6058,0.7668276972624799,199.5537,0.7887278582930758,193.105,0.7668276972624799,198.9469,0.7668276972624799,199.4278
ERing,0,1033.6451,success,0.8666666666666667,113.9532,0.9,102.8139,0.8666666666666667,97.0829,0.8666666666666667,112.5504,0.9,101.3311,0.8666666666666667,96.3576,0.9,72.1065,0.9,65.4697,0.9,62.1719,0.9,65.6018,0.9,59.4888,0.9,56.0676
ERing,1,919.0361,success,0.8666666666666667,101.734,0.9,90.6945,0.9,85.0519,0.8666666666666667,100.412,0.9,90.4054,0.9,86.7543,0.9,61.9562,0.9,56.6361,0.9333333333333332,53.8841,0.9,62.0172,0.9,56.9527,0.9333333333333332,53.8782
ERing,2,1003.6122,success,0.9,108.2551,0.8666666666666667,97.9435,0.8666666666666667,93.5043,0.9,113.623,0.8666666666666667,102.3609,0.8666666666666667,94.5694,0.8666666666666667,67.0821,0.9333333333333332,61.236,0.9333333333333332,58.5659,0.8666666666666667,66.6356,0.9333333333333332,61.6035,0.9333333333333332,58.5431
ERing,3,1002.3301,success,0.9,106.4519,0.8666666666666667,98.4586,0.9,93.1478,0.9,108.9436,0.8666666666666667,98.9852,0.9,92.8089,0.9,69.03,0.9333333333333332,62.6304,0.9333333333333332,59.4596,0.9,68.8341,0.9333333333333332,62.9621,0.9333333333333332,60.3783
ERing,4,867.7907,success,0.8666666666666666,93.6909,0.8666666666666667,84.7141,0.8333333333333334,79.5591,0.8666666666666666,93.5958,0.8666666666666667,84.7401,0.8333333333333334,79.6412,0.8333333333333334,61.3288,0.9,54.6893,0.8666666666666666,51.8045,0.8333333333333334,59.5357,0.9,54.7862,0.8666666666666666,51.9531
FingerMovements,0,7671.7823,success,0.6139862234201857,929.9774,0.6013477088948788,924.1428,0.5949685534591195,924.0493,0.6139862234201857,813.0536,0.6013477088948788,764.0473,0.5949685534591195,562.8733,0.6297993411200958,492.184,0.6172207247678946,433.764,0.6171308775082359,427.6582,0.6297993411200958,415.2042,0.6172207247678946,407.9348,0.6171308775082359,384.8423
FingerMovements,1,7700.5749,success,0.5664270739742437,912.8167,0.5949386043725666,914.6735,0.5760407307577119,933.2086,0.5664270739742437,907.2074,0.5949386043725666,768.5256,0.5760407307577119,584.4447,0.5727463312368973,439.3006,0.5760706798442649,437.6907,0.5759209344115004,426.9459,0.5727463312368973,414.6875,0.5760706798442649,385.5204,0.5759209344115004,374.9353
FingerMovements,2,7574.2984,success,0.566397124887691,945.9505,0.5917640011979635,920.6809,0.5887091943695717,891.8618,0.566397124887691,768.9758,0.5917640011979635,787.5464,0.5887091943695717,547.8967,0.5790955375861037,443.7517,0.5759508834980532,443.1757,0.5886193471099131,431.8829,0.5790955375861037,417.7267,0.5759508834980532,392.7284,0.5886193471099131,376.1009
FingerMovements,3,7414.2113,success,0.6328241988619348,925.3603,0.6232704402515723,937.3212,0.6106319257262653,928.957,0.6328241988619348,721.0692,0.6232704402515723,552.8221,0.6106319257262653,567.2325,0.6138364779874214,441.9306,0.6295896975142258,443.4233,0.6169511829889188,436.913,0.6138364779874214,426.1815,0.6295896975142258,421.4607,0.6169511829889188,394.0226
FingerMovements,4,7725.9124,success,0.6108116202455826,950.5217,0.5949685534591195,922.7477,0.5728361784965559,922.3081,0.6108116202455826,891.5454,0.5949685534591195,770.1289,0.5728361784965559,652.7875,0.5949985025456724,431.9031,0.6044025157232704,431.2262,0.601287810721773,415.1467,0.5949985025456724,397.0743,0.6044025157232704,373.7036,0.601287810721773,367.0353
HandMovementDirection,0,11946.0163,success,0.405427440018635,1787.1272,0.405427440018635,1798.87,0.4118332168646634,1361.767,0.405427440018635,1067.2043,0.405427440018635,1051.1725,0.4118332168646634,957.1915,0.42452830188679247,655.1199,0.3997204751921733,620.717,0.3807360819939436,602.6569,0.42452830188679247,576.2314,0.3997204751921733,594.8062,0.3807360819939436,602.938
HandMovementDirection,1,11843.3416,success,0.37502911716748194,1747.6843,0.3372932681108782,1900.7696,0.41905427440018633,1359.0981,0.37502911716748194,1054.0558,0.3372932681108782,996.3794,0.41905427440018633,926.3579,0.38760773351968325,646.0681,0.39378057302585606,600.2823,0.41229909154437455,585.8037,0.38760773351968325,557.1442,0.39378057302585606,572.2119,0.41229909154437455,580.7619
HandMovementDirection,2,12044.1544,success,0.39412997903563946,1839.4291,0.43792219892848827,1846.5541,0.3937805730258561,1505.7117,0.39412997903563946,1037.836,0.43792219892848827,999.6077,0.3937805730258561,917.9985,0.38784067085953877,622.3207,0.38784067085953877,604.1749,0.3751455858374097,591.4425,0.38784067085953877,573.0934,0.38784067085953877,588.3516,0.3751455858374097,596.0075
HandMovementDirection,3,11586.0052,success,0.3936641043559283,1823.9455,0.4185883997204751,1720.7048,0.4064756580479851,1143.4606,0.3936641043559283,1079.7139,0.4185883997204751,1021.5873,0.4064756580479851,945.3671,0.4248777078965758,659.6621,0.43139995341253207,612.5875,0.4188213370603308,593.6725,0.4248777078965758,560.7388,0.43139995341253207,576.8777,0.4188213370603308,583.6833
HandMovementDirection,4,11562.9889,success,0.4063591893780574,1809.071,0.38749126484975543,1753.554,0.375029117167482,1119.8212,0.4063591893780574,1058.7418,0.38749126484975543,1004.7522,0.375029117167482,929.3258,0.3938970416957838,654.5287,0.39983694386210106,605.6054,0.40624272070812956,590.1456,0.3938970416957838,559.2761,0.39983694386210106,575.0231,0.40624272070812956,582.3556
Handwriting,0,3194.4742,success,0.22,324.623,0.22666666666666668,314.6301,0.22,319.9662,0.22,320.2482,0.22666666666666668,324.418,0.22,322.8647,0.24,248.1029,0.22,249.4161,0.24,238.2424,0.24,150.173,0.22,153.2281,0.24,154.8534
Handwriting,1,3092.1823,success,0.24666666666666667,305.4987,0.20000000000000004,309.7852,0.19333333333333336,330.8121,0.24666666666666667,326.2945,0.20000000000000004,328.6053,0.19333333333333336,285.9919,0.2333333333333333,237.5154,0.24666666666666667,237.5371,0.21333333333333335,193.0422,0.2333333333333333,148.5914,0.24666666666666667,150.8951,0.21333333333333335,152.4272
Handwriting,2,3213.6796,success,0.21999999999999997,325.7787,0.19999999999999998,339.4287,0.20666666666666667,342.7839,0.21999999999999997,337.579,0.19999999999999998,341.8314,0.20666666666666667,340.6659,0.24666666666666667,259.4999,0.24666666666666667,171.529,0.24,154.8267,0.24666666666666667,149.249,0.24666666666666667,151.9679,0.24,187.0841
Handwriting,3,3553.5056,success,0.23333333333333336,317.0911,0.25333333333333335,321.0579,0.26,321.4813,0.23333333333333336,332.5115,0.25333333333333335,339.8574,0.26,339.8028,0.26,216.7342,0.26666666666666666,250.9497,0.2333333333333333,254.3028,0.26,245.8916,0.26666666666666666,248.2219,0.2333333333333333,248.2231
Handwriting,4,3353.3801,success,0.22,300.632,0.19999999999999998,303.1889,0.22666666666666668,306.3782,0.22,322.7074,0.19999999999999998,303.0634,0.22666666666666668,320.4429,0.24666666666666667,240.5982,0.22666666666666666,222.2103,0.2333333333333333,233.6671,0.24666666666666667,247.6393,0.22666666666666666,251.0593,0.2333333333333333,229.2788
Libras,0,637.2266,success,0.7611111111111111,55.1491,0.75,56.3615,0.7444444444444445,56.4784,0.7611111111111111,55.1002,0.75,56.4894,0.7444444444444445,56.3937,0.7611111111111111,45.0472,0.7555555555555555,46.4345,0.7611111111111111,46.9976,0.7611111111111111,45.0311,0.7555555555555555,46.2951,0.7611111111111111,46.869
Libras,1,658.6893,success,0.8111111111111112,57.2807,0.8166666666666668,58.6297,0.8111111111111112,58.8909,0.8111111111111112,58.3113,0.8166666666666668,58.7135,0.8111111111111112,58.739,0.8166666666666668,46.424,0.8222222222222223,47.9682,0.8111111111111112,48.4363,0.8166666666666668,47.1476,0.8222222222222223,48.0041,0.8111111111111112,48.3766
Libras,2,677.3128,success,0.7722222222222221,60.4255,0.7722222222222223,61.6694,0.7833333333333333,61.497,0.7722222222222221,60.3326,0.7722222222222223,61.7086,0.7833333333333333,61.4903,0.7944444444444444,48.3691,0.7833333333333333,49.3152,0.7888888888888889,49.6891,0.7944444444444444,48.0499,0.7833333333333333,47.6475,0.7888888888888889,46.5016
Libras,3,669.8555,success,0.8222222222222223,56.9875,0.8222222222222223,58.1654,0.8111111111111112,60.0455,0.8222222222222223,57.7825,0.8222222222222223,60.3338,0.8111111111111112,60.1632,0.7999999999999999,47.4423,0.8111111111111112,49.0286,0.8111111111111112,49.232,0.7999999999999999,48.248,0.8111111111111112,48.517,0.8111111111111112,49.138
Libras,4,657.1609,success,0.7944444444444444,59.3175,0.811111111111111,57.8119,0.8166666666666668,58.1351,0.7944444444444444,56.6621,0.811111111111111,58.0314,0.8166666666666668,57.9144,0.7888888888888889,46.1806,0.8055555555555555,47.591,0.8055555555555555,49.1053,0.7888888888888889,46.4669,0.8055555555555555,47.6749,0.8055555555555555,48.0417
LSST,0,15599.6278,success,0.5506278725790921,2285.275,0.5502213685140515,1869.8775,0.5514408807091734,1411.2589,0.5506278725790921,1297.0479,0.5502213685140515,1171.0944,0.5514408807091734,1052.693,0.5575439014463405,1013.9744,0.5542883945322971,1017.1912,0.5530718603889336,993.8242,0.5575439014463405,986.064,0.5542883945322971,983.1087,0.5530718603889336,986.825
LSST,1,15318.1282,success,0.5559188778700974,2373.3645,0.5555084030693787,1599.7733,0.5473723656650485,1415.6951,0.5559188778700974,1284.5935,0.5555084030693787,1167.0306,0.5473723656650485,1063.0809,0.5607924595729473,981.3313,0.5498138717650912,980.663,0.555915403476379,981.0867,0.5607924595729473,978.4575,0.5498138717650912,980.6525,0.555915403476379,980.3635
LSST,2,15579.3047,success,0.5453453051014027,2346.5362,0.5526623782721344,1928.1089,0.550634325024569,1392.914,0.5453453051014027,1264.1914,0.5526623782721344,1149.4225,0.550634325024569,1034.1041,0.5522608376266913,1006.2672,0.5559223522638157,1012.4763,0.5551078551078551,982.9125,0.5522608376266913,975.7129,0.5559223522638157,977.6248,0.5551078551078551,978.784
LSST,3,15464.4283,success,0.5526613855882149,2375.0827,0.5502169014364137,1686.4354,0.54859287054409,1409.4469,0.5526613855882149,1257.9231,0.5502169014364137,1167.1911,0.54859287054409,1061.6247,0.5563204185155405,1021.4083,0.5542898835581763,1014.74,0.5579469311176629,990.8046,0.5563204185155405,984.6275,0.5542898835581763,982.1349,0.5579469311176629,982.9389
LSST,4,15204.3945,success,0.5461588095734438,2242.7325,0.55185582258753,1473.8508,0.5469747957552836,1412.7798,0.5461588095734438,1325.4339,0.55185582258753,1178.9389,0.5469747957552836,1072.8884,0.5534773717700546,1008.3753,0.5510408290896096,1014.1249,0.5465618392447661,996.7321,0.5534773717700546,980.7963,0.5510408290896096,981.504,0.5465618392447661,982.0537
NATOPS,0,4641.0141,success,0.8388888888888889,537.5474,0.8333333333333334,545.1963,0.8444444444444444,543.6126,0.8388888888888889,526.4271,0.8333333333333334,457.9964,0.8444444444444444,418.741,0.8555555555555556,246.8784,0.8722222222222222,252.1505,0.8777777777777778,253.4376,0.8555555555555556,244.9639,0.8722222222222222,251.4128,0.8777777777777778,252.7376
NATOPS,1,4904.9224,success,0.7944444444444444,546.8383,0.8000000000000002,620.9982,0.8055555555555557,610.9051,0.7944444444444444,561.9676,0.8000000000000002,552.549,0.8055555555555557,399.9139,0.8388888888888889,245.7172,0.8666666666666667,251.5976,0.8777777777777778,255.9623,0.8388888888888889,244.9984,0.8666666666666667,251.9002,0.8777777777777778,252.1358
NATOPS,2,5008.3814,success,0.8666666666666667,553.9467,0.8722222222222222,558.7912,0.8722222222222222,600.29,0.8666666666666667,562.2014,0.8722222222222222,552.8768,0.8722222222222222,539.9746,0.8944444444444444,282.0416,0.9055555555555556,251.1354,0.9055555555555554,253.1285,0.8944444444444444,244.848,0.9055555555555556,250.4069,0.9055555555555554,250.6676
NATOPS,3,4391.1112,success,0.8444444444444444,534.9644,0.8611111111111112,543.2303,0.8666666666666667,535.7538,0.8444444444444444,449.6751,0.8611111111111112,349.2133,0.8666666666666667,344.9224,0.8611111111111112,246.8625,0.8611111111111112,254.0867,0.8666666666666667,252.0479,0.8611111111111112,244.4263,0.8611111111111112,249.4058,0.8666666666666667,250.8079
NATOPS,4,4458.9017,success,0.7999999999999999,560.6157,0.7944444444444444,627.9636,0.8055555555555557,513.3502,0.7999999999999999,376.4056,0.7944444444444444,358.1441,0.8055555555555557,356.8374,0.8277777777777778,261.2473,0.8333333333333334,256.9714,0.8333333333333334,270.2372,0.8277777777777778,250.4211,0.8333333333333334,256.7028,0.8333333333333334,257.7565
PenDigits,0,3278.8363,success,0.9943955164131305,302.2318,0.9945289564985321,303.09,0.9942620763277289,303.1161,0.9943955164131305,301.5801,0.9945289564985321,298.154,0.9942620763277289,293.3583,0.9951961569255404,316.953,0.9951961569255404,219.3401,0.9950627168401387,210.554,0.9951961569255404,207.8705,0.9951961569255404,206.5697,0.9950627168401387,205.8565
PenDigits,1,3195.9711,success,0.9949292767547372,301.6929,0.9946623965839337,299.3965,0.9946623965839337,299.9204,0.9949292767547372,298.126,0.9946623965839337,295.5929,0.9946623965839337,293.9374,0.9951961569255404,252.1077,0.9949292767547372,214.821,0.995329597010942,210.4183,0.9951961569255404,207.8532,0.9949292767547372,206.825,0.995329597010942,206.576
PenDigits,2,3320.8036,success,0.9943955164131305,301.6603,0.9939951961569257,301.7116,0.9943955164131305,302.2419,0.9943955164131305,300.9348,0.9939951961569257,297.4844,0.9943955164131305,294.7256,0.9938617560715238,231.2368,0.9946623965839337,213.4136,0.9937283159861222,212.5279,0.9938617560715238,285.1048,0.9946623965839337,263.1168,0.9937283159861222,207.3527
PenDigits,3,3329.4622,success,0.9949292767547372,304.7295,0.9951961569255404,303.8234,0.9947958366693355,304.2286,0.9949292767547372,298.3788,0.9951961569255404,295.1503,0.9947958366693355,291.7673,0.9954630370963438,318.1974,0.9955964771817453,276.9493,0.9959967974379503,207.999,0.9954630370963438,206.4839,0.9955964771817453,206.2668,0.9959967974379503,206.3098
PenDigits,4,3126.8391,success,0.9949292767547372,301.4236,0.9950627168401388,301.7066,0.9946623965839337,302.1436,0.9949292767547372,284.4778,0.9950627168401388,199.6742,0.9946623965839337,206.1833,0.9950627168401387,275.1457,0.9947958366693355,211.3337,0.9942620763277289,209.0246,0.9950627168401387,205.6705,0.9947958366693355,205.4352,0.9942620763277289,280.1594
RacketSports,0,864.5052,success,0.8145098039215686,80.064,0.8410457516339869,81.486,0.8477124183006536,79.289,0.8145098039215686,78.1105,0.8410457516339869,79.1271,0.8477124183006536,79.196,0.8145098039215686,58.5936,0.8210457516339869,59.5872,0.8078431372549019,60.1783,0.8145098039215686,58.4011,0.8210457516339869,59.4145,0.8078431372549019,59.9844
RacketSports,1,873.4266,success,0.8611764705882353,79.3152,0.8414379084967321,80.8513,0.854640522875817,81.2917,0.8611764705882353,79.4907,0.8414379084967321,80.9341,0.854640522875817,81.8715,0.8347712418300653,59.6102,0.834640522875817,60.6614,0.8413071895424836,61.2665,0.8347712418300653,60.0145,0.834640522875817,53.0078,0.8413071895424836,61.6792
RacketSports,2,896.9699,success,0.8142483660130718,80.7067,0.8143790849673204,84.6762,0.8011764705882353,83.6864,0.8142483660130718,80.9471,0.8143790849673204,83.6632,0.8011764705882353,85.0255,0.8343790849673202,60.9607,0.8277124183006536,62.0196,0.8143790849673204,62.6935,0.8343790849673202,60.8005,0.8277124183006536,63.1512,0.8143790849673204,60.9706
RacketSports,3,895.1224,success,0.7813071895424836,84.0052,0.794640522875817,86.5269,0.7813071895424836,87.5247,0.7813071895424836,83.9493,0.794640522875817,85.8269,0.7813071895424836,80.9012,0.834640522875817,60.957,0.821437908496732,60.2051,0.794640522875817,60.6879,0.834640522875817,58.9884,0.821437908496732,59.9447,0.794640522875817,60.2449
RacketSports,4,945.6229,success,0.7815686274509804,85.9064,0.7616993464052287,88.3797,0.7550326797385619,89.0398,0.7815686274509804,85.9195,0.7616993464052287,88.6138,0.7550326797385619,88.988,0.8081045751633987,64.1833,0.8213071895424836,65.9037,0.7949019607843137,67.7587,0.8081045751633987,63.7652,0.8213071895424836,64.7089,0.7949019607843137,65.2617
StandWalkJump,0,17062.2418,success,0.3333333333333333,3195.4728,0.25,2019.3705,0.25,1555.9133,0.3333333333333333,1755.9302,0.25,1476.4631,0.25,1271.9832,0.25,1017.082,0.25,873.9225,0.25,773.5304,0.25,1015.9775,0.25,871.1534,0.25,770.6518
StandWalkJump,1,17099.6527,success,0.25,3323.7249,0.25,1964.5742,0.25,1524.0229,0.25,1734.7644,0.25,1447.4203,0.25,1284.1425,0.25,1021.5162,0.25,877.0236,0.25,775.9957,0.25,1021.9396,0.25,877.1426,0.25,775.9164
StandWalkJump,2,16968.3556,success,0.08333333333333333,2959.4143,0.16666666666666666,2040.0963,0.16666666666666666,1554.5381,0.08333333333333333,1793.0764,0.16666666666666666,1462.0765,0.16666666666666666,1294.722,0.16666666666666666,1042.9949,0.16666666666666666,894.5053,0.16666666666666666,792.1804,0.16666666666666666,1041.519,0.16666666666666666,900.0414,0.16666666666666666,797.1481
StandWalkJump,3,17117.1883,success,0.25,3333.294,0.25,1970.3147,0.25,1517.6377,0.25,1750.0289,0.25,1483.8059,0.25,1270.2868,0.25,1016.6176,0.25,876.4984,0.25,772.883,0.25,1015.3984,0.25,870.9976,0.25,772.2717
StandWalkJump,4,16817.6066,success,0.16666666666666666,2871.7809,0.3333333333333333,2061.701,0.3333333333333333,1553.645,0.16666666666666666,1769.6934,0.3333333333333333,1458.8307,0.3333333333333333,1287.8966,0.25,1038.3034,0.3333333333333333,892.6903,0.16666666666666666,788.6594,0.25,1034.8507,0.3333333333333333,886.6755,0.16666666666666666,784.7455
UWaveGestureLibrary,0,3202.9498,success,0.8250000000000001,397.1122,0.8249999999999998,328.601,0.8249999999999998,392.6862,0.8250000000000001,335.2684,0.8249999999999998,249.6263,0.8249999999999998,278.6605,0.85,280.6554,0.8416666666666667,197.7202,0.8333333333333334,174.7013,0.85,161.2254,0.8416666666666667,167.5619,0.8333333333333334,171.056
UWaveGestureLibrary,1,2920.7228,success,0.8249999999999998,388.6787,0.8249999999999998,303.115,0.8249999999999998,385.5838,0.8249999999999998,262.8892,0.8249999999999998,247.0499,0.8249999999999998,245.9623,0.8416666666666667,163.794,0.85,170.7501,0.8583333333333334,173.9832,0.8416666666666667,163.1693,0.85,170.3626,0.8583333333333334,173.6148
UWaveGestureLibrary,2,3132.4123,success,0.8083333333333332,423.7597,0.8333333333333334,391.2252,0.8250000000000001,424.5838,0.8083333333333332,273.7965,0.8333333333333334,264.851,0.8250000000000001,272.8864,0.8583333333333334,163.2988,0.8583333333333334,170.2238,0.8583333333333334,173.1809,0.8583333333333334,162.668,0.8583333333333334,169.8854,0.8583333333333334,173.2479
UWaveGestureLibrary,3,3234.2527,success,0.8666666666666666,422.0809,0.875,399.1683,0.875,392.7023,0.8666666666666666,371.3826,0.875,333.0504,0.875,240.6716,0.8833333333333333,161.5283,0.8833333333333333,168.5924,0.8916666666666666,171.9713,0.8833333333333333,161.2388,0.8833333333333333,168.6419,0.8916666666666666,171.9431
UWaveGestureLibrary,4,3261.6721,success,0.8666666666666667,369.4611,0.8666666666666667,377.0713,0.8416666666666667,374.2621,0.8666666666666667,355.0494,0.8666666666666667,362.6458,0.8416666666666667,325.1432,0.875,165.2661,0.875,172.1122,0.8833333333333333,175.445,0.875,165.2945,0.875,172.1965,0.8833333333333333,175.0234
